상가업소번호,상호명,지점명,상권업종대분류코드,상권업종대분류명,상권업종중분류코드,상권업종중분류명,상권업종소분류코드,상권업종소분류명,표준산업분류코드,표준산업분류명,시도코드,시도명,시군구코드,시군구명,행정동코드,행정동명,법정동코드,법정동명,지번코드,대지구분코드,대지구분명,지번본번지,지번부번지,지번주소,도로명코드,도로명,건물본번지,건물부번지,건물관리번호,건물명,도로명주소,구우편번호,신우편번호,동정보,층정보,호정보,경도,위도
MA010120220811193153,하카타,,I2,음식,I210,기타 간이,I21007,김밥/만두/분식,I56194,김밥 및 기타 간이 음식점업,11,서울특별시,11230,동대문구,11230710,회기동,1123010800,회기동,1123010800103460016,1,대지,346,16,서울특별시 동대문구 회기동 346-16,112304115022,서울특별시 동대문구 경희대로4길,72,,1123010800103460016010798,,서울특별시 동대문구 경희대로4길 72,130881,02452,,1,,127.056274068509,37.591220646524
MA010120220803651154,GS25경희의대점,,G2,소매,G204,종합 소매,G20405,편의점,G47122,체인화 편의점,11,서울특별시,11230,동대문구,11230710,회기동,1123010800,회기동,1123010800100030004,1,대지,3,4,서울특별시 동대문구 회기동 3-4,112304115696,서울특별시 동대문구 회기로23가길,21,,1123010800100030003010507,,서울특별시 동대문구 회기로23가길 21,130872,02453,,1,,127.054225449105,37.5923208156691
MA010120220812289674,벤첸트,,I2,음식,I212,비알코올 ,I21201,카페,I56221,커피 전문점,11,서울특별시,11230,동대문구,11230710,회기동,1123010800,회기동,1123010800100450100,1,대지,45,100,서울특별시 동대문구 회기동 45-100,112304115695,서울특별시 동대문구 회기로21길,8,8,1123010800100450100010739,,서울특별시 동대문구 회기로21길 8-8,130872,02453,,1,,127.053398342189,37.5915733694265
MA010120220804354249,파파니,,G2,소매,G218,장식품 소매,G21802,기념품점,G47842,기념품; 관광 민예품 및 장식용품 소매업,11,서울특별시,11230,동대문구,11230710,회기동,1123010800,회기동,1123010800100450061,1,대지,45,61,서울특별시 동대문구 회기동 45-61,112303105020,서울특별시 동대문구 회기로,155,1,1123010800100450061010827,,서울특별시 동대문구 회기로 155-1,130872,02453,,1,,127.053669739985,37.5910867106256
MA010120220803043607,굿갓,,I2,음식,I204,서양식,I20401,경양식,I56123,서양식 음식점업,11,서울특별시,11230,동대문구,11230710,회기동,1123010800,회기동,1123010800100160023,1,대지,16,23,서울특별시 동대문구 회기동 16-23,112304115693,서울특별시 동대문구 회기로19길,12,,1123010800100160023010624,,서울특별시 동대문구 회기로19길 12,130872,02453,,1,,127.052979756287,37.592078113561
MA010120220809617349,보이스스토리,,R1,예술·스포츠,R102,도서관·사적지,R10202,독서실/스터디 카페,R90212,독서실 운영업,11,서울특별시,11230,동대문구,11230710,회기동,1123010800,회기동,1123010800100600055,1,대지,60,55,서울특별시 동대문구 회기동 60-55,112304115019,서울특별시 동대문구 경희대로1길,15,,1123010800100600055010674,,서울특별시 동대문구 경희대로1길 15,130872,02454,,1,,127.051247102964,37.5917094718451
MA010120220803923880,일미기사식당,,I2,음식,I201,한식,I20101,백반/한정식,I56111,한식 일반 음식점업,11,서울특별시,11230,동대문구,11230710,회기동,1123010800,회기동,1123010800100600267,1,대지,60,267,서울특별시 동대문구 회기동 60-267,112303105020,서울특별시 동대문구 회기로,105,,1123010800100600267011413,,서울특별시 동대문구 회기로 105,130872,02455,,1,,127.04809934725,37.591692776708
MA010120220803713915,주리화점,,G2,소매,G209,섬유·의복·신발 소매,G20910,신발 소매업,G47430,신발 소매업,11,서울특별시,11230,동대문구,11230710,회기동,1123010800,회기동,1123010800100450049,1,대지,45,49,서울특별시 동대문구 회기동 45-49,112303105020,서울특별시 동대문구 회기로,149,,1123010800100450049041174,,서울특별시 동대문구 회기로 149,130872,02453,,,,127.053058619833,37.5915194631066
MA010120220800094276,서진공인중개사사무소,,L1,부동산,L102,부동산 서비스,L10203,부동산 중개/대리업,L68221,부동산 중개 및 대리업,11,서울특별시,11230,동대문구,11230710,회기동,1123010800,회기동,1123010800100670003,1,대지,67,3,서울특별시 동대문구 회기동 67-3,112303105010,서울특별시 동대문구 이문로,3,,1123010800100670003010591,민족통일엠제이캠퍼스경희대,서울특별시 동대문구 이문로 3,130872,02461,,1,,127.05367931555,37.5886540271259
MA010120220808643998,헤이즐넛버터,,I2,음식,I210,기타 간이,I21001,빵/도넛,I56191,제과점업,11,서울특별시,11230,동대문구,11230710,회기동,1123010800,회기동,1123010800100420080,1,대지,42,80,서울특별시 동대문구 회기동 42-80,112304115021,서울특별시 동대문구 경희대로3길,27,,1123010800100420080000001,마이바움회기,서울특별시 동대문구 경희대로3길 27,130872,02454,,1,,127.050987397279,37.5927637448681
MA010120220810029680,삼성공인중개사사무소,,L1,부동산,L102,부동산 서비스,L10203,부동산 중개/대리업,L68221,부동산 중개 및 대리업,11,서울특별시,11230,동대문구,11230710,회기동,1123010800,회기동,1123010800100760001,1,대지,76,1,서울특별시 동대문구 회기동 76-1,112303105020,서울특별시 동대문구 회기로,172,,1123010800100760001011098,,서울특별시 동대문구 회기로 172,130872,02460,,1,,127.055073133836,37.5902391315429
MA010120220800475497,광덕안정한의원회기점,,Q1,보건의료,Q102,의원,Q10211,한의원,Q86203,한의원,11,서울특별시,11230,동대문구,11230710,회기동,1123010800,회기동,1123010800103460007,1,대지,346,7,서울특별시 동대문구 회기동 346-7,112303105010,서울특별시 동대문구 이문로,29,,1123010800103460007011069,외,서울특별시 동대문구 이문로 29,130881,02452,,3,,127.055933711864,37.5903198161727
MA010120220800533106,대한에너지,,M1,과학·기술,M109,기술 서비스,M10999,기타 엔지니어링 서비스업,M72129,기타 엔지니어링 서비스업,11,서울특별시,11230,동대문구,11230710,회기동,1123010800,회기동,1123010800101100012,1,대지,110,12,서울특별시 동대문구 회기동 110-12,112304115021,서울특별시 동대문구 경희대로3길,64,4,1123010800101100012010243,,서울특별시 동대문구 경희대로3길 64-4,130873,02454,,지,,127.049935377556,37.5942868706543
MA010120220809696613,포토이즘박스경희점,,M1,과학·기술,M113,사진 촬영,M11301,사진촬영업,S96999,그 외 기타 달리 분류되지 않은 개인 서비스업,11,서울특별시,11230,동대문구,11230710,회기동,1123010800,회기동,1123010800103460020,1,대지,346,20,서울특별시 동대문구 회기동 346-20,112303105020,서울특별시 동대문구 회기로,171,,1123010800103460020010584,,서울특별시 동대문구 회기로 171,130881,02452,,,,127.055050701004,37.5905274595091
MA010120220811873444,심쿵피어싱회기점,,G2,소매,G209,섬유·의복·신발 소매,G20907,액세서리/잡화 소매업,G47422,의복 액세서리 및 모조 장신구 소매업,11,서울특별시,11230,동대문구,11230710,회기동,1123010800,회기동,1123010800100450073,1,대지,45,73,서울특별시 동대문구 회기동 45-73,112303105020,서울특별시 동대문구 회기로,151,2,1123010800100450073010706,,서울특별시 동대문구 회기로 151-2,130872,02453,,1,,127.053398155506,37.5913120818203
MA010120220812619222,으뜸플러스경희대점,,G2,소매,G216,안경·정밀기기 소매,G21602,안경렌즈 소매업,G47822,안경 및 렌즈 소매업,11,서울특별시,11230,동대문구,11230710,회기동,1123010800,회기동,1123010800100450054,1,대지,45,54,서울특별시 동대문구 회기동 45-54,112303105020,서울특별시 동대문구 회기로,148,,1123010800100450054010288,,서울특별시 동대문구 회기로 148,130872,02459,,2,,127.052718840768,37.5913844665499
MA010120220803613688,자매분식,,I2,음식,I210,기타 간이,I21007,김밥/만두/분식,I56111,한식 일반 음식점업,11,서울특별시,11230,동대문구,11230710,회기동,1123010800,회기동,1123010800100420068,1,대지,42,68,서울특별시 동대문구 회기동 42-68,112304115018,서울특별시 동대문구 경희대로1가길,15,,1123010800100420068010535,,서울특별시 동대문구 경희대로1가길 15,130872,02454,,,,127.051394875849,37.5925473300966
MA010120220803646813,경희문화사,,N1,시설관리·임대,N107,사무 지원,N10703,복사업,N75912,복사업,11,서울특별시,11230,동대문구,11230710,회기동,1123010800,회기동,1123010800100600096,1,대지,60,96,서울특별시 동대문구 회기동 60-96,112303105020,서울특별시 동대문구 회기로,125,,1123010800100600093011418,,서울특별시 동대문구 회기로 125,130872,02454,,2,,127.050533704366,37.5916196802275
MA010120220803731313,경희대안경원,,G2,소매,G216,안경·정밀기기 소매,G21602,안경렌즈 소매업,G47822,안경 및 렌즈 소매업,11,서울특별시,11230,동대문구,11230710,회기동,1123010800,회기동,1123010800100010005,1,대지,1,5,서울특별시 동대문구 회기동 1-5,112303105002,서울특별시 동대문구 경희대로,23,,1123010800100010005041218,종합강의동구내안경원,서울특별시 동대문구 경희대로 23,130701,02447,,,,127.050738976836,37.593772962698
MA010120220803630281,팔당닭발,,I2,음식,I211,주점,I21104,요리 주점,I56219,기타 주점업,11,서울특별시,11230,동대문구,11230710,회기동,1123010800,회기동,1123010800100420050,1,대지,42,50,서울특별시 동대문구 회기동 42-50,112304115019,서울특별시 동대문구 경희대로1길,8,17,1123010800100420050011403,,서울특별시 동대문구 경희대로1길 8-17,130872,02454,,,,127.051836445787,37.5925110973228
MA010120220809930865,네일엔;향,,S2,수리·개인,S207,이용·미용,S20703,네일숍,S96119,기타 미용업,11,서울특별시,11230,동대문구,11230710,회기동,1123010800,회기동,1123010800100620004,1,대지,62,4,서울특별시 동대문구 회기동 62-4,112304115702,서울특별시 동대문구 회기로26길,12,,1123010800100620004041187,한빛벨루체,서울특별시 동대문구 회기로26길 12,130872,02460,,1,,127.05439377147,37.5902304366448
MA010120220805006705,비엠아이씨,,P1,교육,P106,기타 교육,P10629,그 외 기타 교육기관,P85699,그 외 기타 분류 안된 교육기관,11,서울특별시,11230,동대문구,11230710,회기동,1123010800,회기동,1123010800100360002,1,대지,36,2,서울특별시 동대문구 회기동 36-2,112303105002,서울특별시 동대문구 경희대로,23,,1123010800100010005041218,삼의원창업센터,서울특별시 동대문구 경희대로 23,130872,02447,,,,127.050738976836,37.593772962698
MA010120220811719349,오리,,I2,음식,I211,주점,I21104,요리 주점,I56219,기타 주점업,11,서울특별시,11230,동대문구,11230710,회기동,1123010800,회기동,1123010800100450049,1,대지,45,49,서울특별시 동대문구 회기동 45-49,112303105020,서울특별시 동대문구 회기로,149,,1123010800100450049041174,,서울특별시 동대문구 회기로 149,130872,02453,,1,,127.053058619833,37.5915194631066
MA010120220803722133,경희안경,,G2,소매,G216,안경·정밀기기 소매,G21602,안경렌즈 소매업,G47822,안경 및 렌즈 소매업,11,서울특별시,11230,동대문구,11230710,회기동,1123010800,회기동,1123010800103460013,1,대지,346,13,서울특별시 동대문구 회기동 346-13,112303105010,서울특별시 동대문구 이문로,41,,1123010800103460013010777,,서울특별시 동대문구 이문로 41,130881,02452,,1,,127.05656849398,37.5912655553886
MA010120220803641996,경희빨래방,,S2,수리·개인,S209,세탁,S20902,셀프 빨래방,S96912,가정용 세탁업,11,서울특별시,11230,동대문구,11230710,회기동,1123010800,회기동,1123010800101090088,1,대지,109,88,서울특별시 동대문구 회기동 109-88,112304115021,서울특별시 동대문구 경희대로3길,35,,1123010800101090088011497,,서울특별시 동대문구 경희대로3길 35,130873,02454,,1,,127.050376114263,37.5929982652215
MA010120220810800395,영천선비,,I2,음식,I201,한식,I20107,돼지고기 구이/찜,I56113,한식 육류 요리 전문점,11,서울특별시,11230,동대문구,11230710,회기동,1123010800,회기동,1123010800100600042,1,대지,60,42,서울특별시 동대문구 회기동 60-42,112303105020,서울특별시 동대문구 회기로,137,,1123010800100600042010752,일부,서울특별시 동대문구 회기로 137,130872,02454,,1,,127.051779119455,37.5914839916532
MA010120220803713809,경희미용,,S2,수리·개인,S207,이용·미용,S20701,미용실,S96112,두발 미용업,11,서울특별시,11230,동대문구,11230710,회기동,1123010800,회기동,1123010800100600136,1,대지,60,136,서울특별시 동대문구 회기동 60-136,112304115686,서울특별시 동대문구 회기로12길,6,,1123010800100600136011333,,서울특별시 동대문구 회기로12길 6,130872,02457,,,,127.049661566858,37.5911965841279
MA010120220813848747,팬텀뮤직,,N1,시설관리·임대,N104,고용 알선,N10402,임시/일용 인력 공급업,N75121,임시 및 일용 인력 공급업,11,서울특별시,11230,동대문구,11230710,회기동,1123010800,회기동,1123010800101100005,1,대지,110,5,서울특별시 동대문구 회기동 110-5,112304115021,서울특별시 동대문구 경희대로3길,64,1,1123010800101100005011415,,서울특별시 동대문구 경희대로3길 64-1,130873,02454,,,,127.0499012154,37.5939985677788
MA010120220813003493,연희김밥경희대점,,I2,음식,I210,기타 간이,I21007,김밥/만두/분식,I56194,김밥 및 기타 간이 음식점업,11,서울특별시,11230,동대문구,11230710,회기동,1123010800,회기동,1123010800100540015,1,대지,54,15,서울특별시 동대문구 회기동 54-15,112304115022,서울특별시 동대문구 경희대로4길,60,,1123010800100540015010261,,서울특별시 동대문구 경희대로4길 60,130872,02452,,1,,127.055470280647,37.591392215492
MA010120220803661839,샹그라,,I2,음식,I202,중식,I20201,중국집,I56121,중식 음식점업,11,서울특별시,11230,동대문구,11230710,회기동,1123010800,회기동,1123010800100390003,1,대지,39,3,서울특별시 동대문구 회기동 39-3,112303105002,서울특별시 동대문구 경희대로,19,,1123010800100390003010328,,서울특별시 동대문구 경희대로 19,130872,02454,,2,,127.052448516941,37.5934118187397
MA010120220802943822,경학교육,,P1,교육,P107,교육 지원,P10799,기타 교육지원 서비스업,P85709,기타 교육지원 서비스업,11,서울특별시,11230,동대문구,11230710,회기동,1123010800,회기동,1123010800100450070,1,대지,45,70,서울특별시 동대문구 회기동 45-70,112303105020,서울특별시 동대문구 회기로,153,,1123010800100450070010776,,서울특별시 동대문구 회기로 153,130872,02453,,2,,127.053477363248,37.5912399665955
MA010120220814220955,솔리드웍스,,I2,음식,I212,비알코올 ,I21201,카페,I56221,커피 전문점,11,서울특별시,11230,동대문구,11230710,회기동,1123010800,회기동,1123010800100620001,1,대지,62,1,서울특별시 동대문구 회기동 62-1,112304115702,서울특별시 동대문구 회기로26길,6,,1123010800100620001011110,,서울특별시 동대문구 회기로26길 6,130872,02460,,1,,127.054495648552,37.5901943499642
MA010120220803713972,뉴아트전기,,G2,소매,G212,기타 생활용품 소매,G21201,전기용품/조명장치 소매업,G47591,전기용품 및 조명장치 소매업,11,서울특별시,11230,동대문구,11230710,회기동,1123010800,회기동,1123010800100650073,1,대지,65,73,서울특별시 동대문구 회기동 65-73,112304115342,서울특별시 동대문구 이문로1길,25,,1123010800100650073011365,,서울특별시 동대문구 이문로1길 25,130872,02461,,,,127.052853229463,37.5892850946048
MA010120220810536519,광고나라,,M1,과학·기술,M114,인쇄·제품제작,M11401,명함/간판/광고물 제작,C33910,간판 및 광고물 제조업,11,서울특별시,11230,동대문구,11230710,회기동,1123010800,회기동,1123010800100450052,1,대지,45,52,서울특별시 동대문구 회기동 45-52,112303105020,서울특별시 동대문구 회기로,158,,1123010800100450052010913,,서울특별시 동대문구 회기로 158,130872,02460,,2,,127.053499731417,37.5908525298574
MA010120220803885812,풀블러드,,I2,음식,I203,일식,I20301,일식 회/초밥,I56122,일식 음식점업,11,서울특별시,11230,동대문구,11230710,회기동,1123010800,회기동,1123010800100420057,1,대지,42,57,서울특별시 동대문구 회기동 42-57,112304115018,서울특별시 동대문구 경희대로1가길,12,,1123010800100420057010562,,서울특별시 동대문구 경희대로1가길 12,130872,02454,,2,,127.051609862516,37.5923309982354
MA010120220803612883,싼타나,,I2,음식,I211,주점,I21104,요리 주점,I56219,기타 주점업,11,서울특별시,11230,동대문구,11230710,회기동,1123010800,회기동,1123010800100760001,1,대지,76,1,서울특별시 동대문구 회기동 76-1,112303105020,서울특별시 동대문구 회기로,172,,1123010800100760001011098,,서울특별시 동대문구 회기로 172,130872,02460,,2,,127.055073133836,37.5902391315429
MA010120220800563191,두-꺼비포차1924,,I2,음식,I211,주점,I21104,요리 주점,I56219,기타 주점업,11,서울특별시,11230,동대문구,11230710,회기동,1123010800,회기동,1123010800100420043,1,대지,42,43,서울특별시 동대문구 회기동 42-43,112304115019,서울특별시 동대문구 경희대로1길,10,,1123010800100420043010655,,서울특별시 동대문구 경희대로1길 10,130872,02454,,2,,127.051677463579,37.5918444330076
MA010120220801664375,아리따움경희대점,,G2,소매,G215,의약·화장품 소매,G21503,화장품 소매업,G47813,화장품; 비누 및 방향제 소매업,11,서울특별시,11230,동대문구,11230710,회기동,1123010800,회기동,1123010800100360006,1,대지,36,6,서울특별시 동대문구 회기동 36-6,112303105002,서울특별시 동대문구 경희대로,22,,1123010800100360006010332,,서울특별시 동대문구 경희대로 22,130872,02453,,1,,127.052867496317,37.5934476714876
MA010120220803669602,이프로의도시어부,,I2,음식,I201,한식,I20111,횟집,I56114,한식 해산물 요리 전문점,11,서울특별시,11230,동대문구,11230710,회기동,1123010800,회기동,1123010800100420082,1,대지,42,82,서울특별시 동대문구 회기동 42-82,112304115019,서울특별시 동대문구 경희대로1길,8,18,1123010800100420082010260,회기동복합빌딩,서울특별시 동대문구 경희대로1길 8-18,130872,02454,,1,,127.052074177335,37.5924389133279
MA010120220803657603,사시미래,,I2,음식,I203,일식,I20301,일식 회/초밥,I56122,일식 음식점업,11,서울특별시,11230,동대문구,11230710,회기동,1123010800,회기동,1123010800103460014,1,대지,346,14,서울특별시 동대문구 회기동 346-14,112304115022,서울특별시 동대문구 경희대로4길,76,,1123010800103460014011325,,서울특별시 동대문구 경희대로4길 76,130881,02452,,2,,127.056455252849,37.5912475897648
MA010120220803652020,회기공인중개사사무소,,L1,부동산,L102,부동산 서비스,L10203,부동산 중개/대리업,L68221,부동산 중개 및 대리업,11,서울특별시,11230,동대문구,11230710,회기동,1123010800,회기동,1123010800100450056,1,대지,45,56,서울특별시 동대문구 회기동 45-56,112303105020,서울특별시 동대문구 회기로,159,,1123010800100450056010692,,서울특별시 동대문구 회기로 159,130872,02452,,1,,127.053907380747,37.5908973939901
MA010120220807569059,렌즈미경희대점,,G2,소매,G216,안경·정밀기기 소매,G21602,안경렌즈 소매업,G47822,안경 및 렌즈 소매업,11,서울특별시,11230,동대문구,11230710,회기동,1123010800,회기동,1123010800100160055,1,대지,16,55,서울특별시 동대문구 회기동 16-55,112303105002,서울특별시 동대문구 경희대로,4,,1123010800100160055010649,,서울특별시 동대문구 경희대로 4,130872,02453,,1,,127.05252672094,37.5919071275674
MA010120220813723430,그린유통기업경희의료원점,,G2,소매,G204,종합 소매,G20404,슈퍼마켓,G47129,기타 음ㆍ식료품 위주 종합 소매업,11,서울특별시,11230,동대문구,11230710,회기동,1123010800,회기동,1123010800100010000,1,대지,1,,서울특별시 동대문구 회기동 1,112303105002,서울특별시 동대문구 경희대로,23,,1123010800100010005041218,경희의료원,서울특별시 동대문구 경희대로 23,130702,02447,,2,,127.050738976836,37.593772962698
MA010120220803346506,우애돈카츠,,I2,음식,I202,중식,I20201,중국집,I56121,중식 음식점업,11,서울특별시,11230,동대문구,11230710,회기동,1123010800,회기동,1123010800100420060,1,대지,42,60,서울특별시 동대문구 회기동 42-60,112304115018,서울특별시 동대문구 경희대로1가길,8,,1123010800100420060010620,스페이스플러스,서울특별시 동대문구 경희대로1가길 8,130872,02454,,1,,127.051541751047,37.592078750258
MA010120220812550081,그대쉴꽃,,I2,음식,I212,비알코올 ,I21201,카페,I56221,커피 전문점,11,서울특별시,11230,동대문구,11230710,회기동,1123010800,회기동,1123010800100160096,1,대지,16,96,서울특별시 동대문구 회기동 16-96,112304115693,서울특별시 동대문구 회기로19길,6,,1123010800100160096041171,,서울특별시 동대문구 회기로19길 6,130872,02453,,2,,127.052866342702,37.591816876744
MA010120220809615036,드림디포경희대,2호점,G2,소매,G213,오락용품 소매,G21302,문구/회화용품 소매업,G46452,문구용품; 회화용품; 사무용품 도매업,11,서울특별시,11230,동대문구,11230710,회기동,1123010800,회기동,1123010800100360026,1,대지,36,26,서울특별시 동대문구 회기동 36-26,112304115021,서울특별시 동대문구 경희대로3길,2,,1123010800100360026010462,전체,서울특별시 동대문구 경희대로3길 2,130872,02454,,,,127.052357477834,37.5927631450708
MA010120220803611725,인캐나다,,G2,소매,G209,섬유·의복·신발 소매,G20905,기타 의류 소매업,G47414,셔츠 및 블라우스 소매업,11,서울특별시,11230,동대문구,11230710,회기동,1123010800,회기동,1123010800100760002,1,대지,76,2,서울특별시 동대문구 회기동 76-2,112303105020,서울특별시 동대문구 회기로,170,1,1123010800100760001011144,,서울특별시 동대문구 회기로 170-1,130872,02460,,,,127.054925966563,37.5902752398054
MA010120220810382089,봉추찜닭,,I2,음식,I201,한식,I20110,닭/오리고기 구이/찜,I56111,한식 일반 음식점업,11,서울특별시,11230,동대문구,11230710,회기동,1123010800,회기동,1123010800100160032,1,대지,16,32,서울특별시 동대문구 회기동 16-32,112304115693,서울특별시 동대문구 회기로19길,17,,1123010800100160032010558,,서울특별시 동대문구 회기로19길 17,130872,02453,,1,,127.052832762721,37.5923664968625
MA010120220805962985,신식당,,I2,음식,I201,한식,I20107,돼지고기 구이/찜,I56113,한식 육류 요리 전문점,11,서울특별시,11230,동대문구,11230710,회기동,1123010800,회기동,1123010800100600059,1,대지,60,59,서울특별시 동대문구 회기동 60-59,112304115689,서울특별시 동대문구 회기로13길,6,,1123010800100600059010671,,서울특별시 동대문구 회기로13길 6,130872,02454,,1,,127.051065943997,37.5917185602807
MA010120220806339381,베이프클럽,,G2,소매,G207,담배 소매,G20701,담배/전자담배 소매업,G47222,담배 소매업,11,서울특별시,11230,동대문구,11230710,회기동,1123010800,회기동,1123010800103460006,1,대지,346,6,서울특별시 동대문구 회기동 346-6,112303105010,서울특별시 동대문구 이문로,31,,1123010800103460006011051,일부,서울특별시 동대문구 이문로 31,130881,02452,,1,,127.055979069781,37.5904098938892
MA010120220813772261,메모아르,,I2,음식,I212,비알코올 ,I21201,카페,I56221,커피 전문점,11,서울특별시,11230,동대문구,11230710,회기동,1123010800,회기동,1123010800100450105,1,대지,45,105,서울특별시 동대문구 회기동 45-105,112303105020,서울특별시 동대문구 회기로,156,,1123010800100450105010895,,서울특별시 동대문구 회기로 156,130872,02460,,2,,127.053375239737,37.5909336755092
MA010120220803406080,난바우동회기점,,I2,음식,I203,일식,I20303,일식 면 요리,I56112,한식 면 요리 전문점,11,서울특별시,11230,동대문구,11230710,회기동,1123010800,회기동,1123010800100160073,1,대지,16,73,서울특별시 동대문구 회기동 16-73,112303105002,서울특별시 동대문구 경희대로,9,,1123010800100160073010552,,서울특별시 동대문구 경희대로 9,130872,02454,,2,,127.052255312725,37.5923937836802
MA010120220803713916,새경희약국,,G2,소매,G215,의약·화장품 소매,G21501,약국,G47811,의약품 및 의료용품 소매업,11,서울특별시,11230,동대문구,11230710,회기동,1123010800,회기동,1123010800100420015,1,대지,42,15,서울특별시 동대문구 회기동 42-15,112304115018,서울특별시 동대문구 경희대로1가길,27,,1123010800100420015010421,,서울특별시 동대문구 경희대로1가길 27,130872,02454,,1,,127.051485813229,37.5930608558109
MA010120220811655487,쇼후,,I2,음식,I202,중식,I20201,중국집,I56121,중식 음식점업,11,서울특별시,11230,동대문구,11230710,회기동,1123010800,회기동,1123010800101030150,1,대지,103,150,서울특별시 동대문구 회기동 103-150,112304115687,서울특별시 동대문구 회기로12나길,7,,1123010800101030150011521,명칭없음,서울특별시 동대문구 회기로12나길 7,130873,02458,,,,127.049513935467,37.5905389218887
MA010120220803684061,학교법인경희학원,,S2,수리·개인,S210,장례식장 ,S21001,장례식장,S96921,장례식장 및 장의관련 서비스업,11,서울특별시,11230,동대문구,11230710,회기동,1123010800,회기동,1123010800100010005,1,대지,1,5,서울특별시 동대문구 회기동 1-5,112303105002,서울특별시 동대문구 경희대로,23,,1123010800100010005041218,,서울특별시 동대문구 경희대로 23,130701,02447,,,,127.050738976836,37.593772962698
MA010120220803618221,배스킨라빈스３１,,I2,음식,I210,기타 간이,I21008,아이스크림/빙수,I56194,김밥 및 기타 간이 음식점업,11,서울특별시,11230,동대문구,11230710,회기동,1123010800,회기동,1123010800100160048,1,대지,16,48,서울특별시 동대문구 회기동 16-48,112304115022,서울특별시 동대문구 경희대로4길,2,,1123010800100160048010385,,서울특별시 동대문구 경희대로4길 2,130872,02453,,,,127.052674330752,37.5924927065365
MA010120220803182041,언제나봄스튜디오,,M1,과학·기술,M113,사진 촬영,M11301,사진촬영업,M73301,인물 사진 및 행사용 영상 촬영업,11,서울특별시,11230,동대문구,11230710,회기동,1123010800,회기동,1123010800100620006,1,대지,62,6,서울특별시 동대문구 회기동 62-6,112304115702,서울특별시 동대문구 회기로26길,14,,1123010800100620006041425,,서울특별시 동대문구 회기로26길 14,130872,02460,,3,,127.054303210344,37.5902575081096
MA010120220808267524,보이스스토리2,,R1,예술·스포츠,R104,유원지·오락,R10407,노래방,R91223,노래 연습장 운영업,11,서울특별시,11230,동대문구,11230710,회기동,1123010800,회기동,1123010800101050033,1,대지,105,33,서울특별시 동대문구 회기동 105-33,112303105020,서울특별시 동대문구 회기로,134,1,1123010800101050033011332,,서울특별시 동대문구 회기로 134-1,130873,02459,,지,,127.051416622946,37.5912408822618
MA010120220808370741,도훈고기집,,I2,음식,I201,한식,I20107,돼지고기 구이/찜,I56111,한식 일반 음식점업,11,서울특별시,11230,동대문구,11230710,회기동,1123010800,회기동,1123010800100160001,1,대지,16,1,서울특별시 동대문구 회기동 16-1,112304115695,서울특별시 동대문구 회기로21길,29,,1123010800100160001010229,,서울특별시 동대문구 회기로21길 29,130872,02453,,1,,127.053150047955,37.5927087313262
MA010120220814156219,인생소곱창,,I2,음식,I201,한식,I20109,곱창 전골/구이,I56113,한식 육류 요리 전문점,11,서울특별시,11230,동대문구,11230710,회기동,1123010800,회기동,1123010800100160006,1,대지,16,6,서울특별시 동대문구 회기동 16-6,112304115695,서울특별시 동대문구 회기로21길,9,,1123010800100160006010648,,서울특별시 동대문구 회기로21길 9,130872,02453,,1,,127.053058894882,37.5919068895414
MA010120220812243773,3POPPC방경희대점,,R1,예술·스포츠,R104,유원지·오락,R10406,PC방,R91222,컴퓨터 게임방 운영업,11,서울특별시,11230,동대문구,11230710,회기동,1123010800,회기동,1123010800100420046,1,대지,42,46,서울특별시 동대문구 회기동 42-46,112304115019,서울특별시 동대문구 경희대로1길,8,11,1123010800100420046011475,,서울특별시 동대문구 경희대로1길 8-11,130872,02454,,1,,127.051734302309,37.592168765213
MA010120220800151324,회기주짓수,,P1,교육,P106,기타 교육,P10605,레크리에이션 교육기관,P85613,레크리에이션 교육기관,11,서울특별시,11230,동대문구,11230710,회기동,1123010800,회기동,1123010800100160029,1,대지,16,29,서울특별시 동대문구 회기동 16-29,112304115693,서울특별시 동대문구 회기로19길,11,,1123010800100160029010607,,서울특별시 동대문구 회기로19길 11,130872,02453,,2,,127.052775995423,37.5921502841992
MA010120220812249489,타이인플레이트,,I2,음식,I204,서양식,I20401,경양식,I56123,서양식 음식점업,11,서울특별시,11230,동대문구,11230710,회기동,1123010800,회기동,1123010800100750000,1,대지,75,,서울특별시 동대문구 회기동 75,112303105010,서울특별시 동대문구 이문로,17,26,1123010800100750000011157,,서울특별시 동대문구 이문로 17-26,130872,02460,,1,,127.054699349671,37.5900500969842
MA010120220803724719,학교법인경희학원,,P1,교육,P107,교육 지원,P10799,기타 교육지원 서비스업,P85709,기타 교육지원 서비스업,11,서울특별시,11230,동대문구,11230710,회기동,1123010800,회기동,1123010800100010005,1,대지,1,5,서울특별시 동대문구 회기동 1-5,112303105002,서울특별시 동대문구 경희대로,26,,1123010800100010003041260,경희대학교,서울특별시 동대문구 경희대로 26,130701,02447,,,,127.054883375636,37.593951306684
MA010120220809785382,여기에사진관,,M1,과학·기술,M113,사진 촬영,M11301,사진촬영업,M73301,인물 사진 및 행사용 영상 촬영업,11,서울특별시,11230,동대문구,11230710,회기동,1123010800,회기동,1123010800100450115,1,대지,45,115,서울특별시 동대문구 회기동 45-115,112304115697,서울특별시 동대문구 회기로23길,8,,1123010800100450115010757,,서울특별시 동대문구 회기로23길 8,130872,02452,,1,,127.054122662048,37.591104523656
MA010120220813598773,투코인바버샵,,S2,수리·개인,S207,이용·미용,S20701,미용실,S96111,이용업,11,서울특별시,11230,동대문구,11230710,회기동,1123010800,회기동,1123010800101050009,1,대지,105,9,서울특별시 동대문구 회기동 105-9,112303105020,서울특별시 동대문구 회기로,130,,1123010800101050009010710,,서울특별시 동대문구 회기로 130,130873,02459,,1,,127.050952414798,37.5912771232452
MA010120220814265147,맛닭꼬경희대점,,I2,음식,I210,기타 간이,I21006,치킨,I56193,치킨 전문점,11,서울특별시,11230,동대문구,11230710,회기동,1123010800,회기동,1123010800100420098,1,대지,42,98,서울특별시 동대문구 회기동 42-98,112304115019,서울특별시 동대문구 경희대로1길,3,,1123010800100420098010733,,서울특별시 동대문구 경희대로1길 3,130872,02454,,1,,127.051926390791,37.5915920459995
MA010120220806886981,노랑통닭경희대점,,I2,음식,I210,기타 간이,I21006,치킨,I56193,치킨 전문점,11,서울특별시,11230,동대문구,11230710,회기동,1123010800,회기동,1123010800100600051,1,대지,60,51,서울특별시 동대문구 회기동 60-51,112304115019,서울특별시 동대문구 경희대로1길,13,,1123010800100600051010343,,서울특별시 동대문구 경희대로1길 13,130872,02454,,1,,127.051360318783,37.5916914027952
MA010120220800839797,백소정경희대점,,I2,음식,I203,일식,I20301,일식 회/초밥,I56122,일식 음식점업,11,서울특별시,11230,동대문구,11230710,회기동,1123010800,회기동,1123010800100330001,1,대지,33,1,서울특별시 동대문구 회기동 33-1,112303105002,서울특별시 동대문구 경희대로,20,,1123010800100030080010155,,서울특별시 동대문구 경희대로 20,130872,02453,,2,,127.052912724857,37.5933575520468
MA010120220803696787,세븐일레븐경희대,제일점,G2,소매,G204,종합 소매,G20405,편의점,G47129,기타 음ㆍ식료품 위주 종합 소매업,11,서울특별시,11230,동대문구,11230710,회기동,1123010800,회기동,1123010800100420062,1,대지,42,62,서울특별시 동대문구 회기동 42-62,112304115018,서울특별시 동대문구 경희대로1가길,4,,1123010800100420062010222,힐링빌,서울특별시 동대문구 경희대로1가길 4,130872,02454,,1,,127.051485000116,37.5918805567945
MA010120220814112242,얼음왕국아이스크림회기동30,3호점,G2,소매,G204,종합 소매,G20404,슈퍼마켓,G47216,빵류; 과자류 및 당류 소매업,11,서울특별시,11230,동대문구,11230710,회기동,1123010800,회기동,1123010800100810000,1,대지,81,,서울특별시 동대문구 회기동 81,112303105020,서울특별시 동대문구 회기로,176,,1123010800100810000041190,,서울특별시 동대문구 회기로 176,130872,02460,,1,,127.05537874381,37.5901038397212
MA010120220802547452,경희고황약국,,G2,소매,G215,의약·화장품 소매,G21501,약국,G47811,의약품 및 의료용품 소매업,11,서울특별시,11230,동대문구,11230710,회기동,1123010800,회기동,1123010800101080015,1,대지,108,15,서울특별시 동대문구 회기동 108-15,112303105002,서울특별시 동대문구 경희대로,17,,1123010800101080015011355,,서울특별시 동대문구 경희대로 17,130873,02454,,1,,127.05244833989,37.5931595411261
MA010120220813292892,올인원아이스크림,,G2,소매,G205,식료품 소매,G20507,아이스크림 할인점,G47216,빵류; 과자류 및 당류 소매업,11,서울특별시,11230,동대문구,11230710,회기동,1123010800,회기동,1123010800100610009,1,대지,61,9,서울특별시 동대문구 회기동 61-9,112303105020,서울특별시 동대문구 회기로,164,1,1123010800100610020000001,,서울특별시 동대문구 회기로 164-1,130872,02460,,,,127.054280715644,37.5904647466621
MA010120220806030491,경희메디칼약국,,G2,소매,G215,의약·화장품 소매,G21501,약국,G47811,의약품 및 의료용품 소매업,11,서울특별시,11230,동대문구,11230710,회기동,1123010800,회기동,1123010800100360003,1,대지,36,3,서울특별시 동대문구 회기동 36-3,112303105002,서울특별시 동대문구 경희대로,24,,1123010800100360003041252,,서울특별시 동대문구 경희대로 24,130872,02453,,1,,127.052856338918,37.5936819343302
MA010120220805147225,규범곱창,,I2,음식,I201,한식,I20109,곱창 전골/구이,I56111,한식 일반 음식점업,11,서울특별시,11230,동대문구,11230710,회기동,1123010800,회기동,1123010800100450105,1,대지,45,105,서울특별시 동대문구 회기동 45-105,112303105020,서울특별시 동대문구 회기로,156,,1123010800100450105010895,,서울특별시 동대문구 회기로 156,130872,02460,,1,,127.053375239737,37.5909336755092
MA010120220806585081,한우사랑,,G2,소매,G205,식료품 소매,G20503,정육점,G47212,육류 소매업,11,서울특별시,11230,동대문구,11230710,회기동,1123010800,회기동,1123010800101030314,1,대지,103,314,서울특별시 동대문구 회기동 103-314,112304115686,서울특별시 동대문구 회기로12길,10,,1123010800101030288011361,,서울특별시 동대문구 회기로12길 10,130873,02457,,1,,127.049695379324,37.5909623119493
MA010120220808957683,메이드밍,,G2,소매,G209,섬유·의복·신발 소매,G20902,여성 의류 소매업,G47412,여자용 겉옷 소매업,11,서울특별시,11230,동대문구,11230710,회기동,1123010800,회기동,1123010800100450099,1,대지,45,99,서울특별시 동대문구 회기동 45-99,112304115695,서울특별시 동대문구 회기로21길,8,10,1123010800100450099010743,,서울특별시 동대문구 회기로21길 8-10,130872,02453,,1,,127.053466253201,37.5915372990032
MA010120220807751725,에스제이통번역센터,,M1,과학·기술,M115,기타 전문 과학,M11502,번역/통역 서비스업,M73902,번역 및 통역 서비스업,11,서울특별시,11230,동대문구,11230710,회기동,1123010800,회기동,1123010800100540103,1,대지,54,103,서울특별시 동대문구 회기동 54-103,112304115022,서울특별시 동대문구 경희대로4길,46,6,1123010800100540103010345,,서울특별시 동대문구 경희대로4길 46-6,130872,02452,,1,,127.054598637871,37.5916809393503
MA010120220808295710,뻥샵,,G2,소매,G204,종합 소매,G20404,슈퍼마켓,G47216,빵류; 과자류 및 당류 소매업,11,서울특별시,11230,동대문구,11230710,회기동,1123010800,회기동,1123010800100450057,1,대지,45,57,서울특별시 동대문구 회기동 45-57,112303105020,서울특별시 동대문구 회기로,161,,1123010800100450057010367,,서울특별시 동대문구 회기로 161,130872,02452,,1,,127.054020562128,37.5908342727962
MA010120220804581807,대현철물,,G2,소매,G210,철물·건설자재 소매,G21001,철물/공구 소매업,G47511,철물 및 난방용구 소매업,11,서울특별시,11230,동대문구,11230710,회기동,1123010800,회기동,1123010800101030003,1,대지,103,3,서울특별시 동대문구 회기동 103-3,112303105020,서울특별시 동대문구 회기로,126,,1123010800101030003010708,,서울특별시 동대문구 회기로 126,130873,02459,,1,,127.050476895607,37.5913313870819
MA010120220802952667,아인스,,I2,음식,I212,비알코올 ,I21201,카페,I56221,커피 전문점,11,서울특별시,11230,동대문구,11230710,회기동,1123010800,회기동,1123010800100160069,1,대지,16,69,서울특별시 동대문구 회기동 16-69,112303105002,서울특별시 동대문구 경희대로,5,,1123010800100160069010622,,서울특별시 동대문구 경희대로 5,130872,02454,,3,,127.052153180064,37.5920694717607
MA010120220812938980,경희우리약국,,G2,소매,G215,의약·화장품 소매,G21501,약국,G47811,의약품 및 의료용품 소매업,11,서울특별시,11230,동대문구,11230710,회기동,1123010800,회기동,1123010800100390004,1,대지,39,4,서울특별시 동대문구 회기동 39-4,112303105002,서울특별시 동대문구 경희대로,21,,1123010800100390003010322,,서울특별시 동대문구 경희대로 21,130872,02454,,,,127.052403300444,37.5935199578311
MA010120220813034019,후퉁리,,I2,음식,I205,동남아시아,I20501,베트남식 전문,I56129,기타 외국식 음식점업,11,서울특별시,11230,동대문구,11230710,회기동,1123010800,회기동,1123010800100420070,1,대지,42,70,서울특별시 동대문구 회기동 42-70,112304115021,서울특별시 동대문구 경희대로3길,17,,1123010800100420070010482,,서울특별시 동대문구 경희대로3길 17,130872,02454,,B1,,127.051440266863,37.5926914690215
MA010120220803362304,경희대41Vintage,,G2,소매,G209,섬유·의복·신발 소매,G20905,기타 의류 소매업,G47419,기타 의복 소매업,11,서울특별시,11230,동대문구,11230710,회기동,1123010800,회기동,1123010800100160048,1,대지,16,48,서울특별시 동대문구 회기동 16-48,112304115022,서울특별시 동대문구 경희대로4길,2,,1123010800100160048010385,,서울특별시 동대문구 경희대로4길 2,130872,02453,,B1,,127.052674330752,37.5924927065365
MA010120220804357836,자블라니,,G2,소매,G213,오락용품 소매,G21304,운동용품 소매업,G47631,운동 및 경기용품 소매업,11,서울특별시,11230,동대문구,11230710,회기동,1123010800,회기동,1123010800100720009,1,대지,72,9,서울특별시 동대문구 회기동 72-9,112303105010,서울특별시 동대문구 이문로,15,,1123010800100670007011267,,서울특별시 동대문구 이문로 15,130872,02460,,1,,127.054732848928,37.589410376927
MA010120220803624256,딩가노래방,,R1,예술·스포츠,R104,유원지·오락,R10407,노래방,R91223,노래 연습장 운영업,11,서울특별시,11230,동대문구,11230710,회기동,1123010800,회기동,1123010800100160052,1,대지,16,52,서울특별시 동대문구 회기동 16-52,112303105002,서울특별시 동대문구 경희대로,6,1,1123010800100160052010611,,서울특별시 동대문구 경희대로 6-1,130872,02453,,,,127.052606158464,37.5921593699355
MA010120220803684207,경희대학교소비자생활협동조합,,G2,소매,G204,종합 소매,G20404,슈퍼마켓,G47121,슈퍼마켓,11,서울특별시,11230,동대문구,11230710,회기동,1123010800,회기동,1123010800100010005,1,대지,1,5,서울특별시 동대문구 회기동 1-5,112303105002,서울특별시 동대문구 경희대로,26,6,1123010800100010005041290,경희대학교,서울특별시 동대문구 경희대로 26-6,130701,02453,,,,127.053218717214,37.5937358309964
MA010120220803683690,경희매니지먼트컴퍼니,,I2,음식,I212,비알코올 ,I21201,카페,I56221,커피 전문점,11,서울특별시,11230,동대문구,11230710,회기동,1123010800,회기동,1123010800100600113,1,대지,60,113,서울특별시 동대문구 회기동 60-113,112303105020,서울특별시 동대문구 회기로,111,,1123010800100600113010615,,서울특별시 동대문구 회기로 111,130872,02455,,1,,127.048812661253,37.591656444192
MA010120220803696908,해림복사실,,N1,시설관리·임대,N107,사무 지원,N10703,복사업,N75912,복사업,11,서울특별시,11230,동대문구,11230710,회기동,1123010800,회기동,1123010800100010005,1,대지,1,5,서울특별시 동대문구 회기동 1-5,112303105002,서울특별시 동대문구 경희대로,26,,1123010800100010003041260,,서울특별시 동대문구 경희대로 26,130701,02447,,1,,127.054883375636,37.593951306684
MA010120220804963788,츄로빈,,I2,음식,I212,비알코올 ,I21201,카페,I56221,커피 전문점,11,서울특별시,11230,동대문구,11230710,회기동,1123010800,회기동,1123010800100450074,1,대지,45,74,서울특별시 동대문구 회기동 45-74,112303105020,서울특별시 동대문구 회기로,151,,1123010800100450074011351,,서울특별시 동대문구 회기로 151,130872,02453,,,,127.053239694635,37.5913932426858
MA010120220803695151,도읍지,,I2,음식,I201,한식,I20101,백반/한정식,I56111,한식 일반 음식점업,11,서울특별시,11230,동대문구,11230710,회기동,1123010800,회기동,1123010800100290001,1,대지,29,1,서울특별시 동대문구 회기동 29-1,112304115695,서울특별시 동대문구 회기로21길,38,1,1123010800100290001010407,,서울특별시 동대문구 회기로21길 38-1,130872,02453,,,,127.053093689137,37.5930691534177
MA010120220803668464,신화쭈꾸미,,I2,음식,I201,한식,I20112,해산물 구이/찜,I56111,한식 일반 음식점업,11,서울특별시,11230,동대문구,11230710,회기동,1123010800,회기동,1123010800103460015,1,대지,346,15,서울특별시 동대문구 회기동 346-15,112304115022,서울특별시 동대문구 경희대로4길,74,,1123010800103460015010759,,서울특별시 동대문구 경희대로4길 74,130881,02452,,2,,127.056364602906,37.5911575338814
MA010120220812723263,디자인케이이유엠,,M1,과학·기술,M112,전문 디자인,M11201,인테리어 디자인업,M73201,인테리어 디자인업,11,서울특별시,11230,동대문구,11230710,회기동,1123010800,회기동,1123010800101050034,1,대지,105,34,서울특별시 동대문구 회기동 105-34,112303105020,서울특별시 동대문구 회기로,132,,1123010800101050034010782,,서울특별시 동대문구 회기로 132,130873,02459,,2,,127.051099573648,37.591223000104
MA010120220808027904,현대반점,,I2,음식,I202,중식,I20201,중국집,I56121,중식 음식점업,11,서울특별시,11230,동대문구,11230710,회기동,1123010800,회기동,1123010800100650000,1,대지,65,,서울특별시 동대문구 회기동 65,112304115342,서울특별시 동대문구 이문로1길,21,,1123010800100650000010212,청량리신현대아파트,서울특별시 동대문구 이문로1길 21,130792,02461,,2,,127.051563078983,37.5901686377073
MA010120220809303865,고기하다,,I2,음식,I201,한식,I20111,횟집,I56114,한식 해산물 요리 전문점,11,서울특별시,11230,동대문구,11230710,회기동,1123010800,회기동,1123010800100540016,1,대지,54,16,서울특별시 동대문구 회기동 54-16,112304115022,서울특별시 동대문구 경희대로4길,64,,1123010800100540016010702,,서울특별시 동대문구 경희대로4길 64,130872,02452,,1,,127.055640061849,37.591311046297
MA010120220803809246,우담,,I2,음식,I211,주점,I21104,요리 주점,I56219,기타 주점업,11,서울특별시,11230,동대문구,11230710,회기동,1123010800,회기동,1123010800101080020,1,대지,108,20,서울특별시 동대문구 회기동 108-20,112304115018,서울특별시 동대문구 경희대로1가길,39,,1123010800101080020010370,,서울특별시 동대문구 경희대로1가길 39,130873,02454,,,,127.052199226724,37.5931506416408
MA010120220806985092,미를굽다,,S2,수리·개인,S207,이용·미용,S20703,네일숍,S96119,기타 미용업,11,서울특별시,11230,동대문구,11230710,회기동,1123010800,회기동,1123010800100340001,1,대지,34,1,서울특별시 동대문구 회기동 34-1,112304115023,서울특별시 동대문구 경희대로6길,3,4,1123010800100340001010165,,서울특별시 동대문구 경희대로6길 3-4,130872,02453,,1,,127.053082705295,37.5935466839867
MA010120220807410296,빵빵스터디카페,,R1,예술·스포츠,R102,도서관·사적지,R10202,독서실/스터디 카페,R90212,독서실 운영업,11,서울특별시,11230,동대문구,11230710,회기동,1123010800,회기동,1123010800100160054,1,대지,16,54,서울특별시 동대문구 회기동 16-54,112303105002,서울특별시 동대문구 경희대로,4,1,1123010800100160054011422,,서울특별시 동대문구 경희대로 4-1,130872,02453,,6,,127.052560752854,37.5919972116139
MA010120220801614043,거복이식당,,I2,음식,I201,한식,I20107,돼지고기 구이/찜,I56113,한식 육류 요리 전문점,11,서울특별시,11230,동대문구,11230710,회기동,1123010800,회기동,1123010800100420006,1,대지,42,6,서울특별시 동대문구 회기동 42-6,112304115021,서울특별시 동대문구 경희대로3길,6,,1123010800100420006010456,,서울특별시 동대문구 경희대로3길 6,130872,02454,,1,,127.052176335321,37.5927992649576
MA010120220811923098,가수노래연습장,,R1,예술·스포츠,R104,유원지·오락,R10407,노래방,R91223,노래 연습장 운영업,11,서울특별시,11230,동대문구,11230710,회기동,1123010800,회기동,1123010800100600125,1,대지,60,125,서울특별시 동대문구 회기동 60-125,112303105020,서울특별시 동대문구 회기로,122,,1123010800100600125010699,,서울특별시 동대문구 회기로 122,130872,02459,,1,,127.050035301814,37.5913225651818
MA010120220806542804,이너프태닝회기점,,S2,수리·개인,S207,이용·미용,S20702,피부 관리실,S96113,피부 미용업,11,서울특별시,11230,동대문구,11230710,회기동,1123010800,회기동,1123010800100450106,1,대지,45,106,서울특별시 동대문구 회기동 45-106,112303105020,서울특별시 동대문구 회기로,154,,1123010800100450106010857,,서울특별시 동대문구 회기로 154,130872,02460,,3,,127.053250734948,37.5909968011925
MA010120220805022147,비하인드미,,I2,음식,I212,비알코올 ,I21201,카페,I56221,커피 전문점,11,서울특별시,11230,동대문구,11230710,회기동,1123010800,회기동,1123010800100600093,1,대지,60,93,서울특별시 동대문구 회기동 60-93,112303105020,서울특별시 동대문구 회기로,125,,1123010800100600093011418,제,서울특별시 동대문구 회기로 125,130872,02454,,2,,127.050533704366,37.5916196802275
MA010120220803655170,고기야미안해,,I2,음식,I201,한식,I20107,돼지고기 구이/찜,I56219,기타 주점업,11,서울특별시,11230,동대문구,11230710,회기동,1123010800,회기동,1123010800100110007,1,대지,11,7,서울특별시 동대문구 회기동 11-7,112304115022,서울특별시 동대문구 경희대로4길,20,,1123010800100110007041166,,서울특별시 동대문구 경희대로4길 20,130872,02453,,1,,127.053625270101,37.5922309906809
MA010120220803684917,세븐경희대４호점주,코리아,G2,소매,G204,종합 소매,G20405,편의점,G47122,체인화 편의점,11,서울특별시,11230,동대문구,11230710,회기동,1123010800,회기동,1123010800100600058,1,대지,60,58,서울특별시 동대문구 회기동 60-58,112303105020,서울특별시 동대문구 회기로,129,,1123010800100600058000001,,서울특별시 동대문구 회기로 129,130872,02454,,1,,127.050941306982,37.5915924752561
MA010120220812034351,꽃돼지무한삼겹,,I2,음식,I201,한식,I20107,돼지고기 구이/찜,I56113,한식 육류 요리 전문점,11,서울특별시,11230,동대문구,11230710,회기동,1123010800,회기동,1123010800100160029,1,대지,16,29,서울특별시 동대문구 회기동 16-29,112304115693,서울특별시 동대문구 회기로19길,11,,1123010800100160029010607,,서울특별시 동대문구 회기로19길 11,130872,02453,,1,,127.052775995423,37.5921502841992
MA010120220813130848,지에스25청량현대,,G2,소매,G204,종합 소매,G20405,편의점,G47122,체인화 편의점,11,서울특별시,11230,동대문구,11230710,회기동,1123010800,회기동,1123010800100650000,1,대지,65,,서울특별시 동대문구 회기동 65,112304115342,서울특별시 동대문구 이문로1길,21,,1123010800100650000010212,청량리신현대아파트,서울특별시 동대문구 이문로1길 21,130792,02461,,1,,127.051563078983,37.5901686377073
MA010120220803664953,푸른하늘,,I2,음식,I210,기타 간이,I21007,김밥/만두/분식,I56194,김밥 및 기타 간이 음식점업,11,서울특별시,11230,동대문구,11230710,회기동,1123010800,회기동,1123010800100340001,1,대지,34,1,서울특별시 동대문구 회기동 34-1,112304115023,서울특별시 동대문구 경희대로6길,3,4,1123010800100340001010165,,서울특별시 동대문구 경희대로6길 3-4,130872,02453,,,,127.053082705295,37.5935466839867
MA010120220803663491,라보떼헤어,,S2,수리·개인,S207,이용·미용,S20701,미용실,S96112,두발 미용업,11,서울특별시,11230,동대문구,11230710,회기동,1123010800,회기동,1123010800100450060,1,대지,45,60,서울특별시 동대문구 회기동 45-60,112303105020,서울특별시 동대문구 회기로,157,,1123010800100450060011348,,서울특별시 동대문구 회기로 157,130872,02453,,2,,127.053726314751,37.5910326253621
MA010120220803684082,시조사동중서회,,G2,소매,G213,오락용품 소매,G21301,서점,G47611,서적; 신문 및 잡지류 소매업,11,서울특별시,11230,동대문구,11230710,회기동,1123010800,회기동,1123010800100660001,1,대지,66,1,서울특별시 동대문구 회기동 66-1,112304115342,서울특별시 동대문구 이문로1길,11,,1123010700100010001000167,시조사,서울특별시 동대문구 이문로1길 11,130872,02461,,,,127.052410857774,37.5881500413615
MA010120220803697239,오뚝식당,,I2,음식,I201,한식,I20101,백반/한정식,I56111,한식 일반 음식점업,11,서울특별시,11230,동대문구,11230710,회기동,1123010800,회기동,1123010800100450094,1,대지,45,94,서울특별시 동대문구 회기동 45-94,112304115695,서울특별시 동대문구 회기로21길,8,18,1123010800100450094010189,,서울특별시 동대문구 회기로21길 8-18,130872,02453,,,,127.053839775581,37.5913569308091
MA010120220801679677,씨썬쌘드,,I2,음식,I211,주점,I21104,요리 주점,I56219,기타 주점업,11,서울특별시,11230,동대문구,11230710,회기동,1123010800,회기동,1123010800100420045,1,대지,42,45,서울특별시 동대문구 회기동 42-45,112304115019,서울특별시 동대문구 경희대로1길,8,7,1123010800100420045010632,,서울특별시 동대문구 경희대로1길 8-7,130872,02454,,,,127.051688898584,37.5920066065549
MA010120220803646903,고려공인중개사사무소,,L1,부동산,L102,부동산 서비스,L10203,부동산 중개/대리업,L68221,부동산 중개 및 대리업,11,서울특별시,11230,동대문구,11230710,회기동,1123010800,회기동,1123010800100770013,1,대지,77,13,서울특별시 동대문구 회기동 77-13,112303105020,서울특별시 동대문구 회기로,174,11,1123010800100770013010985,,서울특별시 동대문구 회기로 174-11,130872,02460,,,,127.054857700302,37.5898247754304
MA010120220803781258,버블맨24회기동점,,S2,수리·개인,S209,세탁,S20901,세탁소,S96912,가정용 세탁업,11,서울특별시,11230,동대문구,11230710,회기동,1123010800,회기동,1123010800100570011,1,대지,57,11,서울특별시 동대문구 회기동 57-11,112303105020,서울특별시 동대문구 회기로,163,,1123010800100570011011354,,서울특별시 동대문구 회기로 163,130872,02452,,,,127.054326268129,37.5908251225671
MA010120220805220798,온설,,R1,예술·스포츠,R104,유원지·오락,R10499,기타 오락관련 서비스업,R91299,그 외 기타 분류 안된 오락관련 서비스업,11,서울특별시,11230,동대문구,11230710,회기동,1123010800,회기동,1123010800101050033,1,대지,105,33,서울특별시 동대문구 회기동 105-33,112303105020,서울특별시 동대문구 회기로,134,1,1123010800101050033011332,,서울특별시 동대문구 회기로 134-1,130873,02459,,2,,127.051416622946,37.5912408822618
MA010120220803655192,슈퍼스타,,I2,음식,I211,주점,I21104,요리 주점,I56219,기타 주점업,11,서울특별시,11230,동대문구,11230710,회기동,1123010800,회기동,1123010800100600042,1,대지,60,42,서울특별시 동대문구 회기동 60-42,112303105020,서울특별시 동대문구 회기로,137,,1123010800100600042010752,,서울특별시 동대문구 회기로 137,130872,02454,,지,,127.051779119455,37.5914839916532
MA010120220813210968,79번지국수집,,I2,음식,I201,한식,I20105,국수/칼국수,I56112,한식 면 요리 전문점,11,서울특별시,11230,동대문구,11230710,회기동,1123010800,회기동,1123010800100420079,1,대지,42,79,서울특별시 동대문구 회기동 42-79,112304115689,서울특별시 동대문구 회기로13길,25,,1123010800100420079010487,,서울특별시 동대문구 회기로13길 25,130872,02454,,1,,127.050976012843,37.5926736506003
MA010120220803714372,고향식품,,G2,소매,G204,종합 소매,G20404,슈퍼마켓,G47129,기타 음ㆍ식료품 위주 종합 소매업,11,서울특별시,11230,동대문구,11230710,회기동,1123010800,회기동,1123010800100360025,1,대지,36,25,서울특별시 동대문구 회기동 36-25,112303105002,서울특별시 동대문구 경희대로,15,,1123010800100420001010423,,서울특별시 동대문구 경희대로 15,130872,02454,,,,127.052380243777,37.5929343234167
MA010120220812040018,나나꼬치튀김,,I2,음식,I210,기타 간이,I21007,김밥/만두/분식,I56194,김밥 및 기타 간이 음식점업,11,서울특별시,11230,동대문구,11230710,회기동,1123010800,회기동,1123010800100030045,1,대지,3,45,서울특별시 동대문구 회기동 3-45,112304115022,서울특별시 동대문구 경희대로4길,33,,1123010800100030045010621,,서울특별시 동대문구 경희대로4길 33,130872,02453,,1,,127.054417761481,37.5920774593446
MA010120220803084775,참말로좋수닭,,I2,음식,I210,기타 간이,I21006,치킨,I56193,치킨 전문점,11,서울특별시,11230,동대문구,11230710,회기동,1123010800,회기동,1123010800100610018,1,대지,61,18,서울특별시 동대문구 회기동 61-18,112303105020,서울특별시 동대문구 회기로,160,,1123010800100610018010959,,서울특별시 동대문구 회기로 160,130872,02460,,1,,127.053646835846,37.5907263241908
MA010120220803068893,굿모닝정보통신,,G2,소매,G208,가전·통신 소매,G20802,핸드폰 소매업,G47312,통신기기 소매업,11,서울특별시,11230,동대문구,11230710,회기동,1123010800,회기동,1123010800100450049,1,대지,45,49,서울특별시 동대문구 회기동 45-49,112303105020,서울특별시 동대문구 회기로,149,,1123010800100450049041174,,서울특별시 동대문구 회기로 149,130872,02453,,1,,127.053058619833,37.5915194631066
MA010120220800995514,미소공인중개사사무소,,L1,부동산,L102,부동산 서비스,L10203,부동산 중개/대리업,L68221,부동산 중개 및 대리업,11,서울특별시,11230,동대문구,11230710,회기동,1123010800,회기동,1123010800100020015,1,대지,2,15,서울특별시 동대문구 회기동 2-15,112304115022,서울특별시 동대문구 경희대로4길,50,,1123010800100020015010734,,서울특별시 동대문구 경희대로4길 50,130872,02452,,1,,127.055028845143,37.5915996502856
MA010120220803695120,비아헤어,,S2,수리·개인,S207,이용·미용,S20701,미용실,S96112,두발 미용업,11,서울특별시,11230,동대문구,11230710,회기동,1123010800,회기동,1123010800100650091,1,대지,65,91,서울특별시 동대문구 회기동 65-91,112304115342,서울특별시 동대문구 이문로1길,16,3,1123010800100650091011298,,서울특별시 동대문구 이문로1길 16-3,130872,02461,,,,127.053124833844,37.5890957642751
MA010120220803073518,어쩌다빠진돈까스,,I2,음식,I204,서양식,I20401,경양식,I56194,김밥 및 기타 간이 음식점업,11,서울특별시,11230,동대문구,11230710,회기동,1123010800,회기동,1123010800100160013,1,대지,16,13,서울특별시 동대문구 회기동 16-13,112304115022,서울특별시 동대문구 경희대로4길,8,,1123010800100160013010570,,서울특별시 동대문구 경희대로4길 8,130872,02453,,1,,127.053149849317,37.5924294239374
MA010120220803695636,전골마을,,I2,음식,I201,한식,I20102,국/탕/찌개류,I56111,한식 일반 음식점업,11,서울특별시,11230,동대문구,11230710,회기동,1123010800,회기동,1123010800100420005,1,대지,42,5,서울특별시 동대문구 회기동 42-5,112304115018,서울특별시 동대문구 경희대로1가길,42,,1123010800100420005010285,,서울특별시 동대문구 경희대로1가길 42,130872,02454,,,,127.05210851049,37.592961473448
MA010120220808004429,피자웍스,,I2,음식,I210,기타 간이,I21003,피자,I56192,피자; 햄버거; 샌드위치 및 유사 음식점업,11,서울특별시,11230,동대문구,11230710,회기동,1123010800,회기동,1123010800100600019,1,대지,60,19,서울특별시 동대문구 회기동 60-19,112303105020,서울특별시 동대문구 회기로,150,1,1123010800100600019010816,,서울특별시 동대문구 회기로 150-1,130872,02460,,,,127.052922472002,37.5911320976453
MA010120220803647689,강북서비스,전문점,S2,수리·개인,S204,모터사이클 수리,S20401,모터사이클 수리업,S95220,모터사이클 수리업,11,서울특별시,11230,동대문구,11230710,회기동,1123010800,회기동,1123010800100720010,1,대지,72,10,서울특별시 동대문구 회기동 72-10,112303105010,서울특별시 동대문구 이문로,13,1,1123010800100720010011270,,서울특별시 동대문구 이문로 13-1,130872,02460,,,,127.054676203617,37.5893653535623
MA010120220803638543,수클린,,G2,소매,G209,섬유·의복·신발 소매,G20905,기타 의류 소매업,G47414,셔츠 및 블라우스 소매업,11,서울특별시,11230,동대문구,11230710,회기동,1123010800,회기동,1123010800100450074,1,대지,45,74,서울특별시 동대문구 회기동 45-74,112303105020,서울특별시 동대문구 회기로,151,,1123010800100450074011351,,서울특별시 동대문구 회기로 151,130872,02453,,,,127.053239694635,37.5913932426858
MA010120220813585267,민족통일건설,,S2,수리·개인,S208,욕탕·신체관리,S20801,목욕탕/사우나,S96121,욕탕업,11,서울특별시,11230,동대문구,11230710,회기동,1123010800,회기동,1123010800100670003,1,대지,67,3,서울특별시 동대문구 회기동 67-3,112303105010,서울특별시 동대문구 이문로,3,,1123010800100670003010591,민족통일엠제이캠퍼스경희대,서울특별시 동대문구 이문로 3,130872,02461,,1,,127.05367931555,37.5886540271259
MA010120220803658626,오렌즈경희대점,,G2,소매,G216,안경·정밀기기 소매,G21602,안경렌즈 소매업,G47822,안경 및 렌즈 소매업,11,서울특별시,11230,동대문구,11230710,회기동,1123010800,회기동,1123010800100450053,1,대지,45,53,서울특별시 동대문구 회기동 45-53,112303105020,서울특별시 동대문구 회기로,150,,1123010800100450104010346,,서울특별시 동대문구 회기로 150,130872,02460,,,,127.05291123219,37.5912492316543
MA010120220813125803,스위트노래연습장,,R1,예술·스포츠,R104,유원지·오락,R10407,노래방,R91223,노래 연습장 운영업,11,서울특별시,11230,동대문구,11230710,회기동,1123010800,회기동,1123010800100160050,1,대지,16,50,서울특별시 동대문구 회기동 16-50,112303105002,서울특별시 동대문구 경희대로,8,1,1123010800100160050010566,,서울특별시 동대문구 경희대로 8-1,130872,02453,,,,127.052640241359,37.5923215332852
MA010120220811047692,할머니보쌈,,I2,음식,I201,한식,I20103,족발/보쌈,I56111,한식 일반 음식점업,11,서울특별시,11230,동대문구,11230710,회기동,1123010800,회기동,1123010800100200002,1,대지,20,2,서울특별시 동대문구 회기동 20-2,112304115695,서울특별시 동대문구 회기로21길,26,,1123010800100200002010494,,서울특별시 동대문구 회기로21길 26,130872,02453,,1,,127.053410418341,37.5926275245275
MA010120220812793020,바닐라,,M1,과학·기술,M112,전문 디자인,M11202,제품 디자인업,M73202,제품 디자인업,11,서울특별시,11230,동대문구,11230710,회기동,1123010800,회기동,1123010800100010005,1,대지,1,5,서울특별시 동대문구 회기동 1-5,112303105002,서울특별시 동대문구 경희대로,26,,1123010800100010003041260,경희대학교,서울특별시 동대문구 경희대로 26,130701,02447,,,,127.054883375636,37.593951306684
MA010120220804351197,회기오드리사진관,,M1,과학·기술,M113,사진 촬영,M11301,사진촬영업,M73301,인물 사진 및 행사용 영상 촬영업,11,서울특별시,11230,동대문구,11230710,회기동,1123010800,회기동,1123010800100610003,1,대지,61,3,서울특별시 동대문구 회기동 61-3,112303105020,서울특별시 동대문구 회기로,162,,1123010800100610003010979,,서울특별시 동대문구 회기로 162,130872,02460,,1,,127.053895830649,37.5905820520148
MA010120220814003939,주블리,,I2,음식,I201,한식,I20101,백반/한정식,I56111,한식 일반 음식점업,11,서울특별시,11230,동대문구,11230710,회기동,1123010800,회기동,1123010800100600058,1,대지,60,58,서울특별시 동대문구 회기동 60-58,112303105020,서울특별시 동대문구 회기로,129,,1123010800100600058000001,,서울특별시 동대문구 회기로 129,130872,02454,,2,,127.050941306982,37.5915924752561
MA010120220806460581,용이눈썹,,S2,수리·개인,S207,이용·미용,S20702,피부 관리실,S96113,피부 미용업,11,서울특별시,11230,동대문구,11230710,회기동,1123010800,회기동,1123010800100070001,1,대지,7,1,서울특별시 동대문구 회기동 7-1,112304115694,서울특별시 동대문구 회기로21가길,10,,1123010800100070001010635,,서울특별시 동대문구 회기로21가길 10,130872,02453,,1,,127.053613766225,37.5919787181652
MA010120220803688539,진투어프로모션,,M1,과학·기술,M115,기타 전문 과학,M11504,사업/무형 재산권 중개업,M73903,사업 및 무형 재산권 중개업,11,서울특별시,11230,동대문구,11230710,회기동,1123010800,회기동,1123010800100540092,1,대지,54,92,서울특별시 동대문구 회기동 54-92,112304115699,서울특별시 동대문구 회기로23다길,19,4,1123010800100540092011357,,서울특별시 동대문구 회기로23다길 19-4,130872,02453,,,,127.055177059324,37.5929780987003
MA010120220813714191,현영,,L1,부동산,L102,부동산 서비스,L10203,부동산 중개/대리업,L68221,부동산 중개 및 대리업,11,서울특별시,11230,동대문구,11230710,회기동,1123010800,회기동,1123010800103510000,1,대지,351,,서울특별시 동대문구 회기동 351,112304115702,서울특별시 동대문구 회기로26길,15,,1123010800100620027000001,회기힐스테이트,서울특별시 동대문구 회기로26길 15,130881,02460,,1,,127.054223742976,37.5899692271269
MA010120220814243083,질러질러,,R1,예술·스포츠,R104,유원지·오락,R10407,노래방,R91223,노래 연습장 운영업,11,서울특별시,11230,동대문구,11230710,회기동,1123010800,회기동,1123010800100160057,1,대지,16,57,서울특별시 동대문구 회기동 16-57,112303105020,서울특별시 동대문구 회기로,143,,1123010800100160057010670,,서울특별시 동대문구 회기로 143,130872,02453,,3,,127.052469980179,37.5917269544078
MA010120220803632782,업소명없음,,I1,숙박,I102,기타 숙박,I10201,기숙사/고시원,I55901,기숙사 및 고시원 운영업,11,서울특별시,11230,동대문구,11230710,회기동,1123010800,회기동,1123010800101060005,1,대지,106,5,서울특별시 동대문구 회기동 106-5,112304115020,서울특별시 동대문구 경희대로1나길,23,,1123010800101060005011495,,서울특별시 동대문구 경희대로1나길 23,130873,02454,,,,127.050511746863,37.5926378105208
MA010120220803662955,문텐,,G2,소매,G209,섬유·의복·신발 소매,G20902,여성 의류 소매업,G47412,여자용 겉옷 소매업,11,서울특별시,11230,동대문구,11230710,회기동,1123010800,회기동,1123010800103460010,1,대지,346,10,서울특별시 동대문구 회기동 346-10,112303105020,서울특별시 동대문구 회기로,171,2,1123010800103460020010585,,서울특별시 동대문구 회기로 171-2,130881,02452,,1,,127.055141248891,37.5904823676346
MA010120220813543694,긱스타,,R1,예술·스포츠,R104,유원지·오락,R10406,PC방,R91222,컴퓨터 게임방 운영업,11,서울특별시,11230,동대문구,11230710,회기동,1123010800,회기동,1123010800100420094,1,대지,42,94,서울특별시 동대문구 회기동 42-94,112304115019,서울특별시 동대문구 경희대로1길,8,6,1123010800100420094011423,,서울특별시 동대문구 경희대로1길 8-6,130872,02454,,2,,127.051926591111,37.5918803633504
MA010120220804864015,사무실에어컨청소,,N1,시설관리·임대,N102,청소·방제,N10201,건축물 일반 청소업,N74211,건축물 일반 청소업,11,서울특별시,11230,동대문구,11230710,회기동,1123010800,회기동,1123010800100540040,1,대지,54,40,서울특별시 동대문구 회기동 54-40,112304115701,서울특별시 동대문구 회기로25길,21,,1123010800100540040010755,,서울특별시 동대문구 회기로25길 21,130872,02452,,4,,127.055515384341,37.5911399165113
MA010120220808328330,하모니마트,,G2,소매,G204,종합 소매,G20404,슈퍼마켓,G47121,슈퍼마켓,11,서울특별시,11230,동대문구,11230710,회기동,1123010800,회기동,1123010800100600125,1,대지,60,125,서울특별시 동대문구 회기동 60-125,112303105020,서울특별시 동대문구 회기로,122,,1123010800100600125010699,,서울특별시 동대문구 회기로 122,130872,02459,,1,,127.050035301814,37.5913225651818
MA010120220803190386,락휴코인노래연습장경희대점,,R1,예술·스포츠,R104,유원지·오락,R10407,노래방,R91223,노래 연습장 운영업,11,서울특별시,11230,동대문구,11230710,회기동,1123010800,회기동,1123010800100420094,1,대지,42,94,서울특별시 동대문구 회기동 42-94,112304115019,서울특별시 동대문구 경희대로1길,8,6,1123010800100420094011423,,서울특별시 동대문구 경희대로1길 8-6,130872,02454,,1,,127.051926591111,37.5918803633504
MA010120220800120457,댑스,,M1,과학·기술,M114,인쇄·제품제작,M11401,명함/간판/광고물 제작,C18111,경 인쇄업,11,서울특별시,11230,동대문구,11230710,회기동,1123010800,회기동,1123010800100420040,1,대지,42,40,서울특별시 동대문구 회기동 42-40,112304115019,서울특별시 동대문구 경희대로1길,6,,1123010800100420040010236,,서울특별시 동대문구 경희대로1길 6,130872,02454,,1,,127.051892547502,37.5917722592844
MA010120220810235447,아비앙또헤어,,S2,수리·개인,S207,이용·미용,S20701,미용실,S96112,두발 미용업,11,서울특별시,11230,동대문구,11230710,회기동,1123010800,회기동,1123010800101050033,1,대지,105,33,서울특별시 동대문구 회기동 105-33,112303105020,서울특별시 동대문구 회기로,134,1,1123010800101050033011332,,서울특별시 동대문구 회기로 134-1,130873,02459,,1,,127.051416622946,37.5912408822618
MA010120220803179629,알고커피,,I2,음식,I212,비알코올 ,I21201,카페,I56221,커피 전문점,11,서울특별시,11230,동대문구,11230710,회기동,1123010800,회기동,1123010800100030076,1,대지,3,76,서울특별시 동대문구 회기동 3-76,112304115023,서울특별시 동대문구 경희대로6길,5,,1123010800100030076010338,,서울특별시 동대문구 경희대로6길 5,130872,02453,,지,,127.053139199061,37.5933754701376
MA010120220805360635,아지트K,,I2,음식,I211,주점,I21104,요리 주점,I56219,기타 주점업,11,서울특별시,11230,동대문구,11230710,회기동,1123010800,회기동,1123010800100160097,1,대지,16,97,서울특별시 동대문구 회기동 16-97,112304115693,서울특별시 동대문구 회기로19길,10,,1123010800100160097010222,,서울특별시 동대문구 회기로19길 10,130872,02453,,1,,127.05294567915,37.5919249602198
MA010120220810144502,경희맛나곱창,,I2,음식,I201,한식,I20109,곱창 전골/구이,I56111,한식 일반 음식점업,11,서울특별시,11230,동대문구,11230710,회기동,1123010800,회기동,1123010800100600023,1,대지,60,23,서울특별시 동대문구 회기동 60-23,112303105020,서울특별시 동대문구 회기로,148,7,1123010800100600023011477,,서울특별시 동대문구 회기로 148-7,130872,02460,,1,,127.052718599264,37.5910420896696
MA010120220806451265,역전할머니맥주,,I2,음식,I211,주점,I21103,생맥주 전문,I56219,기타 주점업,11,서울특별시,11230,동대문구,11230710,회기동,1123010800,회기동,1123010800100600046,1,대지,60,46,서울특별시 동대문구 회기동 60-46,112304115019,서울특별시 동대문구 경희대로1길,7,,1123010800100600046010679,,서울특별시 동대문구 경희대로1길 7,130872,02454,,1,,127.05169994721,37.5916101652418
MA010120220808031602,이상한나라의엘리스,,I2,음식,I201,한식,I20107,돼지고기 구이/찜,I56113,한식 육류 요리 전문점,11,서울특별시,11230,동대문구,11230710,회기동,1123010800,회기동,1123010800100160013,1,대지,16,13,서울특별시 동대문구 회기동 16-13,112304115022,서울특별시 동대문구 경희대로4길,8,,1123010800100160013010570,,서울특별시 동대문구 경희대로4길 8,130872,02453,,지,,127.053149849317,37.5924294239374
MA010120220813034576,아름상회,,G2,소매,G209,섬유·의복·신발 소매,G20903,유아용 의류 소매업,G47417,유아용 의류 소매업,11,서울특별시,11230,동대문구,11230710,회기동,1123010800,회기동,1123010800101090066,1,대지,109,66,서울특별시 동대문구 회기동 109-66,112304115020,서울특별시 동대문구 경희대로1나길,67,,1123010800101090066010317,,서울특별시 동대문구 경희대로1나길 67,130873,02454,,,,127.049583909661,37.5936112750769
MA010120220813801191,신일공인중개사무소,,L1,부동산,L102,부동산 서비스,L10203,부동산 중개/대리업,L68221,부동산 중개 및 대리업,11,서울특별시,11230,동대문구,11230710,회기동,1123010800,회기동,1123010800100030045,1,대지,3,45,서울특별시 동대문구 회기동 3-45,112304115022,서울특별시 동대문구 경희대로4길,33,,1123010800100030045010621,,서울특별시 동대문구 경희대로4길 33,130872,02453,,,,127.054417761481,37.5920774593446
MA010120220805252507,공간네일,,S2,수리·개인,S207,이용·미용,S20703,네일숍,S96119,기타 미용업,11,서울특별시,11230,동대문구,11230710,회기동,1123010800,회기동,1123010800100360025,1,대지,36,25,서울특별시 동대문구 회기동 36-25,112303105002,서울특별시 동대문구 경희대로,15,,1123010800100420001010423,,서울특별시 동대문구 경희대로 15,130872,02454,,2,,127.052380243777,37.5929343234167
MA010120220810296915,스포벡휘트니스,,R1,예술·스포츠,R103,스포츠 서비스,R10307,헬스장,R91132,체력 단련시설 운영업,11,서울특별시,11230,동대문구,11230710,회기동,1123010800,회기동,1123010800103460018,1,대지,346,18,서울특별시 동대문구 회기동 346-18,112303105010,서울특별시 동대문구 이문로,37,,1123010800103460018000124,베라체캠퍼스,서울특별시 동대문구 이문로 37,130881,02452,,3,,127.056036013894,37.590851353023
MA010120220803950888,윤원소프트,,S2,수리·개인,S201,컴퓨터 수리,S20101,컴퓨터/노트북/프린터 수리업,S95110,컴퓨터 및 주변 기기 수리업,11,서울특별시,11230,동대문구,11230710,회기동,1123010800,회기동,1123010800100030043,1,대지,3,43,서울특별시 동대문구 회기동 3-43,112304115022,서울특별시 동대문구 경희대로4길,37,,1123010800100030043011315,,서울특별시 동대문구 경희대로4길 37,130872,02453,,1,,127.054542299959,37.5920593820231
MA010120220804201381,본죽경희대점,,I2,음식,I201,한식,I20101,백반/한정식,I56111,한식 일반 음식점업,11,서울특별시,11230,동대문구,11230710,회기동,1123010800,회기동,1123010800100160057,1,대지,16,57,서울특별시 동대문구 회기동 16-57,112303105020,서울특별시 동대문구 회기로,143,,1123010800100160057010670,,서울특별시 동대문구 회기로 143,130872,02453,,1,,127.052469980179,37.5917269544078
MA010120220804849412,비스트로구구,,I2,음식,I211,주점,I21104,요리 주점,I56219,기타 주점업,11,서울특별시,11230,동대문구,11230710,회기동,1123010800,회기동,1123010800100450077,1,대지,45,77,서울특별시 동대문구 회기동 45-77,112304115695,서울특별시 동대문구 회기로21길,6,,1123010800100450077010344,,서울특별시 동대문구 회기로21길 6,130872,02453,,2,,127.053149317494,37.5916816008636
MA010120220803696846,좋은날,,G2,소매,G209,섬유·의복·신발 소매,G20902,여성 의류 소매업,G47412,여자용 겉옷 소매업,11,서울특별시,11230,동대문구,11230710,회기동,1123010800,회기동,1123010800100600101,1,대지,60,101,서울특별시 동대문구 회기동 60-101,112303105020,서울특별시 동대문구 회기로,121,,1123010800100600101010735,좌측,서울특별시 동대문구 회기로 121,130872,02454,,1,,127.050069457217,37.5916018582324
MA010120220805933228,시키카츠,,I2,음식,I203,일식,I20301,일식 회/초밥,I56122,일식 음식점업,11,서울특별시,11230,동대문구,11230710,회기동,1123010800,회기동,1123010800100600147,1,대지,60,147,서울특별시 동대문구 회기동 60-147,112303105020,서울특별시 동대문구 회기로,110,,1123010800100600147010180,,서울특별시 동대문구 회기로 110,130872,02457,,1,,127.048665294553,37.5913952173515
MA010120220803621309,보림한약국,,G2,소매,G205,식료품 소매,G20508,건강보조식품 소매업,G47811,의약품 및 의료용품 소매업,11,서울특별시,11230,동대문구,11230710,회기동,1123010800,회기동,1123010800100650073,1,대지,65,73,서울특별시 동대문구 회기동 65-73,112304115342,서울특별시 동대문구 이문로1길,25,,1123010800100650073011365,,서울특별시 동대문구 이문로1길 25,130872,02461,,1,,127.052853229463,37.5892850946048
MA010120220811057981,이츠이츠베트남커피경희대점,,I2,음식,I212,비알코올 ,I21201,카페,I56221,커피 전문점,11,서울특별시,11230,동대문구,11230710,회기동,1123010800,회기동,1123010800100160010,1,대지,16,10,서울특별시 동대문구 회기동 16-10,112304115695,서울특별시 동대문구 회기로21길,25,,1123010800100160010010493,,서울특별시 동대문구 회기로21길 25,130872,02453,,2,,127.053149990286,37.5926276420856
MA010120220806454938,파스타일,,I2,음식,I204,서양식,I20402,파스타/스테이크,I56123,서양식 음식점업,11,서울특별시,11230,동대문구,11230710,회기동,1123010800,회기동,1123010800100420057,1,대지,42,57,서울특별시 동대문구 회기동 42-57,112304115018,서울특별시 동대문구 경희대로1가길,12,,1123010800100420057010562,,서울특별시 동대문구 경희대로1가길 12,130872,02454,,3,,127.051609862516,37.5923309982354
MA010120220805330285,경희문고,,G2,소매,G213,오락용품 소매,G21301,서점,G47611,서적; 신문 및 잡지류 소매업,11,서울특별시,11230,동대문구,11230710,회기동,1123010800,회기동,1123010800100600110,1,대지,60,110,서울특별시 동대문구 회기동 60-110,112303105020,서울특별시 동대문구 회기로,113,,1123010800100600110010573,,서울특별시 동대문구 회기로 113,130872,02455,,,,127.04931085906,37.5916472271909
MA010120220803653463,서병장대김이병,,I2,음식,I201,한식,I20102,국/탕/찌개류,I56111,한식 일반 음식점업,11,서울특별시,11230,동대문구,11230710,회기동,1123010800,회기동,1123010800100250000,1,대지,25,,서울특별시 동대문구 회기동 25,112304115695,서울특별시 동대문구 회기로21길,34,,1123010800100250000010426,,서울특별시 동대문구 회기로21길 34,130872,02453,,1,,127.053127536518,37.5928979497451
MA010120220800099799,이찌방이야기,,I2,음식,I211,주점,I21104,요리 주점,I56111,한식 일반 음식점업,11,서울특별시,11230,동대문구,11230710,회기동,1123010800,회기동,1123010800100420040,1,대지,42,40,서울특별시 동대문구 회기동 42-40,112304115019,서울특별시 동대문구 경희대로1길,6,,1123010800100420040010236,,서울특별시 동대문구 경희대로1길 6,130872,02454,,1,,127.051892547502,37.5917722592844
MA010120220803639043,노바이탈리아노,,I2,음식,I204,서양식,I20499,기타 서양식 음식점,I56123,서양식 음식점업,11,서울특별시,11230,동대문구,11230710,회기동,1123010800,회기동,1123010800100330001,1,대지,33,1,서울특별시 동대문구 회기동 33-1,112303105002,서울특별시 동대문구 경희대로,20,,1123010800100030080010155,,서울특별시 동대문구 경희대로 20,130872,02453,,,,127.052912724857,37.5933575520468
MA010120220807141355,모리뷰티,,S2,수리·개인,S207,이용·미용,S20702,피부 관리실,S96113,피부 미용업,11,서울특별시,11230,동대문구,11230710,회기동,1123010800,회기동,1123010800100450070,1,대지,45,70,서울특별시 동대문구 회기동 45-70,112303105020,서울특별시 동대문구 회기로,153,,1123010800100450070010776,,서울특별시 동대문구 회기로 153,130872,02453,,1,,127.053477363248,37.5912399665955
MA010120220813944556,씨와이포차,,I2,음식,I211,주점,I21104,요리 주점,I56219,기타 주점업,11,서울특별시,11230,동대문구,11230710,회기동,1123010800,회기동,1123010800100420016,1,대지,42,16,서울특별시 동대문구 회기동 42-16,112304115021,서울특별시 동대문구 경희대로3길,20,,1123010800100420016010434,,서울특별시 동대문구 경희대로3길 20,130872,02454,,2,,127.051463049296,37.5928896772946
MA010120220811050230,GS25경희,프라자점,G2,소매,G204,종합 소매,G20405,편의점,G47122,체인화 편의점,11,서울특별시,11230,동대문구,11230710,회기동,1123010800,회기동,1123010800100010005,1,대지,1,5,서울특별시 동대문구 회기동 1-5,112303105002,서울특별시 동대문구 경희대로,23,,1123010800100010005041218,전면프라자,서울특별시 동대문구 경희대로 23,130701,02447,,,,127.050738976836,37.593772962698
MA010120220811992023,크로네,,I2,음식,I210,기타 간이,I21001,빵/도넛,I56191,제과점업,11,서울특별시,11230,동대문구,11230710,회기동,1123010800,회기동,1123010800101080015,1,대지,108,15,서울특별시 동대문구 회기동 108-15,112303105002,서울특별시 동대문구 경희대로,17,,1123010800101080015011355,,서울특별시 동대문구 경희대로 17,130873,02454,,3,,127.05244833989,37.5931595411261
MA010120220803684480,경희대학교부설임상영양연구소,,G2,소매,G205,식료품 소매,G20508,건강보조식품 소매업,G47217,건강 보조식품 소매업,11,서울특별시,11230,동대문구,11230710,회기동,1123010800,회기동,1123010800100010005,1,대지,1,5,서울특별시 동대문구 회기동 1-5,112303105002,서울특별시 동대문구 경희대로,26,,1123010800100010003041260,경희대학교,서울특별시 동대문구 경희대로 26,130701,02447,,,,127.054883375636,37.593951306684
MA010120220809624091,CU경희,스타점,G2,소매,G204,종합 소매,G20405,편의점,G47122,체인화 편의점,11,서울특별시,11230,동대문구,11230710,회기동,1123010800,회기동,1123010800100420141,1,대지,42,141,서울특별시 동대문구 회기동 42-141,112304115021,서울특별시 동대문구 경희대로3길,38,,1123010800100420141011368,,서울특별시 동대문구 경희대로3길 38,130872,02454,,1,,127.050670524886,37.5930161590359
MA010120220803667006,치맥파이브,,I2,음식,I211,주점,I21104,요리 주점,I56219,기타 주점업,11,서울특별시,11230,동대문구,11230710,회기동,1123010800,회기동,1123010800100450102,1,대지,45,102,서울특별시 동대문구 회기동 45-102,112304115695,서울특별시 동대문구 회기로21길,8,6,1123010800100450102010684,,서울특별시 동대문구 회기로21길 8-6,130872,02453,,1,,127.053307779075,37.5916004401229
MA010120220803951177,이철헤어커커경희대점,,S2,수리·개인,S207,이용·미용,S20701,미용실,S96112,두발 미용업,11,서울특별시,11230,동대문구,11230710,회기동,1123010800,회기동,1123010800100160050,1,대지,16,50,서울특별시 동대문구 회기동 16-50,112303105002,서울특별시 동대문구 경희대로,8,1,1123010800100160050010566,,서울특별시 동대문구 경희대로 8-1,130872,02453,,,,127.052640241359,37.5923215332852
MA010120220814352178,다온레지던스,,I1,숙박,I102,기타 숙박,I10201,기숙사/고시원,I55901,기숙사 및 고시원 운영업,11,서울특별시,11230,동대문구,11230710,회기동,1123010800,회기동,1123010800100420023,1,대지,42,23,서울특별시 동대문구 회기동 42-23,112304115021,서울특별시 동대문구 경희대로3길,30,,1123010800100420023010391,,서울특별시 동대문구 경희대로3길 30,130872,02454,,3,,127.050817717996,37.5930070858368
MA010120220812848598,탑공인중개사사무소,,L1,부동산,L102,부동산 서비스,L10203,부동산 중개/대리업,L68221,부동산 중개 및 대리업,11,서울특별시,11230,동대문구,11230710,회기동,1123010800,회기동,1123010800100160055,1,대지,16,55,서울특별시 동대문구 회기동 16-55,112303105002,서울특별시 동대문구 경희대로,4,,1123010800100160055010649,,서울특별시 동대문구 경희대로 4,130872,02453,,1,,127.05252672094,37.5919071275674
MA010120220802866987,더블유,,I2,음식,I211,주점,I21104,요리 주점,I56219,기타 주점업,11,서울특별시,11230,동대문구,11230710,회기동,1123010800,회기동,1123010800100420079,1,대지,42,79,서울특별시 동대문구 회기동 42-79,112304115689,서울특별시 동대문구 회기로13길,25,,1123010800100420079010487,,서울특별시 동대문구 회기로13길 25,130872,02454,,1,,127.050976012843,37.5926736506003
MA010120220804472292,경희화이트공인중개사사무소,,L1,부동산,L102,부동산 서비스,L10203,부동산 중개/대리업,L68221,부동산 중개 및 대리업,11,서울특별시,11230,동대문구,11230710,회기동,1123010800,회기동,1123010800100450049,1,대지,45,49,서울특별시 동대문구 회기동 45-49,112303105020,서울특별시 동대문구 회기로,149,,1123010800100450049041174,,서울특별시 동대문구 회기로 149,130872,02453,,1,,127.053058619833,37.5915194631066
MA010120220803618773,평화철물건재,,G2,소매,G210,철물·건설자재 소매,G21001,철물/공구 소매업,G47511,철물 및 난방용구 소매업,11,서울특별시,11230,동대문구,11230710,회기동,1123010800,회기동,1123010800100450056,1,대지,45,56,서울특별시 동대문구 회기동 45-56,112303105020,서울특별시 동대문구 회기로,159,,1123010800100450056010692,,서울특별시 동대문구 회기로 159,130872,02452,,,,127.053907380747,37.5908973939901
MA010120220806368402,알파,,G2,소매,G213,오락용품 소매,G21302,문구/회화용품 소매업,G47612,문구용품 및 회화용품 소매업,11,서울특별시,11230,동대문구,11230710,회기동,1123010800,회기동,1123010800100360025,1,대지,36,25,서울특별시 동대문구 회기동 36-25,112303105002,서울특별시 동대문구 경희대로,15,,1123010800100420001010423,전부,서울특별시 동대문구 경희대로 15,130872,02454,,지,,127.052380243777,37.5929343234167
MA010120220808280875,민산렌터카,,M1,과학·기술,M115,기타 전문 과학,M11504,사업/무형 재산권 중개업,M73903,사업 및 무형 재산권 중개업,11,서울특별시,11230,동대문구,11230710,회기동,1123010800,회기동,1123010800101020156,1,대지,102,156,서울특별시 동대문구 회기동 102-156,112304115659,서울특별시 동대문구 홍릉로24길,129,,1123010800101020156000001,,서울특별시 동대문구 홍릉로24길 129,130873,02458,,,,127.049875490461,37.5893854995542
MA010120220809327802,씨유경희대점,,G2,소매,G204,종합 소매,G20405,편의점,G47122,체인화 편의점,11,서울특별시,11230,동대문구,11230710,회기동,1123010800,회기동,1123010800100190000,1,대지,19,,서울특별시 동대문구 회기동 19,112304115022,서울특별시 동대문구 경희대로4길,15,,1123010800100190000041173,,서울특별시 동대문구 경희대로4길 15,130872,02453,,1,,127.053512228201,37.5924923296342
MA010120220806976242,에이치케이지이,,I2,음식,I210,기타 간이,I21001,빵/도넛,I56191,제과점업,11,서울특별시,11230,동대문구,11230710,회기동,1123010800,회기동,1123010800100600145,1,대지,60,145,서울특별시 동대문구 회기동 60-145,112303105020,서울특별시 동대문구 회기로,112,,1123010800100600145010287,엠파이브,서울특별시 동대문구 회기로 112,130872,02457,,1,,127.048880356528,37.5912870094373
MA010120220808134779,진키친,,I2,음식,I203,일식,I20301,일식 회/초밥,I56122,일식 음식점업,11,서울특별시,11230,동대문구,11230710,회기동,1123010800,회기동,1123010800100160087,1,대지,16,87,서울특별시 동대문구 회기동 16-87,112304115695,서울특별시 동대문구 회기로21길,8,,1123010800100160087010654,,서울특별시 동대문구 회기로21길 8,130872,02453,,1,,127.053262641966,37.5918166985788
MA010120220803666052,엄마손김밥,,I2,음식,I210,기타 간이,I21007,김밥/만두/분식,I56194,김밥 및 기타 간이 음식점업,11,서울특별시,11230,동대문구,11230710,회기동,1123010800,회기동,1123010800100600128,1,대지,60,128,서울특별시 동대문구 회기동 60-128,112304115686,서울특별시 동대문구 회기로12길,5,,1123010800100600128010793,,서울특별시 동대문구 회기로12길 5,130872,02459,,1,,127.049831420014,37.5912145323834
MA010120220804048588,꽃뜨락사이,,I2,음식,I212,비알코올 ,I21201,카페,I56221,커피 전문점,11,서울특별시,11230,동대문구,11230710,회기동,1123010800,회기동,1123010800103460021,1,대지,346,21,서울특별시 동대문구 회기동 346-21,112303105010,서울특별시 동대문구 이문로,31,1,1123010800103460021010840,,서울특별시 동대문구 이문로 31-1,130881,02452,,2,,127.05601307141,37.5904549273678
MA010120220808105144,엔젤스킨케어,,S2,수리·개인,S207,이용·미용,S20702,피부 관리실,S96113,피부 미용업,11,서울특별시,11230,동대문구,11230710,회기동,1123010800,회기동,1123010800100540039,1,대지,54,39,서울특별시 동대문구 회기동 54-39,112304115701,서울특별시 동대문구 회기로25길,23,5,1123010800100540039010758,,서울특별시 동대문구 회기로25길 23-5,130872,02452,,1,,127.055379491516,37.5911129505858
MA010120220813512880,맨드살롱,5호점,S2,수리·개인,S207,이용·미용,S20701,미용실,S96112,두발 미용업,11,서울특별시,11230,동대문구,11230710,회기동,1123010800,회기동,1123010800100160020,1,대지,16,20,서울특별시 동대문구 회기동 16-20,112304115695,서울특별시 동대문구 회기로21길,13,,1123010800100160020041167,,서울특별시 동대문구 회기로21길 13,130872,02453,,1,,127.05314960583,37.5920870471203
MA010120220803632855,약원한약국,,G2,소매,G215,의약·화장품 소매,G21501,약국,G47811,의약품 및 의료용품 소매업,11,서울특별시,11230,동대문구,11230710,회기동,1123010800,회기동,1123010800101080020,1,대지,108,20,서울특별시 동대문구 회기동 108-20,112304115018,서울특별시 동대문구 경희대로1가길,39,,1123010800101080020010370,,서울특별시 동대문구 경희대로1가길 39,130873,02454,,2,,127.052199226724,37.5931506416408
MA010120220803696897,월풀빨래방,,S2,수리·개인,S209,세탁,S20902,셀프 빨래방,S96912,가정용 세탁업,11,서울특별시,11230,동대문구,11230710,회기동,1123010800,회기동,1123010800100030235,1,대지,3,235,서울특별시 동대문구 회기동 3-235,112304115696,서울특별시 동대문구 회기로23가길,34,,1123010800100030235010256,,서울특별시 동대문구 회기로23가길 34,130872,02453,,,,127.054350322205,37.5927622442488
MA010120220806652317,이니글씨,,G2,소매,G209,섬유·의복·신발 소매,G20905,기타 의류 소매업,G47419,기타 의복 소매업,11,서울특별시,11230,동대문구,11230710,회기동,1123010800,회기동,1123010800100540099,1,대지,54,99,서울특별시 동대문구 회기동 54-99,112304115022,서울특별시 동대문구 경희대로4길,44,,1123010800100540099041178,전부,서울특별시 동대문구 경희대로4길 44,130872,02452,,2,,127.05473452485,37.5916988962548
MA010120220808350094,생활맥주경희대점,,I2,음식,I211,주점,I21103,생맥주 전문,I56219,기타 주점업,11,서울특별시,11230,동대문구,11230710,회기동,1123010800,회기동,1123010800100420040,1,대지,42,40,서울특별시 동대문구 회기동 42-40,112304115019,서울특별시 동대문구 경희대로1길,6,,1123010800100420040010236,,서울특별시 동대문구 경희대로1길 6,130872,02454,,2,,127.051892547502,37.5917722592844
MA010120220808185615,골목족발,,I2,음식,I201,한식,I20103,족발/보쌈,I56111,한식 일반 음식점업,11,서울특별시,11230,동대문구,11230710,회기동,1123010800,회기동,1123010800100760005,1,대지,76,5,서울특별시 동대문구 회기동 76-5,112304115702,서울특별시 동대문구 회기로26길,5,,1123010800100760005011094,,서울특별시 동대문구 회기로26길 5,130872,02460,,1,,127.054688165546,37.5902393105349
MA010120220806650323,더코드회기점,,R1,예술·스포츠,R104,유원지·오락,R10406,PC방,R91222,컴퓨터 게임방 운영업,11,서울특별시,11230,동대문구,11230710,회기동,1123010800,회기동,1123010800100420043,1,대지,42,43,서울특별시 동대문구 회기동 42-43,112304115019,서울특별시 동대문구 경희대로1길,10,,1123010800100420043010655,,서울특별시 동대문구 경희대로1길 10,130872,02454,,3,,127.051677463579,37.5918444330076
MA010120220803650767,뜰아래,,I2,음식,I201,한식,I20101,백반/한정식,I56111,한식 일반 음식점업,11,서울특별시,11230,동대문구,11230710,회기동,1123010800,회기동,1123010800101050011,1,대지,105,11,서울특별시 동대문구 회기동 105-11,112303105020,서울특별시 동대문구 회기로,128,,1123010800101050011041205,,서울특별시 동대문구 회기로 128,130873,02459,,1,,127.050612744357,37.5912952892256
MA010120220814031563,매머드익스프레스경희대점,,I2,음식,I212,비알코올 ,I21201,카페,I56221,커피 전문점,11,서울특별시,11230,동대문구,11230710,회기동,1123010800,회기동,1123010800100360006,1,대지,36,6,서울특별시 동대문구 회기동 36-6,112303105002,서울특별시 동대문구 경희대로,22,,1123010800100360006010332,,서울특별시 동대문구 경희대로 22,130872,02453,,1,,127.052867496317,37.5934476714876
MA010120220812557932,101퍼센트짐,,R1,예술·스포츠,R103,스포츠 서비스,R10307,헬스장,R91132,체력 단련시설 운영업,11,서울특별시,11230,동대문구,11230710,회기동,1123010800,회기동,1123010800101080006,1,대지,108,6,서울특별시 동대문구 회기동 108-6,112303105002,서울특별시 동대문구 경희대로,19,5,1123010800101080006010320,,서울특별시 동대문구 경희대로 19-5,130873,02454,,1,,127.052221954647,37.5932677605174
MA010120220805805239,에스엠헤어,,S2,수리·개인,S207,이용·미용,S20701,미용실,S96112,두발 미용업,11,서울특별시,11230,동대문구,11230710,회기동,1123010800,회기동,1123010800100160057,1,대지,16,57,서울특별시 동대문구 회기동 16-57,112303105020,서울특별시 동대문구 회기로,143,,1123010800100160057010670,,서울특별시 동대문구 회기로 143,130872,02453,,2,,127.052469980179,37.5917269544078
MA010120220803881688,이안컴퓨터회기점,,S2,수리·개인,S201,컴퓨터 수리,S20101,컴퓨터/노트북/프린터 수리업,S95110,컴퓨터 및 주변 기기 수리업,11,서울특별시,11230,동대문구,11230710,회기동,1123010800,회기동,1123010800100570005,1,대지,57,5,서울특별시 동대문구 회기동 57-5,112304115701,서울특별시 동대문구 회기로25길,15,,1123010800100570005010854,,서울특별시 동대문구 회기로25길 15,130872,02452,,1,,127.055152977095,37.5910319673572
MA010120220808120910,김밥천국경희대점,,I2,음식,I210,기타 간이,I21007,김밥/만두/분식,I56194,김밥 및 기타 간이 음식점업,11,서울특별시,11230,동대문구,11230710,회기동,1123010800,회기동,1123010800100420141,1,대지,42,141,서울특별시 동대문구 회기동 42-141,112304115021,서울특별시 동대문구 경희대로3길,38,,1123010800100420141011368,,서울특별시 동대문구 경희대로3길 38,130872,02454,,1,,127.050670524886,37.5930161590359
MA010120220813291644,드림디포경희대점,,G2,소매,G213,오락용품 소매,G21302,문구/회화용품 소매업,G47612,문구용품 및 회화용품 소매업,11,서울특별시,11230,동대문구,11230710,회기동,1123010800,회기동,1123010800100160065,1,대지,16,65,서울특별시 동대문구 회기동 16-65,112303105002,서울특별시 동대문구 경희대로,3,,1123010800100160065010650,,서울특별시 동대문구 경희대로 3,130872,02454,,1,,127.052130421191,37.5919073032622
MA010120220803624113,머시헤어,,S2,수리·개인,S207,이용·미용,S20701,미용실,S96112,두발 미용업,11,서울특별시,11230,동대문구,11230710,회기동,1123010800,회기동,1123010800100450053,1,대지,45,53,서울특별시 동대문구 회기동 45-53,112303105020,서울특별시 동대문구 회기로,150,,1123010800100450104010346,,서울특별시 동대문구 회기로 150,130872,02460,,2,,127.05291123219,37.5912492316543
MA010120220803128486,죽이야기경희의료원점,,I2,음식,I201,한식,I20101,백반/한정식,I56111,한식 일반 음식점업,11,서울특별시,11230,동대문구,11230710,회기동,1123010800,회기동,1123010800100010000,1,대지,1,,서울특별시 동대문구 회기동 1,112303105002,서울특별시 동대문구 경희대로,23,,,경희의료원,서울특별시 동대문구 경희대로 23,130702,02447,,2,,127.053254548608,37.5963486901452
MA010120220806918855,라무진회기점,,I2,음식,I205,동남아시아,I20501,베트남식 전문,I56129,기타 외국식 음식점업,11,서울특별시,11230,동대문구,11230710,회기동,1123010800,회기동,1123010800100450116,1,대지,45,116,서울특별시 동대문구 회기동 45-116,112304115697,서울특별시 동대문구 회기로23길,6,,1123010800100450116010853,,서울특별시 동대문구 회기로23길 6,130872,02452,,1,,127.054054667032,37.5910234655262
MA010120220803656620,경희공인중개사사무소,,L1,부동산,L102,부동산 서비스,L10203,부동산 중개/대리업,L68221,부동산 중개 및 대리업,11,서울특별시,11230,동대문구,11230710,회기동,1123010800,회기동,1123010800101030054,1,대지,103,54,서울특별시 동대문구 회기동 103-54,112303105020,서울특별시 동대문구 회기로,138,,1123010800100640008011462,,서울특별시 동대문구 회기로 138,130873,02459,,,,127.051756249266,37.5911596445417
MA010120220806623501,경희의료기,,G2,소매,G215,의약·화장품 소매,G21502,의료기기 소매업,G47812,의료용 기구 소매업,11,서울특별시,11230,동대문구,11230710,회기동,1123010800,회기동,1123010800101080020,1,대지,108,20,서울특별시 동대문구 회기동 108-20,112304115018,서울특별시 동대문구 경희대로1가길,39,,1123010800101080020010370,,서울특별시 동대문구 경희대로1가길 39,130873,02454,,1,,127.052199226724,37.5931506416408
MA010120220803668590,모두랑즉석떡볶기,,I2,음식,I210,기타 간이,I21007,김밥/만두/분식,I56194,김밥 및 기타 간이 음식점업,11,서울특별시,11230,동대문구,11230710,회기동,1123010800,회기동,1123010800100030032,1,대지,3,32,서울특별시 동대문구 회기동 3-32,112304115696,서울특별시 동대문구 회기로23가길,20,,1123010800100030032010620,지상,서울특별시 동대문구 회기로23가길 20,130872,02453,,1,,127.054293216397,37.5920865266184
MA010120220813419007,수선마당,,S2,수리·개인,S206,기타 가정용품 수리,S20601,의류/이불 수선업,S95391,의복 및 기타 가정용 직물제품 수리업,11,서울특별시,11230,동대문구,11230710,회기동,1123010800,회기동,1123010800100600053,1,대지,60,53,서울특별시 동대문구 회기동 60-53,112303105020,서울특별시 동대문구 회기로,131,1,1123010800100600053010742,일부,서울특별시 동대문구 회기로 131-1,130872,02454,,1,,127.051269637351,37.5915472834962
MA010120220813828877,프롬올리비아,,G2,소매,G204,종합 소매,G20404,슈퍼마켓,G47129,기타 음ㆍ식료품 위주 종합 소매업,11,서울특별시,11230,동대문구,11230710,회기동,1123010800,회기동,1123010800100080005,1,대지,8,5,서울특별시 동대문구 회기동 8-5,112304115022,서울특별시 동대문구 경희대로4길,22,,1123010800100080005010388,,서울특별시 동대문구 경희대로4길 22,130872,02453,,1,,127.05370449802,37.5921859050632
MA010120220803667117,홍익짬뽕경희대점,,I2,음식,I202,중식,I20201,중국집,I56121,중식 음식점업,11,서울특별시,11230,동대문구,11230710,회기동,1123010800,회기동,1123010800101070016,1,대지,107,16,서울특별시 동대문구 회기동 107-16,112304115689,서울특별시 동대문구 회기로13길,18,,1123010800101070016011471,,서울특별시 동대문구 회기로13길 18,130873,02454,,1,,127.051145579866,37.5922681308962
MA010120220812979474,토리컴퍼니,,P1,교육,P106,기타 교육,P10629,그 외 기타 교육기관,P85699,그 외 기타 분류 안된 교육기관,11,서울특별시,11230,동대문구,11230710,회기동,1123010800,회기동,1123010800101020108,1,대지,102,108,서울특별시 동대문구 회기동 102-108,112304115686,서울특별시 동대문구 회기로12길,25,,1123010800101020108011044,,서울특별시 동대문구 회기로12길 25,130873,02458,,,,127.050227177212,37.590412481631
MA010120220803713855,엘르,,G2,소매,G209,섬유·의복·신발 소매,G20902,여성 의류 소매업,G47412,여자용 겉옷 소매업,11,서울특별시,11230,동대문구,11230710,회기동,1123010800,회기동,1123010800100600108,1,대지,60,108,서울특별시 동대문구 회기동 60-108,112303105020,서울특별시 동대문구 회기로,117,,1123010800100600108010613,,서울특별시 동대문구 회기로 117,130872,02455,,,,127.049627897769,37.5916470943158
MA010120220800165916,대정이알피주,,P1,교육,P107,교육 지원,P10701,교육컨설팅업,P85701,교육관련 자문 및 평가업,11,서울특별시,11230,동대문구,11230710,회기동,1123010800,회기동,1123010800101100000,1,대지,110,,서울특별시 동대문구 회기동 110,112304115021,서울특별시 동대문구 경희대로3길,78,,1123010800101100000011409,명칭없음,서울특별시 동대문구 경희대로3길 78,130873,02454,,1,,127.049652249392,37.5942149107686
MA010120220803621544,열린부동산,,L1,부동산,L102,부동산 서비스,L10203,부동산 중개/대리업,L68221,부동산 중개 및 대리업,11,서울특별시,11230,동대문구,11230710,회기동,1123010800,회기동,1123010800103460007,1,대지,346,7,서울특별시 동대문구 회기동 346-7,112303105010,서울특별시 동대문구 이문로,29,,1123010800103460007011069,,서울특별시 동대문구 이문로 29,130881,02452,,,,127.055933711864,37.5903198161727
MA010120220803713854,투다리,,I2,음식,I211,주점,I21104,요리 주점,I56219,기타 주점업,11,서울특별시,11230,동대문구,11230710,회기동,1123010800,회기동,1123010800100760001,1,대지,76,1,서울특별시 동대문구 회기동 76-1,112303105020,서울특별시 동대문구 회기로,172,,1123010800100760001011098,,서울특별시 동대문구 회기로 172,130872,02460,,,,127.055073133836,37.5902391315429
MA010120220803664162,올치과의원,,Q1,보건의료,Q102,의원,Q10210,치과의원,Q86202,치과의원,11,서울특별시,11230,동대문구,11230710,회기동,1123010800,회기동,1123010800103460007,1,대지,346,7,서울특별시 동대문구 회기동 346-7,112303105010,서울특별시 동대문구 이문로,29,,1123010800103460007011069,광진빌딩,서울특별시 동대문구 이문로 29,130881,02452,,2,,127.055933711864,37.5903198161727
MA010120220807933141,수앤수,,G2,소매,G209,섬유·의복·신발 소매,G20907,액세서리/잡화 소매업,G47422,의복 액세서리 및 모조 장신구 소매업,11,서울특별시,11230,동대문구,11230710,회기동,1123010800,회기동,1123010800101020048,1,대지,102,48,서울특별시 동대문구 회기동 102-48,112304115684,서울특별시 동대문구 회기로10길,63,,1123010800101020048010843,서울삼육초등학교,서울특별시 동대문구 회기로10길 63,130873,02458,,,,127.048245252724,37.5896925145433
MA010120220812840692,신의주부대찌개,,I2,음식,I201,한식,I20102,국/탕/찌개류,I56111,한식 일반 음식점업,11,서울특별시,11230,동대문구,11230710,회기동,1123010800,회기동,1123010800101060001,1,대지,106,1,서울특별시 동대문구 회기동 106-1,112304115020,서울특별시 동대문구 경희대로1나길,20,,1123010800101060001010001,,서울특별시 동대문구 경희대로1나길 20,130873,02454,,1,,127.050511868656,37.5928180088388
MA010120220812146869,낭만헤어,,S2,수리·개인,S207,이용·미용,S20701,미용실,S96112,두발 미용업,11,서울특별시,11230,동대문구,11230710,회기동,1123010800,회기동,1123010800100160012,1,대지,16,12,서울특별시 동대문구 회기동 16-12,112304115022,서울특별시 동대문구 경희대로4길,7,,1123010800100160012010537,,서울특별시 동대문구 경희대로4길 7,130872,02453,,2,,127.053104647232,37.592555583146
MA010120220811901146,레지던스J,,I1,숙박,I102,기타 숙박,I10201,기숙사/고시원,I55901,기숙사 및 고시원 운영업,11,서울특별시,11230,동대문구,11230710,회기동,1123010800,회기동,1123010800100420071,1,대지,42,71,서울특별시 동대문구 회기동 42-71,112304115021,서울특별시 동대문구 경희대로3길,21,,1123010800100420071010478,,서울특별시 동대문구 경희대로3길 21,130872,02454,,,,127.051247770212,37.592682542839
MA010120220803656998,아트브런치,,G2,소매,G218,장식품 소매,G21801,예술품 소매업,G47841,예술품 및 골동품 소매업,11,서울특별시,11230,동대문구,11230710,회기동,1123010800,회기동,1123010800101030062,1,대지,103,62,서울특별시 동대문구 회기동 103-62,112304115690,서울특별시 동대문구 회기로14길,8,,1123010800101030062011359,,서울특별시 동대문구 회기로14길 8,130873,02459,,,,127.05062388403,37.5910249868214
MA010120220812369874,에이미디어,,N1,시설관리·임대,N108,기타 사업 서비스,N10802,전시/컨벤션/행사 대행 서비스업,N75992,전시; 컨벤션 및 행사 대행업,11,서울특별시,11230,동대문구,11230710,회기동,1123010800,회기동,1123010800100160020,1,대지,16,20,서울특별시 동대문구 회기동 16-20,112304115695,서울특별시 동대문구 회기로21길,13,,1123010800100160020041167,,서울특별시 동대문구 회기로21길 13,130872,02453,,지,,127.05314960583,37.5920870471203
MA010120220811928748,메이크픽스짐,,P1,교육,P106,기타 교육,P10603,요가/필라테스 학원,P85612,기타 스포츠 교육기관,11,서울특별시,11230,동대문구,11230710,회기동,1123010800,회기동,1123010800100540016,1,대지,54,16,서울특별시 동대문구 회기동 54-16,112304115022,서울특별시 동대문구 경희대로4길,64,,1123010800100540016010702,지층호,서울특별시 동대문구 경희대로4길 64,130872,02452,,지,,127.055640061849,37.591311046297
MA010120220803684597,마이크로칼리지,,P1,교육,P107,교육 지원,P10701,교육컨설팅업,P85701,교육관련 자문 및 평가업,11,서울특별시,11230,동대문구,11230710,회기동,1123010800,회기동,1123010800103460007,1,대지,346,7,서울특별시 동대문구 회기동 346-7,112303105010,서울특별시 동대문구 이문로,29,,1123010800103460007011069,광진빌딩,서울특별시 동대문구 이문로 29,130881,02452,,5,,127.055933711864,37.5903198161727
MA010120220808629750,명쿡,,I2,음식,I211,주점,I21103,생맥주 전문,I56213,생맥주 전문점,11,서울특별시,11230,동대문구,11230710,회기동,1123010800,회기동,1123010800100420053,1,대지,42,53,서울특별시 동대문구 회기동 42-53,112304115021,서울특별시 동대문구 경희대로3길,13,,1123010800100420053010488,,서울특별시 동대문구 경희대로3길 13,130872,02454,,지,,127.051666701325,37.5926553304465
MA010120220803724723,경희의료원,,Q1,보건의료,Q101,병원,Q10101,종합병원,Q86101,종합병원,11,서울특별시,11230,동대문구,11230710,회기동,1123010800,회기동,1123010800100010000,1,대지,1,,서울특별시 동대문구 회기동 1,112303105002,서울특별시 동대문구 경희대로,23,,,경희의료원,서울특별시 동대문구 경희대로 23,130702,02447,,,,127.053254548608,37.5963486901452
MA010120220812691379,감각,,S2,수리·개인,S207,이용·미용,S20701,미용실,S96112,두발 미용업,11,서울특별시,11230,동대문구,11230710,회기동,1123010800,회기동,1123010800103470006,1,대지,347,6,서울특별시 동대문구 회기동 347-6,112304115701,서울특별시 동대문구 회기로25길,4,,1123010800103470006010952,,서울특별시 동대문구 회기로25길 4,130881,02452,,2,,127.054824400204,37.5907347930333
MA010120220813038752,오관스시,,I2,음식,I203,일식,I20301,일식 회/초밥,I56122,일식 음식점업,11,서울특별시,11230,동대문구,11230710,회기동,1123010800,회기동,1123010800100600101,1,대지,60,101,서울특별시 동대문구 회기동 60-101,112303105020,서울특별시 동대문구 회기로,121,,1123010800100600101010735,,서울특별시 동대문구 회기로 121,130872,02454,,1,,127.050069457217,37.5916018582324
MA010120220813567498,두레박,,I2,음식,I201,한식,I20101,백반/한정식,I56111,한식 일반 음식점업,11,서울특별시,11230,동대문구,11230710,회기동,1123010800,회기동,1123010800101070027,1,대지,107,27,서울특별시 동대문구 회기동 107-27,112304115021,서울특별시 동대문구 경희대로3길,29,,1123010800101070027000001,천초빌딩,서울특별시 동대문구 경희대로3길 29,130873,02454,,1,,127.050817546453,37.5927548081993
MA010120220803656855,청하2노래연습장,,R1,예술·스포츠,R104,유원지·오락,R10407,노래방,R91223,노래 연습장 운영업,11,서울특별시,11230,동대문구,11230710,회기동,1123010800,회기동,1123010800100600065,1,대지,60,65,서울특별시 동대문구 회기동 60-65,112304115689,서울특별시 동대문구 회기로13길,10,,1123010800100600066010641,,서울특별시 동대문구 회기로13길 10,130872,02454,,지,,127.051066097904,37.5919438082106
MA010120220806949296,비틀,,I2,음식,I204,서양식,I20401,경양식,I56123,서양식 음식점업,11,서울특별시,11230,동대문구,11230710,회기동,1123010800,회기동,1123010800100420037,1,대지,42,37,서울특별시 동대문구 회기동 42-37,112304115019,서울특별시 동대문구 경희대로1길,8,8,1123010800100420037010637,,서울특별시 동대문구 경희대로1길 8-8,130872,02454,,지,,127.051949330744,37.592015502139
MA010120220806969373,9플러스,,I2,음식,I202,중식,I20201,중국집,I56121,중식 음식점업,11,서울특별시,11230,동대문구,11230710,회기동,1123010800,회기동,1123010800100420011,1,대지,42,11,서울특별시 동대문구 회기동 42-11,112304115021,서울특별시 동대문구 경희대로3길,14,,1123010800100420011011378,,서울특별시 동대문구 경희대로3길 14,130872,02454,,지,,127.051678167585,37.5928625535504
MA010120220809896257,웰돈카츠경희대점,,I2,음식,I203,일식,I20301,일식 회/초밥,I56122,일식 음식점업,11,서울특별시,11230,동대문구,11230710,회기동,1123010800,회기동,1123010800100420061,1,대지,42,61,서울특별시 동대문구 회기동 42-61,112304115018,서울특별시 동대문구 경희대로1가길,6,,1123010800100420061010637,,서울특별시 동대문구 경희대로1가길 6,130872,02454,,1,,127.051485087011,37.5920066956319
MA010120220803655657,반석빌,,R1,예술·스포츠,R102,도서관·사적지,R10202,독서실/스터디 카페,R90212,독서실 운영업,11,서울특별시,11230,동대문구,11230710,회기동,1123010800,회기동,1123010800100600076,1,대지,60,76,서울특별시 동대문구 회기동 60-76,112304115020,서울특별시 동대문구 경희대로1나길,16,,1123010800100600076000001,,서울특별시 동대문구 경희대로1나길 16,130872,02454,,,,127.050760784688,37.592538594577
MA010120220800676131,삼복한방닭한마리,,I2,음식,I201,한식,I20101,백반/한정식,I56111,한식 일반 음식점업,11,서울특별시,11230,동대문구,11230710,회기동,1123010800,회기동,1123010800100640045,1,대지,64,45,서울특별시 동대문구 회기동 64-45,112304115691,서울특별시 동대문구 회기로16길,5,1,1123010800100640045010831,,서울특별시 동대문구 회기로16길 5-1,130872,02459,,1,,127.051620314195,37.5910696048597
MA010120220808377889,플렉스빌,,I2,음식,I211,주점,I21104,요리 주점,I56219,기타 주점업,11,서울특별시,11230,동대문구,11230710,회기동,1123010800,회기동,1123010800100450077,1,대지,45,77,서울특별시 동대문구 회기동 45-77,112304115695,서울특별시 동대문구 회기로21길,6,,1123010800100450077010344,,서울특별시 동대문구 회기로21길 6,130872,02453,,1,,127.053149317494,37.5916816008636
MA010120220803653481,커피하이,,I2,음식,I212,비알코올 ,I21201,카페,I56221,커피 전문점,11,서울특별시,11230,동대문구,11230710,회기동,1123010800,회기동,1123010800100420007,1,대지,42,7,서울특별시 동대문구 회기동 42-7,112304115018,서울특별시 동대문구 경희대로1가길,34,,1123010800100420007010400,,서울특별시 동대문구 경희대로1가길 34,130872,02454,,1,,127.05189339833,37.5929976078915
MA010120220813717033,탕화쿵푸마라탕,,I2,음식,I202,중식,I20202,마라탕/훠궈,I56121,중식 음식점업,11,서울특별시,11230,동대문구,11230710,회기동,1123010800,회기동,1123010800100160069,1,대지,16,69,서울특별시 동대문구 회기동 16-69,112303105002,서울특별시 동대문구 경희대로,5,,1123010800100160069010622,,서울특별시 동대문구 경희대로 5,130872,02454,,1,,127.052153180064,37.5920694717607
MA010120220805194349,엠쏘씨케이,,I2,음식,I204,서양식,I20401,경양식,I56123,서양식 음식점업,11,서울특별시,11230,동대문구,11230710,회기동,1123010800,회기동,1123010800100420074,1,대지,42,74,서울특별시 동대문구 회기동 42-74,112304115689,서울특별시 동대문구 회기로13길,22,,1123010800100420074010567,,서울특별시 동대문구 회기로13길 22,130872,02454,,,,127.051213665476,37.5924843394303
MA010120220813820377,얼음왕국아이스크림이문2,76호점,G2,소매,G204,종합 소매,G20404,슈퍼마켓,G47129,기타 음ㆍ식료품 위주 종합 소매업,11,서울특별시,11230,동대문구,11230710,회기동,1123010800,회기동,1123010800100600128,1,대지,60,128,서울특별시 동대문구 회기동 60-128,112304115686,서울특별시 동대문구 회기로12길,5,,1123010800100600128010793,,서울특별시 동대문구 회기로12길 5,130872,02459,,,,127.049831420014,37.5912145323834
MA010120220807072197,커피메소드,,I2,음식,I212,비알코올 ,I21201,카페,I56221,커피 전문점,11,서울특별시,11230,동대문구,11230710,회기동,1123010800,회기동,1123010800100250000,1,대지,25,,서울특별시 동대문구 회기동 25,112304115695,서울특별시 동대문구 회기로21길,34,,1123010800100250000010426,,서울특별시 동대문구 회기로21길 34,130872,02453,,2,,127.053127536518,37.5928979497451
MA010120220811867274,제이콥큐브,,M1,과학·기술,M107,본사·경영 컨설팅,M10703,경영 컨설팅업,M71531,경영 컨설팅업,11,서울특별시,11230,동대문구,11230710,회기동,1123010800,회기동,1123010800100030201,1,대지,3,201,서울특별시 동대문구 회기동 3-201,112304115696,서울특별시 동대문구 회기로23가길,48,12,1123010800100030201010173,,서울특별시 동대문구 회기로23가길 48-12,130872,02453,,,,127.054781018091,37.5933386798829
MA010120220805223081,경희대점멘토즈스터디카페,,R1,예술·스포츠,R102,도서관·사적지,R10202,독서실/스터디 카페,R90212,독서실 운영업,11,서울특별시,11230,동대문구,11230710,회기동,1123010800,회기동,1123010800100450074,1,대지,45,74,서울특별시 동대문구 회기동 45-74,112303105020,서울특별시 동대문구 회기로,151,,1123010800100450074011351,,서울특별시 동대문구 회기로 151,130872,02453,,3,,127.053239694635,37.5913932426858
MA010120220803636068,트라이경희대점,,G2,소매,G209,섬유·의복·신발 소매,G20905,기타 의류 소매업,G47413,속옷 및 잠옷 소매업,11,서울특별시,11230,동대문구,11230710,회기동,1123010800,회기동,1123010800103460001,1,대지,346,1,서울특별시 동대문구 회기동 346-1,112303105020,서울특별시 동대문구 회기로,173,,1123010800103460001010200,,서울특별시 동대문구 회기로 173,130881,02452,,1,,127.055503599927,37.5905182374889
MA010120220803695055,미래전기,,G2,소매,G212,기타 생활용품 소매,G21201,전기용품/조명장치 소매업,G47591,전기용품 및 조명장치 소매업,11,서울특별시,11230,동대문구,11230710,회기동,1123010800,회기동,1123010800100160091,1,대지,16,91,서울특별시 동대문구 회기동 16-91,112304115695,서울특별시 동대문구 회기로21길,3,,1123010800100160091041170,,서울특별시 동대문구 회기로21길 3,130872,02453,,,,127.052934203141,37.5917087272916
MA010120220803620469,주문진,,I2,음식,I201,한식,I20111,횟집,I56114,한식 해산물 요리 전문점,11,서울특별시,11230,동대문구,11230710,회기동,1123010800,회기동,1123010800100600050,1,대지,60,50,서울특별시 동대문구 회기동 60-50,112304115019,서울특별시 동대문구 경희대로1길,11,,1123010800100600050011405,,서울특별시 동대문구 경희대로1길 11,130872,02454,,2,,127.051473509725,37.5916372939672
MA010120220812213756,라이트코인노래연습장,,R1,예술·스포츠,R104,유원지·오락,R10407,노래방,R91223,노래 연습장 운영업,11,서울특별시,11230,동대문구,11230710,회기동,1123010800,회기동,1123010800100160070,1,대지,16,70,서울특별시 동대문구 회기동 16-70,112303105002,서울특별시 동대문구 경희대로,5,1,1123010800100160070010609,,서울특별시 동대문구 경희대로 5-1,130872,02454,,,,127.052187205311,37.5921505459962
MA010120220800661981,폴링인풀포켓클럽,,R1,예술·스포츠,R103,스포츠 서비스,R10310,당구장,R91135,당구장 운영업,11,서울특별시,11230,동대문구,11230710,회기동,1123010800,회기동,1123010800100600059,1,대지,60,59,서울특별시 동대문구 회기동 60-59,112304115689,서울특별시 동대문구 회기로13길,6,,1123010800100600059010671,,서울특별시 동대문구 회기로13길 6,130872,02454,,3,,127.051065943997,37.5917185602807
MA010120220803185626,스타동,,I2,음식,I203,일식,I20301,일식 회/초밥,I56122,일식 음식점업,11,서울특별시,11230,동대문구,11230710,회기동,1123010800,회기동,1123010800100600092,1,대지,60,92,서울특별시 동대문구 회기동 60-92,112303105020,서울특별시 동대문구 회기로,127,,1123010800100600092011434,,서울특별시 동대문구 회기로 127,130872,02454,,1,,127.050726179849,37.5916015778256
MA010120220801064776,지피지이주,,I2,음식,I210,기타 간이,I21001,빵/도넛,I56191,제과점업,11,서울특별시,11230,동대문구,11230710,회기동,1123010800,회기동,1123010800100600145,1,대지,60,145,서울특별시 동대문구 회기동 60-145,112303105020,서울특별시 동대문구 회기로,112,,1123010800100600145010287,엠파이브,서울특별시 동대문구 회기로 112,130872,02457,,1,,127.048880356528,37.5912870094373
MA010120220814366596,경희음악학원,,P1,교육,P106,기타 교육,P10609,음악학원,P85621,음악학원,11,서울특별시,11230,동대문구,11230710,회기동,1123010800,회기동,1123010800100570022,1,대지,57,22,서울특별시 동대문구 회기동 57-22,112304115701,서울특별시 동대문구 회기로25길,11,,1123010800100570022010861,,서울특별시 동대문구 회기로25길 11,130872,02452,,2,,127.054983089944,37.5909689771701
MA010120220811714910,두꺼비로멘스경희대점,,I2,음식,I211,주점,I21104,요리 주점,I56219,기타 주점업,11,서울특별시,11230,동대문구,11230710,회기동,1123010800,회기동,1123010800101070007,1,대지,107,7,서울특별시 동대문구 회기동 107-7,112304115018,서울특별시 동대문구 경희대로1가길,4,,1123010800100420062010222,,서울특별시 동대문구 경희대로1가길 4,130873,02454,,2,,127.05147367727,37.5918805617328
MA010120220803635859,한상도행정사사무소,,M1,과학·기술,M103,법무관련 ,M10306,행정사,M71109,기타 법무관련 서비스업,11,서울특별시,11230,동대문구,11230710,회기동,1123010800,회기동,1123010800103460007,1,대지,346,7,서울특별시 동대문구 회기동 346-7,112303105010,서울특별시 동대문구 이문로,29,,1123010800103460007011069,,서울특별시 동대문구 이문로 29,130881,02452,,,,127.055933711864,37.5903198161727
MA010120220810282047,믿음공인중개사사무소,,L1,부동산,L102,부동산 서비스,L10203,부동산 중개/대리업,L68221,부동산 중개 및 대리업,11,서울특별시,11230,동대문구,11230710,회기동,1123010800,회기동,1123010800100540040,1,대지,54,40,서울특별시 동대문구 회기동 54-40,112304115701,서울특별시 동대문구 회기로25길,21,,1123010800100540040010755,,서울특별시 동대문구 회기로25길 21,130872,02452,,1,,127.055515384341,37.5911399165113
MA010120220810484583,경희탁구장,,R1,예술·스포츠,R103,스포츠 서비스,R10313,탁구장,R91139,그 외 기타 스포츠시설 운영업,11,서울특별시,11230,동대문구,11230710,회기동,1123010800,회기동,1123010800100420071,1,대지,42,71,서울특별시 동대문구 회기동 42-71,112304115021,서울특별시 동대문구 경희대로3길,21,,1123010800100420071010478,,서울특별시 동대문구 경희대로3길 21,130872,02454,,3,,127.051247770212,37.592682542839
MA010120220812944249,엄마의부엌,,G2,소매,G205,식료품 소매,G20509,반찬/식료품 소매업,G47218,조리 반찬류 소매업,11,서울특별시,11230,동대문구,11230710,회기동,1123010800,회기동,1123010800100030212,1,대지,3,212,서울특별시 동대문구 회기동 3-212,112304115023,서울특별시 동대문구 경희대로6길,16,,1123010800100030212011373,,서울특별시 동대문구 경희대로6길 16,130872,02453,,,,127.053354067271,37.5929969566625
MA010120220803623068,현대공인중개사사무소,,L1,부동산,L102,부동산 서비스,L10203,부동산 중개/대리업,L68221,부동산 중개 및 대리업,11,서울특별시,11230,동대문구,11230710,회기동,1123010800,회기동,1123010800100650000,1,대지,65,,서울특별시 동대문구 회기동 65,112304115342,서울특별시 동대문구 이문로1길,21,,1123010800100650000010212,청량리신현대아파트,서울특별시 동대문구 이문로1길 21,130792,02461,,,,127.051563078983,37.5901686377073
MA010120220813277217,불꽃냉면칼국수,,I2,음식,I201,한식,I20105,국수/칼국수,I56112,한식 면 요리 전문점,11,서울특별시,11230,동대문구,11230710,회기동,1123010800,회기동,1123010800100420053,1,대지,42,53,서울특별시 동대문구 회기동 42-53,112304115021,서울특별시 동대문구 경희대로3길,13,,1123010800100420053010488,,서울특별시 동대문구 경희대로3길 13,130872,02454,,2,,127.051666701325,37.5926553304465
MA010120220803665272,시니혀니비어,,I2,음식,I211,주점,I21103,생맥주 전문,I56213,생맥주 전문점,11,서울특별시,11230,동대문구,11230710,회기동,1123010800,회기동,1123010800100450055,1,대지,45,55,서울특별시 동대문구 회기동 45-55,112303105020,서울특별시 동대문구 회기로,161,3,1123010800100450055041175,,서울특별시 동대문구 회기로 161-3,130872,02452,,1,,127.053986672164,37.590942407356
MA010120220813655572,레프트커피,,I2,음식,I212,비알코올 ,I21201,카페,I56221,커피 전문점,11,서울특별시,11230,동대문구,11230710,회기동,1123010800,회기동,1123010800100610010,1,대지,61,10,서울특별시 동대문구 회기동 61-10,112303105020,서울특별시 동대문구 회기로,164,,1123010800100610010011024,,서울특별시 동대문구 회기로 164,130872,02460,,1,,127.054201463761,37.5904737930029
MA010120220805927489,써브웨이경희대점,,I2,음식,I210,기타 간이,I21005,토스트/샌드위치/샐러드,I56192,피자; 햄버거; 샌드위치 및 유사 음식점업,11,서울특별시,11230,동대문구,11230710,회기동,1123010800,회기동,1123010800100160070,1,대지,16,70,서울특별시 동대문구 회기동 16-70,112303105002,서울특별시 동대문구 경희대로,5,1,1123010800100160070010609,전체,서울특별시 동대문구 경희대로 5-1,130872,02454,,1,,127.052187205311,37.5921505459962
MA010120220800610741,세븐일레븐경희대,대현점,G2,소매,G204,종합 소매,G20405,편의점,G47122,체인화 편의점,11,서울특별시,11230,동대문구,11230710,회기동,1123010800,회기동,1123010800100570011,1,대지,57,11,서울특별시 동대문구 회기동 57-11,112303105020,서울특별시 동대문구 회기로,163,,1123010800100570011011354,,서울특별시 동대문구 회기로 163,130872,02452,,1,,127.054326268129,37.5908251225671
MA010120220804124276,류아필라테스회기점,,P1,교육,P106,기타 교육,P10603,요가/필라테스 학원,P85612,기타 스포츠 교육기관,11,서울특별시,11230,동대문구,11230710,회기동,1123010800,회기동,1123010800100160024,1,대지,16,24,서울특별시 동대문구 회기동 16-24,112303105020,서울특별시 동대문구 회기로,143,1,1123010800100160024010673,,서울특별시 동대문구 회기로 143-1,130872,02453,,3,,127.052583189388,37.5916998742681
MA010120220804120515,안암아줌마치킨경희대점,,I2,음식,I210,기타 간이,I21006,치킨,I56193,치킨 전문점,11,서울특별시,11230,동대문구,11230710,회기동,1123010800,회기동,1123010800100450076,1,대지,45,76,서울특별시 동대문구 회기동 45-76,112304115695,서울특별시 동대문구 회기로21길,4,,1123010800100450076010682,,서울특별시 동대문구 회기로21길 4,130872,02453,,2,,127.053103962213,37.5915915220772
MA010120220806539843,사라다방,,I2,음식,I212,비알코올 ,I21201,카페,I56192,피자; 햄버거; 샌드위치 및 유사 음식점업,11,서울특별시,11230,동대문구,11230710,회기동,1123010800,회기동,1123010800100450078,1,대지,45,78,서울특별시 동대문구 회기동 45-78,112303105020,서울특별시 동대문구 회기로,149,3,1123010800100450078010750,,서울특별시 동대문구 회기로 149-3,130872,02453,,지,,127.053251100862,37.5915103665051
MA010120220803667718,이삭,,I2,음식,I210,기타 간이,I21003,피자,I56192,피자; 햄버거; 샌드위치 및 유사 음식점업,11,서울특별시,11230,동대문구,11230710,회기동,1123010800,회기동,1123010800100420084,1,대지,42,84,서울특별시 동대문구 회기동 42-84,112303105002,서울특별시 동대문구 경희대로,9,1,1123010800100420002010529,,서울특별시 동대문구 경희대로 9-1,130872,02454,,1,,127.052232786522,37.5925649821084
MA010120220809792359,블랙왁싱,,S2,수리·개인,S207,이용·미용,S20702,피부 관리실,S96113,피부 미용업,11,서울특별시,11230,동대문구,11230710,회기동,1123010800,회기동,1123010800100620006,1,대지,62,6,서울특별시 동대문구 회기동 62-6,112304115702,서울특별시 동대문구 회기로26길,14,,1123010800100620006041425,회기동근생및주택,서울특별시 동대문구 회기로26길 14,130872,02460,,2,,127.054303210344,37.5902575081096
MA010120220808575606,텐텐레지던스,,I1,숙박,I102,기타 숙박,I10201,기숙사/고시원,I55901,기숙사 및 고시원 운영업,11,서울특별시,11230,동대문구,11230710,회기동,1123010800,회기동,1123010800100420010,1,대지,42,10,서울특별시 동대문구 회기동 42-10,112304115018,서울특별시 동대문구 경희대로1가길,32,,1123010800100420010010396,회기빌딩,서울특별시 동대문구 경희대로1가길 32,130872,02454,,5,,127.051746211608,37.5930156923473
MA010120220812490720,청년다방경희대점,,I2,음식,I210,기타 간이,I21007,김밥/만두/분식,I56194,김밥 및 기타 간이 음식점업,11,서울특별시,11230,동대문구,11230710,회기동,1123010800,회기동,1123010800100600041,1,대지,60,41,서울특별시 동대문구 회기동 60-41,112303105020,서울특별시 동대문구 회기로,139,,1123010800100600041010360,전부,서울특별시 동대문구 회기로 139,130872,02454,,1,,127.051948948719,37.5914658971894
MA010120220813888534,만타,,G2,소매,G209,섬유·의복·신발 소매,G20905,기타 의류 소매업,G47414,셔츠 및 블라우스 소매업,11,서울특별시,11230,동대문구,11230710,회기동,1123010800,회기동,1123010800103460016,1,대지,346,16,서울특별시 동대문구 회기동 346-16,112304115022,서울특별시 동대문구 경희대로4길,72,,1123010800103460016010798,,서울특별시 동대문구 경희대로4길 72,130881,02452,,,,127.056274068509,37.591220646524
MA010120220802382508,매그놀리아신경과학연구회,,M1,과학·기술,M105,광고,M10501,광고 대행업,M71310,광고 대행업,11,서울특별시,11230,동대문구,11230710,회기동,1123010800,회기동,1123010800100010000,1,대지,1,,서울특별시 동대문구 회기동 1,112303105002,서울특별시 동대문구 경희대로,23,,,경희의료원,서울특별시 동대문구 경희대로 23,130702,02447,,6,,127.053254548608,37.5963486901452
MA010120220803666374,라온당구클럽,,R1,예술·스포츠,R103,스포츠 서비스,R10310,당구장,R91135,당구장 운영업,11,서울특별시,11230,동대문구,11230710,회기동,1123010800,회기동,1123010800100360026,1,대지,36,26,서울특별시 동대문구 회기동 36-26,112304115021,서울특별시 동대문구 경희대로3길,2,,1123010800100360026010462,,서울특별시 동대문구 경희대로3길 2,130872,02454,,4,,127.052357477834,37.5927631450708
MA010120220813432499,아이센스리그PC,,R1,예술·스포츠,R104,유원지·오락,R10406,PC방,R91222,컴퓨터 게임방 운영업,11,서울특별시,11230,동대문구,11230710,회기동,1123010800,회기동,1123010800101070007,1,대지,107,7,서울특별시 동대문구 회기동 107-7,112304115018,서울특별시 동대문구 경희대로1가길,4,,1123010800100420062010222,,서울특별시 동대문구 경희대로1가길 4,130873,02454,,1,,127.05147367727,37.5918805617328
MA010120220803610410,GS25경희점,,G2,소매,G204,종합 소매,G20405,편의점,G47122,체인화 편의점,11,서울특별시,11230,동대문구,11230710,회기동,1123010800,회기동,1123010800100360026,1,대지,36,26,서울특별시 동대문구 회기동 36-26,112304115021,서울특별시 동대문구 경희대로3길,2,,1123010800100360026010462,,서울특별시 동대문구 경희대로3길 2,130872,02454,,,,127.052357477834,37.5927631450708
MA010120220803634001,아쿠아플러스,,I2,음식,I201,한식,I20101,백반/한정식,I56111,한식 일반 음식점업,11,서울특별시,11230,동대문구,11230710,회기동,1123010800,회기동,1123010800100420036,1,대지,42,36,서울특별시 동대문구 회기동 42-36,112304115019,서울특별시 동대문구 경희대로1길,8,10,1123010800100420036010617,,서울특별시 동대문구 경희대로1길 8-10,130872,02454,,2,,127.051994684893,37.5921055813635
MA010120220804450624,칠성포차경희대점,,I2,음식,I211,주점,I21104,요리 주점,I56219,기타 주점업,11,서울특별시,11230,동대문구,11230710,회기동,1123010800,회기동,1123010800100420035,1,대지,42,35,서울특별시 동대문구 회기동 42-35,112304115019,서울특별시 동대문구 경희대로1길,8,12,1123010800100420035010608,,서울특별시 동대문구 경희대로1길 8-12,130872,02454,,2,,127.051994728771,37.5921686507797
MA010120220814263205,세르피에시크릿점,,S2,수리·개인,S207,이용·미용,S20701,미용실,S96112,두발 미용업,11,서울특별시,11230,동대문구,11230710,회기동,1123010800,회기동,1123010800100160028,1,대지,16,28,서울특별시 동대문구 회기동 16-28,112304115693,서울특별시 동대문구 회기로19길,9,,1123010800100160028011419,,서울특별시 동대문구 회기로19길 9,130872,02453,,1,,127.052753273333,37.5920421753241
MA010120220803653121,또순이순대보쌈,,I2,음식,I201,한식,I20101,백반/한정식,I56111,한식 일반 음식점업,11,서울특별시,11230,동대문구,11230710,회기동,1123010800,회기동,1123010800100420005,1,대지,42,5,서울특별시 동대문구 회기동 42-5,112304115018,서울특별시 동대문구 경희대로1가길,42,,1123010800100420005010285,,서울특별시 동대문구 경희대로1가길 42,130872,02454,,1,,127.05210851049,37.592961473448
MA010120220805697252,엠제이헤어,,S2,수리·개인,S207,이용·미용,S20701,미용실,S96112,두발 미용업,11,서울특별시,11230,동대문구,11230710,회기동,1123010800,회기동,1123010800100160033,1,대지,16,33,서울특별시 동대문구 회기동 16-33,112304115022,서울특별시 동대문구 경희대로4길,6,,1123010800100160033010177,,서울특별시 동대문구 경희대로4길 6,130872,02453,,2,,127.052855478653,37.5924655958003
MA010120220803661684,이즈헤어,,S2,수리·개인,S207,이용·미용,S20701,미용실,S96112,두발 미용업,11,서울특별시,11230,동대문구,11230710,회기동,1123010800,회기동,1123010800100160047,1,대지,16,47,서울특별시 동대문구 회기동 16-47,112304115022,서울특별시 동대문구 경희대로4길,1,,1123010800100160047011389,,서울특별시 동대문구 경희대로4길 1,130872,02453,,,,127.052708382176,37.5926098202785
MA010120220803696928,의황문화사,,N1,시설관리·임대,N107,사무 지원,N10703,복사업,N75912,복사업,11,서울특별시,11230,동대문구,11230710,회기동,1123010800,회기동,1123010800100010005,1,대지,1,5,서울특별시 동대문구 회기동 1-5,112303105002,서울특별시 동대문구 경희대로,26,,1123010800100010003041260,경희대학교,서울특별시 동대문구 경희대로 26,130701,02447,,,,127.054883375636,37.593951306684
MA010120220808506593,아마스빈경희대점,,I2,음식,I212,비알코올 ,I21201,카페,I56229,기타 비알코올 음료점업,11,서울특별시,11230,동대문구,11230710,회기동,1123010800,회기동,1123010800100160053,1,대지,16,53,서울특별시 동대문구 회기동 16-53,112303105002,서울특별시 동대문구 경희대로,6,,1123010800100160053010623,,서울특별시 동대문구 경희대로 6,130872,02453,,1,,127.052583455634,37.5920782907775
MA010120220803663435,티엘씨,,I2,음식,I211,주점,I21104,요리 주점,I56219,기타 주점업,11,서울특별시,11230,동대문구,11230710,회기동,1123010800,회기동,1123010800100600055,1,대지,60,55,서울특별시 동대문구 회기동 60-55,112304115019,서울특별시 동대문구 경희대로1길,15,,1123010800100600055010674,,서울특별시 동대문구 경희대로1길 15,130872,02454,,2,,127.051247102964,37.5917094718451
MA010120220803724718,삼육학원학,,N1,시설관리·임대,N107,사무 지원,N10799,기타 사무 지원 서비스업,N75919,기타 사무 지원 서비스업,11,서울특별시,11230,동대문구,11230710,회기동,1123010800,회기동,1123010800100660001,1,대지,66,1,서울특별시 동대문구 회기동 66-1,112304115342,서울특별시 동대문구 이문로1길,11,,1123010700100010001000167,,서울특별시 동대문구 이문로1길 11,130872,02461,,,,127.052410857774,37.5881500413615
MA010120220800080439,장군집,,I2,음식,I201,한식,I20107,돼지고기 구이/찜,I56113,한식 육류 요리 전문점,11,서울특별시,11230,동대문구,11230710,회기동,1123010800,회기동,1123010800100540039,1,대지,54,39,서울특별시 동대문구 회기동 54-39,112304115701,서울특별시 동대문구 회기로25길,23,5,1123010800100540039010758,,서울특별시 동대문구 회기로25길 23-5,130872,02452,,1,,127.055379491516,37.5911129505858
MA010120220803657164,미래ACE공인중개사사무소,,L1,부동산,L102,부동산 서비스,L10203,부동산 중개/대리업,L68221,부동산 중개 및 대리업,11,서울특별시,11230,동대문구,11230710,회기동,1123010800,회기동,1123010800100770040,1,대지,77,40,서울특별시 동대문구 회기동 77-40,112303105010,서울특별시 동대문구 이문로,19,,1123010800100770040011200,한성베스트빌,서울특별시 동대문구 이문로 19,130872,02460,,1,,127.055186047134,37.5898156124497
MA010120220813601515,똘똘공인중개사사무소,,L1,부동산,L102,부동산 서비스,L10203,부동산 중개/대리업,L68221,부동산 중개 및 대리업,11,서울특별시,11230,동대문구,11230710,회기동,1123010800,회기동,1123010800100160056,1,대지,16,56,서울특별시 동대문구 회기동 16-56,112303105002,서울특별시 동대문구 경희대로,2,,1123010800100160056010659,,서울특별시 동대문구 경희대로 2,130872,02453,,1,,127.052560626125,37.5918170132766
MA010120220812814634,자유,,G2,소매,G215,의약·화장품 소매,G21503,화장품 소매업,G47813,화장품; 비누 및 방향제 소매업,11,서울특별시,11230,동대문구,11230710,회기동,1123010800,회기동,1123010800100160050,1,대지,16,50,서울특별시 동대문구 회기동 16-50,112303105002,서울특별시 동대문구 경희대로,8,1,1123010800100160050010566,,서울특별시 동대문구 경희대로 8-1,130872,02453,,3,,127.052640241359,37.5923215332852
MA010120220803801152,거성크루,,G2,소매,G208,가전·통신 소매,G20802,핸드폰 소매업,G47312,통신기기 소매업,11,서울특별시,11230,동대문구,11230710,회기동,1123010800,회기동,1123010800100310001,1,대지,31,1,서울특별시 동대문구 회기동 31-1,112303105002,서울특별시 동대문구 경희대로,18,,1123010800100310001010253,,서울특별시 동대문구 경희대로 18,130872,02453,,,,127.052855848242,37.5929881709032
MA010120220803650863,생도야지세상,,I2,음식,I201,한식,I20107,돼지고기 구이/찜,I56113,한식 육류 요리 전문점,11,서울특별시,11230,동대문구,11230710,회기동,1123010800,회기동,1123010800100420020,1,대지,42,20,서울특별시 동대문구 회기동 42-20,112304115021,서울특별시 동대문구 경희대로3길,22,,1123010800100420020010438,,서울특별시 동대문구 경희대로3길 22,130872,02454,,,,127.051270564494,37.592898770981
MA010120220813978088,세시봉,,I2,음식,I211,주점,I21104,요리 주점,I56219,기타 주점업,11,서울특별시,11230,동대문구,11230710,회기동,1123010800,회기동,1123010800100720002,1,대지,72,2,서울특별시 동대문구 회기동 72-2,112303105010,서울특별시 동대문구 이문로,13,,1123010800100720002011277,,서울특별시 동대문구 이문로 13,130872,02460,,1,,127.054495004771,37.5893113778163
MA010120220814392815,래디,,M1,과학·기술,M112,전문 디자인,M11203,시각 디자인업,M73203,시각 디자인업,11,서울특별시,11230,동대문구,11230710,회기동,1123010800,회기동,1123010800101090096,1,대지,109,96,서울특별시 동대문구 회기동 109-96,112304115020,서울특별시 동대문구 경희대로1나길,50,,1123010800101090096011324,플러스빌,서울특별시 동대문구 경희대로1나길 50,130873,02454,,,,127.04985533368,37.5931156152764
MA010120220803652671,더와요,,I2,음식,I210,기타 간이,I21007,김밥/만두/분식,I56194,김밥 및 기타 간이 음식점업,11,서울특별시,11230,동대문구,11230710,회기동,1123010800,회기동,1123010800100160012,1,대지,16,12,서울특별시 동대문구 회기동 16-12,112304115022,서울특별시 동대문구 경희대로4길,7,,1123010800100160012010537,,서울특별시 동대문구 경희대로4길 7,130872,02453,,1,,127.053104647232,37.592555583146
MA010120220803643755,큐노래연습장,,R1,예술·스포츠,R104,유원지·오락,R10407,노래방,R91223,노래 연습장 운영업,11,서울특별시,11230,동대문구,11230710,회기동,1123010800,회기동,1123010800100600050,1,대지,60,50,서울특별시 동대문구 회기동 60-50,112304115019,서울특별시 동대문구 경희대로1길,11,,1123010800100600050011405,,서울특별시 동대문구 경희대로1길 11,130872,02454,,지,,127.051473509725,37.5916372939672
MA010120220808386081,홍춘천회기경희대점,,I2,음식,I201,한식,I20101,백반/한정식,I56111,한식 일반 음식점업,11,서울특별시,11230,동대문구,11230710,회기동,1123010800,회기동,1123010800100600065,1,대지,60,65,서울특별시 동대문구 회기동 60-65,112304115689,서울특별시 동대문구 회기로13길,10,,1123010800100600066010641,,서울특별시 동대문구 회기로13길 10,130872,02454,,,,127.051066097904,37.5919438082106
MA010120220803633857,머시헤어,,S2,수리·개인,S207,이용·미용,S20701,미용실,S96112,두발 미용업,11,서울특별시,11230,동대문구,11230710,회기동,1123010800,회기동,1123010800100160061,1,대지,16,61,서울특별시 동대문구 회기동 16-61,112303105002,서울특별시 동대문구 경희대로,1,,1123010800100160061010666,,서울특별시 동대문구 경희대로 1,130872,02454,,3,,127.052107662418,37.5917451347547
MA010120220812623130,한국음식평론가협회지식협동조합,,P1,교육,P107,교육 지원,P10701,교육컨설팅업,P85701,교육관련 자문 및 평가업,11,서울특별시,11230,동대문구,11230710,회기동,1123010800,회기동,1123010800101030261,1,대지,103,261,서울특별시 동대문구 회기동 103-261,112304115683,서울특별시 동대문구 회기로10가길,35,2,1123010800101030261010891,,서울특별시 동대문구 회기로10가길 35-2,130873,02457,,,,127.049106580782,37.5909355286161
MA010120220800893253,쥬스앤아이,,I2,음식,I212,비알코올 ,I21201,카페,I56229,기타 비알코올 음료점업,11,서울특별시,11230,동대문구,11230710,회기동,1123010800,회기동,1123010800103460007,1,대지,346,7,서울특별시 동대문구 회기동 346-7,112303105010,서울특별시 동대문구 이문로,29,,1123010800103460007011069,,서울특별시 동대문구 이문로 29,130881,02452,,,,127.055933711864,37.5903198161727
MA010120220812267690,브로우빈,,S2,수리·개인,S207,이용·미용,S20702,피부 관리실,S96113,피부 미용업,11,서울특별시,11230,동대문구,11230710,회기동,1123010800,회기동,1123010800100160053,1,대지,16,53,서울특별시 동대문구 회기동 16-53,112303105002,서울특별시 동대문구 경희대로,6,,1123010800100160053010623,,서울특별시 동대문구 경희대로 6,130872,02453,,3,,127.052583455634,37.5920782907775
MA010120220800093747,크치치킨,,I2,음식,I210,기타 간이,I21006,치킨,I56193,치킨 전문점,11,서울특별시,11230,동대문구,11230710,회기동,1123010800,회기동,1123010800100600093,1,대지,60,93,서울특별시 동대문구 회기동 60-93,112303105020,서울특별시 동대문구 회기로,125,,1123010800100600093011418,,서울특별시 동대문구 회기로 125,130872,02454,,1,,127.050533704366,37.5916196802275
MA010120220812482494,엣플레이살롱,,S2,수리·개인,S207,이용·미용,S20701,미용실,S96112,두발 미용업,11,서울특별시,11230,동대문구,11230710,회기동,1123010800,회기동,1123010800100600063,1,대지,60,63,서울특별시 동대문구 회기동 60-63,112304115689,서울특별시 동대문구 회기로13길,14,,1123010800100600063010611,,서울특별시 동대문구 회기로13길 14,130872,02454,,2,,127.05108884216,37.5920879570815
MA010120220812201300,회기살롱,,S2,수리·개인,S207,이용·미용,S20701,미용실,S96112,두발 미용업,11,서울특별시,11230,동대문구,11230710,회기동,1123010800,회기동,1123010800103460006,1,대지,346,6,서울특별시 동대문구 회기동 346-6,112303105010,서울특별시 동대문구 이문로,31,,1123010800103460006011051,,서울특별시 동대문구 이문로 31,130881,02452,,2,,127.055979069781,37.5904098938892
MA010120220809377847,유성관정육식당,,G2,소매,G205,식료품 소매,G20503,정육점,G47212,육류 소매업,11,서울특별시,11230,동대문구,11230710,회기동,1123010800,회기동,1123010800100420023,1,대지,42,23,서울특별시 동대문구 회기동 42-23,112304115021,서울특별시 동대문구 경희대로3길,30,,1123010800100420023010391,,서울특별시 동대문구 경희대로3길 30,130872,02454,,1,,127.050817717996,37.5930070858368
MA010120220807940669,지에스25회기한양점,,G2,소매,G204,종합 소매,G20405,편의점,G47122,체인화 편의점,11,서울특별시,11230,동대문구,11230710,회기동,1123010800,회기동,1123010800100540035,1,대지,54,35,서울특별시 동대문구 회기동 54-35,112304115701,서울특별시 동대문구 회기로25길,23,,1123010800100540035010788,,서울특별시 동대문구 회기로25길 23,130872,02452,,,,127.055662633554,37.5912119265286
MA010120220814271282,한림공인중개사사무소,,L1,부동산,L102,부동산 서비스,L10203,부동산 중개/대리업,L68221,부동산 중개 및 대리업,11,서울특별시,11230,동대문구,11230710,회기동,1123010800,회기동,1123010800100650091,1,대지,65,91,서울특별시 동대문구 회기동 65-91,112304115342,서울특별시 동대문구 이문로1길,16,3,1123010800100650091011298,,서울특별시 동대문구 이문로1길 16-3,130872,02461,,,,127.053124833844,37.5890957642751
MA010120220807822705,제미농산물,,G2,소매,G205,식료품 소매,G20506,채소/과일 소매업,G47215,채소; 과실 및 뿌리작물 소매업,11,서울특별시,11230,동대문구,11230710,회기동,1123010800,회기동,1123010800100650090,1,대지,65,90,서울특별시 동대문구 회기동 65-90,112304115342,서울특별시 동대문구 이문로1길,26,,1123010800100650090011288,,서울특별시 동대문구 이문로1길 26,130872,02461,,1,,127.05300035107,37.5891859194748
MA010120220813589065,코코버블티경희대,입구점,I2,음식,I212,비알코올 ,I21201,카페,I56229,기타 비알코올 음료점업,11,서울특별시,11230,동대문구,11230710,회기동,1123010800,회기동,1123010800100350000,1,대지,35,,서울특별시 동대문구 회기동 35,112304115023,서울특별시 동대문구 경희대로6길,3,10,1123010800100350000010270,,서울특별시 동대문구 경희대로6길 3-10,130872,02453,,1,,127.053048857519,37.5937178876279
MA010120220803713872,빅애플모텔,,I1,숙박,I101,일반 숙박,I10102,여관/모텔,I55102,여관업,11,서울특별시,11230,동대문구,11230710,회기동,1123010800,회기동,1123010800100730009,1,대지,73,9,서울특별시 동대문구 회기동 73-9,112303105010,서울특별시 동대문구 이문로,15,1,1123010800100730009011214,,서울특별시 동대문구 이문로 15-1,130872,02460,,,,127.054789533934,37.5895094597855
MA010120220805951469,코코레지던스경희대,,I1,숙박,I102,기타 숙박,I10201,기숙사/고시원,I55901,기숙사 및 고시원 운영업,11,서울특별시,11230,동대문구,11230710,회기동,1123010800,회기동,1123010800100600059,1,대지,60,59,서울특별시 동대문구 회기동 60-59,112304115689,서울특별시 동대문구 회기로13길,6,,1123010800100600059010671,,서울특별시 동대문구 회기로13길 6,130872,02454,,5,,127.051065943997,37.5917185602807
MA010120220808582694,자블라니,,G2,소매,G213,오락용품 소매,G21304,운동용품 소매업,G47631,운동 및 경기용품 소매업,11,서울특별시,11230,동대문구,11230710,회기동,1123010800,회기동,1123010800100720009,1,대지,72,9,서울특별시 동대문구 회기동 72-9,112303105010,서울특별시 동대문구 이문로,15,,1123010800100670007011267,,서울특별시 동대문구 이문로 15,130872,02460,,,,127.054732848928,37.589410376927
MA010120220803664231,제이치과,,Q1,보건의료,Q102,의원,Q10210,치과의원,Q86202,치과의원,11,서울특별시,11230,동대문구,11230710,회기동,1123010800,회기동,1123010800103460018,1,대지,346,18,서울특별시 동대문구 회기동 346-18,112303105010,서울특별시 동대문구 이문로,37,,1123010800103460018000124,베라체캠퍼스,서울특별시 동대문구 이문로 37,130881,02452,,3,,127.056036013894,37.590851353023
MA010120220811485847,세븐틴,,I2,음식,I210,기타 간이,I21003,피자,I56192,피자; 햄버거; 샌드위치 및 유사 음식점업,11,서울특별시,11230,동대문구,11230710,회기동,1123010800,회기동,1123010800100170000,1,대지,17,,서울특별시 동대문구 회기동 17,112304115695,서울특별시 동대문구 회기로21길,22,,1123010800100170000041172,,서울특별시 동대문구 회기로21길 22,130872,02453,,,,127.053387579334,37.5923572372974
MA010120220803657443,더진국수육국밥경희대점,,I2,음식,I201,한식,I20102,국/탕/찌개류,I56111,한식 일반 음식점업,11,서울특별시,11230,동대문구,11230710,회기동,1123010800,회기동,1123010800100420011,1,대지,42,11,서울특별시 동대문구 회기동 42-11,112304115021,서울특별시 동대문구 경희대로3길,14,,1123010800100420011011378,,서울특별시 동대문구 경희대로3길 14,130872,02454,,,,127.051678167585,37.5928625535504
MA010120220803713865,석우사,,N1,시설관리·임대,N107,사무 지원,N10703,복사업,N75912,복사업,11,서울특별시,11230,동대문구,11230710,회기동,1123010800,회기동,1123010800100010005,1,대지,1,5,서울특별시 동대문구 회기동 1-5,112303105002,서울특별시 동대문구 경희대로,26,,1123010800100010003041260,경희대학교,서울특별시 동대문구 경희대로 26,130701,02447,,,,127.054883375636,37.593951306684
MA010120220803662048,텐텐레지던스,,I1,숙박,I102,기타 숙박,I10201,기숙사/고시원,I55901,기숙사 및 고시원 운영업,11,서울특별시,11230,동대문구,11230710,회기동,1123010800,회기동,1123010800100420010,1,대지,42,10,서울특별시 동대문구 회기동 42-10,112304115018,서울특별시 동대문구 경희대로1가길,32,,1123010800100420010010396,,서울특별시 동대문구 경희대로1가길 32,130872,02454,,1,,127.051746211608,37.5930156923473
MA010120220812898135,라구퀸,,I2,음식,I204,서양식,I20401,경양식,I56123,서양식 음식점업,11,서울특별시,11230,동대문구,11230710,회기동,1123010800,회기동,1123010800101030016,1,대지,103,16,서울특별시 동대문구 회기동 103-16,112304115692,서울특별시 동대문구 회기로18길,16,,1123010800101030016010901,,서울특별시 동대문구 회기로18길 16,130873,02460,,1,,127.052582625216,37.5908979915846
MA010120220803359897,메가스테이경희대점,,I1,숙박,I102,기타 숙박,I10201,기숙사/고시원,I55901,기숙사 및 고시원 운영업,11,서울특별시,11230,동대문구,11230710,회기동,1123010800,회기동,1123010800100030144,1,대지,3,144,서울특별시 동대문구 회기동 3-144,112304115023,서울특별시 동대문구 경희대로6길,7,37,1123010800100030144041163,백마빌딩,서울특별시 동대문구 경희대로6길 7-37,130872,02453,,1,,127.053614968476,37.5936545624145
MA010120220808371780,베스트라이프시스템,,I1,숙박,I101,일반 숙박,I10102,여관/모텔,I55102,여관업,11,서울특별시,11230,동대문구,11230710,회기동,1123010800,회기동,1123010800100720010,1,대지,72,10,서울특별시 동대문구 회기동 72-10,112303105010,서울특별시 동대문구 이문로,13,1,1123010800100720010011270,,서울특별시 동대문구 이문로 13-1,130872,02460,,2,,127.054676203617,37.5893653535623
MA010120220810077401,커피순,,I2,음식,I212,비알코올 ,I21201,카페,I56221,커피 전문점,11,서울특별시,11230,동대문구,11230710,회기동,1123010800,회기동,1123010800100160068,1,대지,16,68,서울특별시 동대문구 회기동 16-68,112303105002,서울특별시 동대문구 경희대로,3,1,1123010800100160068010640,,서울특별시 동대문구 경희대로 3-1,130872,02454,,2,,127.052153123477,37.5919883825101
MA010120220803640307,수아,,S2,수리·개인,S207,이용·미용,S20703,네일숍,S96119,기타 미용업,11,서울특별시,11230,동대문구,11230710,회기동,1123010800,회기동,1123010800100450049,1,대지,45,49,서울특별시 동대문구 회기동 45-49,112303105020,서울특별시 동대문구 회기로,149,,1123010800100450049041174,,서울특별시 동대문구 회기로 149,130872,02453,,2,,127.053058619833,37.5915194631066
MA010120220813469724,턴키2,,G2,소매,G209,섬유·의복·신발 소매,G20901,남성 의류 소매업,G47411,남자용 겉옷 소매업,11,서울특별시,11230,동대문구,11230710,회기동,1123010800,회기동,1123010800100030251,1,대지,3,251,서울특별시 동대문구 회기동 3-251,112304115696,서울특별시 동대문구 회기로23가길,22,,1123010800100030251010596,,서울특별시 동대문구 회기로23가길 22,130872,02453,,1,,127.05432727672,37.5922126498157
MA010120220810051729,마스,,G2,소매,G209,섬유·의복·신발 소매,G20902,여성 의류 소매업,G47412,여자용 겉옷 소매업,11,서울특별시,11230,동대문구,11230710,회기동,1123010800,회기동,1123010800100720010,1,대지,72,10,서울특별시 동대문구 회기동 72-10,112303105010,서울특별시 동대문구 이문로,13,1,1123010800100720010011270,,서울특별시 동대문구 이문로 13-1,130872,02460,,1,,127.054676203617,37.5893653535623
MA010120220805204600,유엠아이파트너스,,N1,시설관리·임대,N101,시설관리,N10101,사업시설 유지·관리 서비스업,N74100,사업시설 유지ㆍ관리 서비스업,11,서울특별시,11230,동대문구,11230710,회기동,1123010800,회기동,1123010800100020016,1,대지,2,16,서울특별시 동대문구 회기동 2-16,112304115701,서울특별시 동대문구 회기로25길,23,18,1123010800100020016011403,,서울특별시 동대문구 회기로25길 23-18,130872,02452,,,,127.054960835442,37.5915005728515
MA010120220803938222,깡통집,,I2,음식,I210,기타 간이,I21007,김밥/만두/분식,I56194,김밥 및 기타 간이 음식점업,11,서울특별시,11230,동대문구,11230710,회기동,1123010800,회기동,1123010800100600070,1,대지,60,70,서울특별시 동대문구 회기동 60-70,112304115689,서울특별시 동대문구 회기로13길,15,,1123010800100600070011410,,서울특별시 동대문구 회기로13길 15,130872,02454,,,,127.050839818531,37.592205193557
MA010120220800080277,안씨네원조쭈꾸미,,I2,음식,I201,한식,I20112,해산물 구이/찜,I56111,한식 일반 음식점업,11,서울특별시,11230,동대문구,11230710,회기동,1123010800,회기동,1123010800100750000,1,대지,75,,서울특별시 동대문구 회기동 75,112303105010,서울특별시 동대문구 이문로,17,26,1123010800100750000011157,,서울특별시 동대문구 이문로 17-26,130872,02460,,,,127.054699349671,37.5900500969842
MA010120220813154586,성지고시원,,I1,숙박,I102,기타 숙박,I10201,기숙사/고시원,I55901,기숙사 및 고시원 운영업,11,서울특별시,11230,동대문구,11230710,회기동,1123010800,회기동,1123010800100600102,1,대지,60,102,서울특별시 동대문구 회기동 60-102,112304115019,서울특별시 동대문구 경희대로1길,37,,1123010800100600103041595,,서울특별시 동대문구 경희대로1길 37,130872,02454,,,,127.050103528312,37.5917550124167
MA010120220806439303,레오펍,,I2,음식,I210,기타 간이,I21003,피자,I56192,피자; 햄버거; 샌드위치 및 유사 음식점업,11,서울특별시,11230,동대문구,11230710,회기동,1123010800,회기동,1123010800100190000,1,대지,19,,서울특별시 동대문구 회기동 19,112304115022,서울특별시 동대문구 경희대로4길,15,,1123010800100190000041173,,서울특별시 동대문구 경희대로4길 15,130872,02453,,1,,127.053512228201,37.5924923296342
MA010120220811854540,체리,,I1,숙박,I101,일반 숙박,I10102,여관/모텔,I55102,여관업,11,서울특별시,11230,동대문구,11230710,회기동,1123010800,회기동,1123010800100760008,1,대지,76,8,서울특별시 동대문구 회기동 76-8,112303105020,서울특별시 동대문구 회기로,174,2,1123010800100760001011143,,서울특별시 동대문구 회기로 174-2,130872,02460,,2,,127.05508439667,37.5901580369875
MA010120220800004445,씨유,카이스트점,G2,소매,G204,종합 소매,G20405,편의점,G47122,체인화 편의점,11,서울특별시,11230,동대문구,11230710,회기동,1123010800,회기동,1123010800100600106,1,대지,60,106,서울특별시 동대문구 회기동 60-106,112303105020,서울특별시 동대문구 회기로,119,,1123010800100600106010685,,서울특별시 동대문구 회기로 119,130872,02454,,,,127.04987697556,37.5916109496458
MA010120220803620975,고가모니한약국,,G2,소매,G215,의약·화장품 소매,G21501,약국,G47811,의약품 및 의료용품 소매업,11,서울특별시,11230,동대문구,11230710,회기동,1123010800,회기동,1123010800100420008,1,대지,42,8,서울특별시 동대문구 회기동 42-8,112304115021,서울특별시 동대문구 경희대로3길,10,,1123010800100420008010450,,서울특별시 동대문구 경희대로3길 10,130872,02454,,2,,127.051836658265,37.5928174344603
MA010120220810647382,도담레지던스,,I1,숙박,I102,기타 숙박,I10201,기숙사/고시원,I55901,기숙사 및 고시원 운영업,11,서울특별시,11230,동대문구,11230710,회기동,1123010800,회기동,1123010800100420023,1,대지,42,23,서울특별시 동대문구 회기동 42-23,112304115021,서울특별시 동대문구 경희대로3길,30,,1123010800100420023010391,,서울특별시 동대문구 경희대로3길 30,130872,02454,,,,127.050817717996,37.5930070858368
MA010120220802197394,경희제일약국,,G2,소매,G215,의약·화장품 소매,G21501,약국,G47811,의약품 및 의료용품 소매업,11,서울특별시,11230,동대문구,11230710,회기동,1123010800,회기동,1123010800101080006,1,대지,108,6,서울특별시 동대문구 회기동 108-6,112303105002,서울특별시 동대문구 경희대로,19,5,1123010800101080006010320,,서울특별시 동대문구 경희대로 19-5,130873,02454,,,,127.052221954647,37.5932677605174
MA010120220803625533,해오름,,I1,숙박,I102,기타 숙박,I10201,기숙사/고시원,I55901,기숙사 및 고시원 운영업,11,서울특별시,11230,동대문구,11230710,회기동,1123010800,회기동,1123010800100420021,1,대지,42,21,서울특별시 동대문구 회기동 42-21,112304115021,서울특별시 동대문구 경희대로3길,28,,1123010800100420021011489,,서울특별시 동대문구 경희대로3길 28,130872,02454,,4,,127.050987557102,37.5929980026736
MA010120220803629844,경희쌈밥,,I2,음식,I201,한식,I20101,백반/한정식,I56111,한식 일반 음식점업,11,서울특별시,11230,동대문구,11230710,회기동,1123010800,회기동,1123010800100420015,1,대지,42,15,서울특별시 동대문구 회기동 42-15,112304115018,서울특별시 동대문구 경희대로1가길,27,,1123010800100420015010421,,서울특별시 동대문구 경희대로1가길 27,130872,02454,,1,,127.051485813229,37.5930608558109
MA010120220803943713,조아라노래연습장,,R1,예술·스포츠,R104,유원지·오락,R10407,노래방,R91223,노래 연습장 운영업,11,서울특별시,11230,동대문구,11230710,회기동,1123010800,회기동,1123010800100600067,1,대지,60,67,서울특별시 동대문구 회기동 60-67,112304115689,서울특별시 동대문구 회기로13길,9,,1123010800100600067011401,,서울특별시 동대문구 회기로13길 9,130872,02454,,1,,127.050794349366,37.5919439254676
MA010120220805056789,정안식당,,I2,음식,I202,중식,I20201,중국집,I56121,중식 음식점업,11,서울특별시,11230,동대문구,11230710,회기동,1123010800,회기동,1123010800100160070,1,대지,16,70,서울특별시 동대문구 회기동 16-70,112303105002,서울특별시 동대문구 경희대로,5,1,1123010800100160070010609,,서울특별시 동대문구 경희대로 5-1,130872,02454,,3,,127.052187205311,37.5921505459962
MA010120220803657532,씨지포토,,M1,과학·기술,M113,사진 촬영,M11301,사진촬영업,M73301,인물 사진 및 행사용 영상 촬영업,11,서울특별시,11230,동대문구,11230710,회기동,1123010800,회기동,1123010800101030191,1,대지,103,191,서울특별시 동대문구 회기동 103-191,112304115687,서울특별시 동대문구 회기로12나길,36,3,1123010800101030190011171,,서울특별시 동대문구 회기로12나길 36-3,130873,02457,,,,127.04803036811,37.5900710189423
MA010120220808242543,알뜰야채과일,,G2,소매,G204,종합 소매,G20404,슈퍼마켓,G47121,슈퍼마켓,11,서울특별시,11230,동대문구,11230710,회기동,1123010800,회기동,1123010800103460000,1,대지,346,,서울특별시 동대문구 회기동 346,112303105020,서울특별시 동대문구 회기로,167,,1123010800103460000010929,,서울특별시 동대문구 회기로 167,130881,02452,,1,,127.054722410398,37.5906177113819
MA010120220810112929,공간헤어,,S2,수리·개인,S207,이용·미용,S20701,미용실,S96112,두발 미용업,11,서울특별시,11230,동대문구,11230710,회기동,1123010800,회기동,1123010800100310001,1,대지,31,1,서울특별시 동대문구 회기동 31-1,112303105002,서울특별시 동대문구 경희대로,18,,1123010800100310001010253,,서울특별시 동대문구 경희대로 18,130872,02453,,2,,127.052855848242,37.5929881709032
MA010120220812901888,브릿지앤컴퍼니,,G2,소매,G220,애완동물·용품 소매,G22001,애완동물/애완용품 소매업,G47852,애완용 동물 및 관련용품 소매업,11,서울특별시,11230,동대문구,11230710,회기동,1123010800,회기동,1123010800101060009,1,대지,106,9,서울특별시 동대문구 회기동 106-9,112304115020,서울특별시 동대문구 경희대로1나길,24,,1123010800101060009011496,,서울특별시 동대문구 경희대로1나길 24,130873,02454,,,,127.050285414953,37.5928271154508
MA010120220805473206,태규이용원,,S2,수리·개인,S207,이용·미용,S20701,미용실,S96111,이용업,11,서울특별시,11230,동대문구,11230710,회기동,1123010800,회기동,1123010800100600128,1,대지,60,128,서울특별시 동대문구 회기동 60-128,112304115686,서울특별시 동대문구 회기로12길,5,,1123010800100600128010793,,서울특별시 동대문구 회기로12길 5,130872,02459,,1,,127.049831420014,37.5912145323834
MA010120220809642412,보스턴샐러드하우스경희대점,,I2,음식,I210,기타 간이,I21005,토스트/샌드위치/샐러드,I56123,서양식 음식점업,11,서울특별시,11230,동대문구,11230710,회기동,1123010800,회기동,1123010800100420046,1,대지,42,46,서울특별시 동대문구 회기동 42-46,112304115019,서울특별시 동대문구 경희대로1길,8,11,1123010800100420046011475,,서울특별시 동대문구 경희대로1길 8-11,130872,02454,,6,,127.051734302309,37.592168765213
MA010120220803612366,압구정김밥,,I2,음식,I210,기타 간이,I21007,김밥/만두/분식,I56194,김밥 및 기타 간이 음식점업,11,서울특별시,11230,동대문구,11230710,회기동,1123010800,회기동,1123010800100360025,1,대지,36,25,서울특별시 동대문구 회기동 36-25,112303105002,서울특별시 동대문구 경희대로,15,,1123010800100420001010423,,서울특별시 동대문구 경희대로 15,130872,02454,,,,127.052380243777,37.5929343234167
MA010120220814171903,리드스트리트커피,,I2,음식,I212,비알코올 ,I21201,카페,I56221,커피 전문점,11,서울특별시,11230,동대문구,11230710,회기동,1123010800,회기동,1123010800100610006,1,대지,61,6,서울특별시 동대문구 회기동 61-6,112303105020,서울특별시 동대문구 회기로,166,,1123010800100610006000001,빌딩,서울특별시 동대문구 회기로 166,130872,02460,,1,,127.054461825218,37.5903925838611
MA010120220813935388,홍학식당,,I2,음식,I201,한식,I20101,백반/한정식,I56111,한식 일반 음식점업,11,서울특별시,11230,동대문구,11230710,회기동,1123010800,회기동,1123010800100600051,1,대지,60,51,서울특별시 동대문구 회기동 60-51,112304115019,서울특별시 동대문구 경희대로1길,13,,1123010800100600051010343,,서울특별시 동대문구 경희대로1길 13,130872,02454,,2,,127.051360318783,37.5916914027952
MA010120220814296974,프루칸,,I2,음식,I212,비알코올 ,I21201,카페,I56221,커피 전문점,11,서울특별시,11230,동대문구,11230710,회기동,1123010800,회기동,1123010800100600216,1,대지,60,216,서울특별시 동대문구 회기동 60-216,112303105020,서울특별시 동대문구 회기로,106,,1123010800100600216041579,동일오피스텔,서울특별시 동대문구 회기로 106,130872,02457,,지,,127.048302965815,37.5913953661836
MA010120220813839919,키친요로시쿠,,I2,음식,I201,한식,I20101,백반/한정식,I56111,한식 일반 음식점업,11,서울특별시,11230,동대문구,11230710,회기동,1123010800,회기동,1123010800100030024,1,대지,3,24,서울특별시 동대문구 회기동 3-24,112304115023,서울특별시 동대문구 경희대로6길,4,,1123010800100030024010300,,서울특별시 동대문구 경희대로6길 4,130872,02453,,1,,127.052991960789,37.5933214768294
MA010120220812584479,시광리,,I2,음식,I202,중식,I20201,중국집,I56121,중식 음식점업,11,서울특별시,11230,동대문구,11230710,회기동,1123010800,회기동,1123010800100160068,1,대지,16,68,서울특별시 동대문구 회기동 16-68,112303105002,서울특별시 동대문구 경희대로,3,1,1123010800100160068010640,,서울특별시 동대문구 경희대로 3-1,130872,02454,,1,,127.052153123477,37.5919883825101
MA010120220801992875,하루엔아키,,I1,숙박,I102,기타 숙박,I10201,기숙사/고시원,I55901,기숙사 및 고시원 운영업,11,서울특별시,11230,동대문구,11230710,회기동,1123010800,회기동,1123010800100620011,1,대지,62,11,서울특별시 동대문구 회기동 62-11,112304115702,서울특별시 동대문구 회기로26길,24,,1123010800100620011011053,,서울특별시 동대문구 회기로26길 24,130872,02460,,,,127.053827797422,37.5904469342333
MA010120220803622069,코코리빙텔,,I1,숙박,I102,기타 숙박,I10201,기숙사/고시원,I55901,기숙사 및 고시원 운영업,11,서울특별시,11230,동대문구,11230710,회기동,1123010800,회기동,1123010800100450096,1,대지,45,96,서울특별시 동대문구 회기동 45-96,112304115695,서울특별시 동대문구 회기로21길,8,12,1123010800100450097010225,,서울특별시 동대문구 회기로21길 8-12,130872,02453,,,,127.053590752248,37.5914651631805
MA010120220803419015,피어싱갤러리,,G2,소매,G209,섬유·의복·신발 소매,G20907,액세서리/잡화 소매업,G47422,의복 액세서리 및 모조 장신구 소매업,11,서울특별시,11230,동대문구,11230710,회기동,1123010800,회기동,1123010800100760001,1,대지,76,1,서울특별시 동대문구 회기동 76-1,112303105020,서울특별시 동대문구 회기로,172,,1123010800100760001011098,왼쪽코너피어싱갤러리,서울특별시 동대문구 회기로 172,130872,02460,,1,,127.055073133836,37.5902391315429
MA010120220805113336,뚜레쥬르회기역점,,I2,음식,I210,기타 간이,I21001,빵/도넛,I56191,제과점업,11,서울특별시,11230,동대문구,11230710,회기동,1123010800,회기동,1123010800103460018,1,대지,346,18,서울특별시 동대문구 회기동 346-18,112303105010,서울특별시 동대문구 이문로,37,,1123010800103460018000124,베라체캠퍼스,서울특별시 동대문구 이문로 37,130881,02452,,1,,127.056036013894,37.590851353023
MA010120220801878912,우리문화사,,N1,시설관리·임대,N107,사무 지원,N10703,복사업,N75912,복사업,11,서울특별시,11230,동대문구,11230710,회기동,1123010800,회기동,1123010800100420006,1,대지,42,6,서울특별시 동대문구 회기동 42-6,112304115021,서울특별시 동대문구 경희대로3길,6,,1123010800100420006010456,,서울특별시 동대문구 경희대로3길 6,130872,02454,,2,,127.052176335321,37.5927992649576
MA010120220805843518,샐러디경희대점,,I2,음식,I210,기타 간이,I21003,피자,I56192,피자; 햄버거; 샌드위치 및 유사 음식점업,11,서울특별시,11230,동대문구,11230710,회기동,1123010800,회기동,1123010800100160053,1,대지,16,53,서울특별시 동대문구 회기동 16-53,112303105002,서울특별시 동대문구 경희대로,6,,1123010800100160053010623,,서울특별시 동대문구 경희대로 6,130872,02453,,1,,127.052583455634,37.5920782907775
MA010120220803656769,렌즈베리경희대점,,G2,소매,G216,안경·정밀기기 소매,G21602,안경렌즈 소매업,G47822,안경 및 렌즈 소매업,11,서울특별시,11230,동대문구,11230710,회기동,1123010800,회기동,1123010800100330001,1,대지,33,1,서울특별시 동대문구 회기동 33-1,112303105002,서울특별시 동대문구 경희대로,20,,1123010800100030080010155,,서울특별시 동대문구 경희대로 20,130872,02453,,,,127.052912724857,37.5933575520468
MA010120220807736965,윌비잉글리시영어교습소,,P1,교육,P105,일반 교육,P10501,입시·교과학원,P85501,일반 교과학원,11,서울특별시,11230,동대문구,11230710,회기동,1123010800,회기동,1123010800100600101,1,대지,60,101,서울특별시 동대문구 회기동 60-101,112303105020,서울특별시 동대문구 회기로,121,,1123010800100600101010735,,서울특별시 동대문구 회기로 121,130872,02454,,2,,127.050069457217,37.5916018582324
MA010120220814079336,베타브레인,,M1,과학·기술,M107,본사·경영 컨설팅,M10703,경영 컨설팅업,M71531,경영 컨설팅업,11,서울특별시,11230,동대문구,11230710,회기동,1123010800,회기동,1123010800103510000,1,대지,351,,서울특별시 동대문구 회기동 351,112304115702,서울특별시 동대문구 회기로26길,15,,1123010800100620027000001,회기힐스테이트,서울특별시 동대문구 회기로26길 15,130881,02460,,3,,127.054223742976,37.5899692271269
MA010120220800676897,휘경인테리어장식,,G2,소매,G210,철물·건설자재 소매,G21002,벽지/장판/마루 소매업,G47513,벽지; 마루덮개 및 장판류 소매업,11,서울특별시,11230,동대문구,11230710,회기동,1123010800,회기동,1123010800100570005,1,대지,57,5,서울특별시 동대문구 회기동 57-5,112304115701,서울특별시 동대문구 회기로25길,15,,1123010800100570005010854,,서울특별시 동대문구 회기로25길 15,130872,02452,,1,,127.055152977095,37.5910319673572
MA010120220803697373,LG가전마트,,G2,소매,G208,가전·통신 소매,G20803,가전제품 소매업,G47320,가전제품 소매업,11,서울특별시,11230,동대문구,11230710,회기동,1123010800,회기동,1123010800103460013,1,대지,346,13,서울특별시 동대문구 회기동 346-13,112303105010,서울특별시 동대문구 이문로,43,,1123010800103460034000094,,서울특별시 동대문구 이문로 43,130881,02452,,,,127.056625135045,37.5913015679113
MA010120220813902174,더봄정신건강의학과의원,,Q1,보건의료,Q102,의원,Q10203,신경/정신과 의원,Q86201,일반의원,11,서울특별시,11230,동대문구,11230710,회기동,1123010800,회기동,1123010800100450106,1,대지,45,106,서울특별시 동대문구 회기동 45-106,112303105020,서울특별시 동대문구 회기로,154,,1123010800100450106010857,,서울특별시 동대문구 회기로 154,130872,02460,,2,,127.053250734948,37.5909968011925
MA010120220812690265,삼성루,,I2,음식,I202,중식,I20201,중국집,I56121,중식 음식점업,11,서울특별시,11230,동대문구,11230710,회기동,1123010800,회기동,1123010800100420015,1,대지,42,15,서울특별시 동대문구 회기동 42-15,112304115018,서울특별시 동대문구 경희대로1가길,27,,1123010800100420015010421,,서울특별시 동대문구 경희대로1가길 27,130872,02454,,2,,127.051485813229,37.5930608558109
MA010120220804882645,버무리떡볶이,,I2,음식,I210,기타 간이,I21007,김밥/만두/분식,I56194,김밥 및 기타 간이 음식점업,11,서울특별시,11230,동대문구,11230710,회기동,1123010800,회기동,1123010800100160069,1,대지,16,69,서울특별시 동대문구 회기동 16-69,112303105002,서울특별시 동대문구 경희대로,5,,1123010800100160069010622,,서울특별시 동대문구 경희대로 5,130872,02454,,1,,127.052153180064,37.5920694717607
MA010120220803822240,일구구삼:고기,,I2,음식,I201,한식,I20107,돼지고기 구이/찜,I56111,한식 일반 음식점업,11,서울특별시,11230,동대문구,11230710,회기동,1123010800,회기동,1123010800100160015,1,대지,16,15,서울특별시 동대문구 회기동 16-15,112304115693,서울특별시 동대문구 회기로19길,18,,1123010800100160015010564,,서울특별시 동대문구 회기로19길 18,130872,02453,,1,,127.053036549695,37.5923303657933
MA010120220803619274,동아문화사,,N1,시설관리·임대,N107,사무 지원,N10703,복사업,N75912,복사업,11,서울특별시,11230,동대문구,11230710,회기동,1123010800,회기동,1123010800100010005,1,대지,1,5,서울특별시 동대문구 회기동 1-5,112303105002,서울특별시 동대문구 경희대로,26,,1123010800100010003041260,경희대학교,서울특별시 동대문구 경희대로 26,130701,02447,,,,127.054883375636,37.593951306684
MA010120220811722235,스시선생,,I2,음식,I203,일식,I20301,일식 회/초밥,I56122,일식 음식점업,11,서울특별시,11230,동대문구,11230710,회기동,1123010800,회기동,1123010800100540012,1,대지,54,12,서울특별시 동대문구 회기동 54-12,112304115022,서울특별시 동대문구 경희대로4길,54,,1123010800100540012010223,,서울특별시 동대문구 경희대로4길 54,130872,02452,,1,,127.055243891818,37.59148242087
MA010120220803696920,풀잎문화사,,N1,시설관리·임대,N107,사무 지원,N10703,복사업,N75912,복사업,11,서울특별시,11230,동대문구,11230710,회기동,1123010800,회기동,1123010800100010005,1,대지,1,5,서울특별시 동대문구 회기동 1-5,112303105002,서울특별시 동대문구 경희대로,23,,1123010800100010005041218,경희대네오르네상스관,서울특별시 동대문구 경희대로 23,130701,02447,,,,127.050738976836,37.593772962698
MA010120220812326499,회기농장,,I2,음식,I201,한식,I20107,돼지고기 구이/찜,I56113,한식 육류 요리 전문점,11,서울특별시,11230,동대문구,11230710,회기동,1123010800,회기동,1123010800101030206,1,대지,103,206,서울특별시 동대문구 회기동 103-206,112304115683,서울특별시 동대문구 회기로10가길,20,,1123010800101020025041587,명칭없음,서울특별시 동대문구 회기로10가길 20,130873,02457,,,,127.048392894608,37.5903862181519
MA010120220812602709,A-RI에이리,,G2,소매,G209,섬유·의복·신발 소매,G20902,여성 의류 소매업,G47412,여자용 겉옷 소매업,11,서울특별시,11230,동대문구,11230710,회기동,1123010800,회기동,1123010800100160016,1,대지,16,16,서울특별시 동대문구 회기동 16-16,112304115695,서울특별시 동대문구 회기로21길,19,,1123010800100160016010563,,서울특별시 동대문구 회기로21길 19,130872,02453,,지,,127.053183741164,37.5923212896438
MA010120220814131064,반짝이는순간,,G2,소매,G209,섬유·의복·신발 소매,G20907,액세서리/잡화 소매업,G47422,의복 액세서리 및 모조 장신구 소매업,11,서울특별시,11230,동대문구,11230710,회기동,1123010800,회기동,1123010800103460016,1,대지,346,16,서울특별시 동대문구 회기동 346-16,112304115022,서울특별시 동대문구 경희대로4길,72,,1123010800103460016010798,좌측칸,서울특별시 동대문구 경희대로4길 72,130881,02452,,1,,127.056274068509,37.591220646524
MA010120220803630356,야크,,G2,소매,G209,섬유·의복·신발 소매,G20905,기타 의류 소매업,G47414,셔츠 및 블라우스 소매업,11,서울특별시,11230,동대문구,11230710,회기동,1123010800,회기동,1123010800100610003,1,대지,61,3,서울특별시 동대문구 회기동 61-3,112303105020,서울특별시 동대문구 회기로,162,,1123010800100610003010979,,서울특별시 동대문구 회기로 162,130872,02460,,1,,127.053895830649,37.5905820520148
MA010120220807370277,쥬니크,,G2,소매,G209,섬유·의복·신발 소매,G20909,실/섬유제품 소매업,G47429,섬유 원단; 실 및 기타 섬유제품 소매업,11,서울특별시,11230,동대문구,11230710,회기동,1123010800,회기동,1123010800100650071,1,대지,65,71,서울특별시 동대문구 회기동 65-71,112304115342,서울특별시 동대문구 이문로1길,29,,1123010800100650071011256,,서울특별시 동대문구 이문로1길 29,130872,02461,,1,,127.05311381234,37.5895192356463
MA010120220806957360,곰파다폰,,G2,소매,G208,가전·통신 소매,G20802,핸드폰 소매업,G47312,통신기기 소매업,11,서울특별시,11230,동대문구,11230710,회기동,1123010800,회기동,1123010800103460012,1,대지,346,12,서울특별시 동대문구 회기동 346-12,112304115701,서울특별시 동대문구 회기로25길,30,,1123010800103460012000125,,서울특별시 동대문구 회기로25길 30,130881,02452,,,,127.055923009473,37.5911487340082
MA010120220804458382,미소당,본점,I2,음식,I210,기타 간이,I21001,빵/도넛,I56191,제과점업,11,서울특별시,11230,동대문구,11230710,회기동,1123010800,회기동,1123010800100160024,1,대지,16,24,서울특별시 동대문구 회기동 16-24,112303105020,서울특별시 동대문구 회기로,143,1,1123010800100160024010673,,서울특별시 동대문구 회기로 143-1,130872,02453,,1,,127.052583189388,37.5916998742681
MA010120220806419843,경양카츠경희대점,,I2,음식,I203,일식,I20302,일식 카레/돈가스/덮밥,I56123,서양식 음식점업,11,서울특별시,11230,동대문구,11230710,회기동,1123010800,회기동,1123010800100600024,1,대지,60,24,서울특별시 동대문구 회기동 60-24,112303105020,서울특별시 동대문구 회기로,146,1,1123010800100600024010178,,서울특별시 동대문구 회기로 146-1,130872,02459,,1,,127.052616954861,37.5914115417739
MA010120220803643696,지에스25경희원룸점,,G2,소매,G204,종합 소매,G20405,편의점,G47122,체인화 편의점,11,서울특별시,11230,동대문구,11230710,회기동,1123010800,회기동,1123010800101030220,1,대지,103,220,서울특별시 동대문구 회기동 103-220,112304115366,서울특별시 동대문구 이문로3길,66,,1123010800100640043010893,,서울특별시 동대문구 이문로3길 66,130873,02459,,1,,127.051563607337,37.5909344808293
MA010120220803669791,뉴델리,,I2,음식,I205,동남아시아,I20501,베트남식 전문,I56129,기타 외국식 음식점업,11,서울특별시,11230,동대문구,11230710,회기동,1123010800,회기동,1123010800100030076,1,대지,3,76,서울특별시 동대문구 회기동 3-76,112304115023,서울특별시 동대문구 경희대로6길,5,,1123010800100030076010338,,서울특별시 동대문구 경희대로6길 5,130872,02453,,2,,127.053139199061,37.5933754701376
MA010120220803724237,다우전자주,,G2,소매,G208,가전·통신 소매,G20801,컴퓨터/소프트웨어 소매업,G47311,컴퓨터 및 주변장치; 소프트웨어 소매업,11,서울특별시,11230,동대문구,11230710,회기동,1123010800,회기동,1123010800100010005,1,대지,1,5,서울특별시 동대문구 회기동 1-5,112303105002,서울특별시 동대문구 경희대로,26,,1123010800100010003041260,경희대학교,서울특별시 동대문구 경희대로 26,130701,02447,,2,,127.054883375636,37.593951306684
MA010120220806134039,예스에듀현산공교육지원센터,,P1,교육,P107,교육 지원,P10701,교육컨설팅업,P85701,교육관련 자문 및 평가업,11,서울특별시,11230,동대문구,11230710,회기동,1123010800,회기동,1123010800100220003,1,대지,22,3,서울특별시 동대문구 회기동 22-3,112304115695,서울특별시 동대문구 회기로21길,28,,1123010800100220003011384,,서울특별시 동대문구 회기로21길 28,130872,02453,,,,127.053387875405,37.5927716934213
MA010120220811904839,GS25경희대학사점,,G2,소매,G204,종합 소매,G20405,편의점,G47122,체인화 편의점,11,서울특별시,11230,동대문구,11230710,회기동,1123010800,회기동,1123010800100010005,1,대지,1,5,서울특별시 동대문구 회기동 1-5,112303105002,서울특별시 동대문구 경희대로,26,,1123010800100010003041260,경희대학교,서울특별시 동대문구 경희대로 26,130701,02447,,1,,127.054883375636,37.593951306684
MA010120220812193093,호텔글로리,,I2,음식,I211,주점,I21104,요리 주점,I56219,기타 주점업,11,서울특별시,11230,동대문구,11230710,회기동,1123010800,회기동,1123010800100600047,1,대지,60,47,서울특별시 동대문구 회기동 60-47,112304115019,서울특별시 동대문구 경희대로1길,9,,1123010800100600047010571,,서울특별시 동대문구 경희대로1길 9,130872,02454,,,,127.051598060626,37.5916372395857
MA010120220810110230,CU회기,힐스테이트점,G2,소매,G204,종합 소매,G20405,편의점,G47122,체인화 편의점,11,서울특별시,11230,동대문구,11230710,회기동,1123010800,회기동,1123010800103510000,1,대지,351,,서울특별시 동대문구 회기동 351,112304115702,서울특별시 동대문구 회기로26길,15,,1123010800100620027000001,회기힐스테이트,서울특별시 동대문구 회기로26길 15,130881,02460,,1,,127.054223742976,37.5899692271269
MA010120220801690495,팝헤어존,,S2,수리·개인,S207,이용·미용,S20701,미용실,S96112,두발 미용업,11,서울특별시,11230,동대문구,11230710,회기동,1123010800,회기동,1123010800100760001,1,대지,76,1,서울특별시 동대문구 회기동 76-1,112303105020,서울특별시 동대문구 회기로,172,,1123010800100760001011098,,서울특별시 동대문구 회기로 172,130872,02460,,,,127.055073133836,37.5902391315429
MA010120220803386047,에잇올리,,I2,음식,I204,서양식,I20401,경양식,I56123,서양식 음식점업,11,서울특별시,11230,동대문구,11230710,회기동,1123010800,회기동,1123010800100030079,1,대지,3,79,서울특별시 동대문구 회기동 3-79,112304115023,서울특별시 동대문구 경희대로6길,3,2,1123010800100030079010330,,서울특별시 동대문구 경희대로6길 3-2,130872,02453,,2,,127.053071318213,37.5934565899351
MA010120220803246293,보드람치킨,,I2,음식,I210,기타 간이,I21006,치킨,I56193,치킨 전문점,11,서울특별시,11230,동대문구,11230710,회기동,1123010800,회기동,1123010800100600067,1,대지,60,67,서울특별시 동대문구 회기동 60-67,112304115689,서울특별시 동대문구 회기로13길,9,,1123010800100600067011401,,서울특별시 동대문구 회기로13길 9,130872,02454,,1,,127.050794349366,37.5919439254676
MA010120220812906256,경희대부동산공인중개사사무소,,L1,부동산,L102,부동산 서비스,L10203,부동산 중개/대리업,L68221,부동산 중개 및 대리업,11,서울특별시,11230,동대문구,11230710,회기동,1123010800,회기동,1123010800100600092,1,대지,60,92,서울특별시 동대문구 회기동 60-92,112303105020,서울특별시 동대문구 회기로,127,,1123010800100600092011434,,서울특별시 동대문구 회기로 127,130872,02454,,1,,127.050726179849,37.5916015778256
MA010120220805965784,MJ필라테스,,P1,교육,P106,기타 교육,P10603,요가/필라테스 학원,P85612,기타 스포츠 교육기관,11,서울특별시,11230,동대문구,11230710,회기동,1123010800,회기동,1123010800100670003,1,대지,67,3,서울특별시 동대문구 회기동 67-3,112303105010,서울특별시 동대문구 이문로,3,,1123010800100670003010591,민족통일엠제이캠퍼스경희대,서울특별시 동대문구 이문로 3,130872,02461,,2,,127.05367931555,37.5886540271259
MA010120220803322341,소망공인중개사사무소,,L1,부동산,L102,부동산 서비스,L10203,부동산 중개/대리업,L68221,부동산 중개 및 대리업,11,서울특별시,11230,동대문구,11230710,회기동,1123010800,회기동,1123010800100450057,1,대지,45,57,서울특별시 동대문구 회기동 45-57,112303105020,서울특별시 동대문구 회기로,161,,1123010800100450057010367,,서울특별시 동대문구 회기로 161,130872,02452,,1,,127.054020562128,37.5908342727962
MA010120220812239144,경희세탁,,S2,수리·개인,S209,세탁,S20901,세탁소,S96912,가정용 세탁업,11,서울특별시,11230,동대문구,11230710,회기동,1123010800,회기동,1123010800100650000,1,대지,65,,서울특별시 동대문구 회기동 65,112304115342,서울특별시 동대문구 이문로1길,21,,1123010800100650000010212,청량리신현대아파트,서울특별시 동대문구 이문로1길 21,130792,02461,,1,,127.051563078983,37.5901686377073
MA010120220814026873,아만두여기요,,I2,음식,I210,기타 간이,I21007,김밥/만두/분식,I56111,한식 일반 음식점업,11,서울특별시,11230,동대문구,11230710,회기동,1123010800,회기동,1123010800100420034,1,대지,42,34,서울특별시 동대문구 회기동 42-34,112304115019,서울특별시 동대문구 경희대로1길,8,14,1123010800100420034010514,,서울특별시 동대문구 경희대로1길 8-14,130872,02454,,지,,127.052028760164,37.5922587349759
MA010120220803599204,푸드스토리,코리아,I2,음식,I204,서양식,I20401,경양식,I56123,서양식 음식점업,11,서울특별시,11230,동대문구,11230710,회기동,1123010800,회기동,1123010800100420077,1,대지,42,77,서울특별시 동대문구 회기동 42-77,112304115689,서울특별시 동대문구 회기로13길,21,,1123010800100420077011358,,서울특별시 동대문구 회기로13길 21,130872,02454,,1,,127.05091925682,37.5924664469677
MA010120220813273696,아임파이,,I2,음식,I212,비알코올 ,I21201,카페,I56221,커피 전문점,11,서울특별시,11230,동대문구,11230710,회기동,1123010800,회기동,1123010800100600139,1,대지,60,139,서울특별시 동대문구 회기동 60-139,112303105020,서울특별시 동대문구 회기로,116,1,1123010800100600139011499,회기동복합건물,서울특별시 동대문구 회기로 116-1,130872,02457,,2,,127.049514460738,37.5913317947414
MA010120220813845661,원할머니보쌈회기,배달점,I2,음식,I201,한식,I20103,족발/보쌈,I56111,한식 일반 음식점업,11,서울특별시,11230,동대문구,11230710,회기동,1123010800,회기동,1123010800101030016,1,대지,103,16,서울특별시 동대문구 회기동 103-16,112304115692,서울특별시 동대문구 회기로18길,16,,1123010800101030016010901,,서울특별시 동대문구 회기로18길 16,130873,02460,,1,,127.052582625216,37.5908979915846
MA010120220808437078,너나들이,,I2,음식,I212,비알코올 ,I21201,카페,I56229,기타 비알코올 음료점업,11,서울특별시,11230,동대문구,11230710,회기동,1123010800,회기동,1123010800100600071,1,대지,60,71,서울특별시 동대문구 회기동 60-71,112304115689,서울특별시 동대문구 회기로13길,19,,1123010800100600071010565,,서울특별시 동대문구 회기로13길 19,130872,02454,,지,,127.050873854682,37.5923042880032
MA010120220803613894,8번지,,I2,음식,I212,비알코올 ,I21201,카페,I56221,커피 전문점,11,서울특별시,11230,동대문구,11230710,회기동,1123010800,회기동,1123010800100420139,1,대지,42,139,서울특별시 동대문구 회기동 42-139,112304115021,서울특별시 동대문구 경희대로3길,8,,1123010800100420139041594,,서울특별시 동대문구 경희대로3길 8,130872,02454,,,,127.052006509354,37.5928263696623
MA010120220803634573,머시헤어,,S2,수리·개인,S207,이용·미용,S20701,미용실,S96112,두발 미용업,11,서울특별시,11230,동대문구,11230710,회기동,1123010800,회기동,1123010800100360026,1,대지,36,26,서울특별시 동대문구 회기동 36-26,112304115021,서울특별시 동대문구 경희대로3길,2,,1123010800100360026010462,,서울특별시 동대문구 경희대로3길 2,130872,02454,,2,,127.052357477834,37.5927631450708
MA010120220807431187,경희중앙약국,,G2,소매,G215,의약·화장품 소매,G21501,약국,G47811,의약품 및 의료용품 소매업,11,서울특별시,11230,동대문구,11230710,회기동,1123010800,회기동,1123010800101080003,1,대지,108,3,서울특별시 동대문구 회기동 108-3,112303105002,서울특별시 동대문구 경희대로,19,9,1123010800101080003010319,,서울특별시 동대문구 경희대로 19-9,130873,02454,,,,127.052040741831,37.5932047711304
MA010120220802840639,경희대학교기술지주,,M1,과학·기술,M107,본사·경영 컨설팅,M10703,경영 컨설팅업,M71531,경영 컨설팅업,11,서울특별시,11230,동대문구,11230710,회기동,1123010800,회기동,1123010800100010005,1,대지,1,5,서울특별시 동대문구 회기동 1-5,112303105002,서울특별시 동대문구 경희대로,26,,1123010800100010003041260,경희대학교,서울특별시 동대문구 경희대로 26,130701,02447,,,,127.054883375636,37.593951306684
MA010120220810156231,아시아트레이드컨설팅,,M1,과학·기술,M115,기타 전문 과학,M11502,번역/통역 서비스업,M73902,번역 및 통역 서비스업,11,서울특별시,11230,동대문구,11230710,회기동,1123010800,회기동,1123010800100030057,1,대지,3,57,서울특별시 동대문구 회기동 3-57,112304115023,서울특별시 동대문구 경희대로6길,23,13,1123010800100030057010451,,서울특별시 동대문구 경희대로6길 23-13,130872,02453,,,,127.054010684922,37.5928344794992
MA010120220813161729,코데츠컴바인,,G2,소매,G209,섬유·의복·신발 소매,G20905,기타 의류 소매업,G47413,속옷 및 잠옷 소매업,11,서울특별시,11230,동대문구,11230710,회기동,1123010800,회기동,1123010800100420001,1,대지,42,1,서울특별시 동대문구 회기동 42-1,112303105002,서울특별시 동대문구 경희대로,15,,1123010800100420001010423,,서울특별시 동대문구 경희대로 15,130872,02454,,1,,127.052380243777,37.5929343234167
MA010120220804983898,포케올데이경희대점,,I2,음식,I210,기타 간이,I21005,토스트/샌드위치/샐러드,I56192,피자; 햄버거; 샌드위치 및 유사 음식점업,11,서울특별시,11230,동대문구,11230710,회기동,1123010800,회기동,1123010800100600052,1,대지,60,52,서울특별시 동대문구 회기동 60-52,112303105020,서울특별시 동대문구 회기로,133,,1123010800100600052010741,,서울특별시 동대문구 회기로 133,130872,02454,,1,,127.051382865307,37.5915472342596
MA010120220803663199,이모네왕김밥,,I2,음식,I210,기타 간이,I21007,김밥/만두/분식,I56194,김밥 및 기타 간이 음식점업,11,서울특별시,11230,동대문구,11230710,회기동,1123010800,회기동,1123010800103480006,1,대지,348,6,서울특별시 동대문구 회기동 348-6,112304115701,서울특별시 동대문구 회기로25길,24,,1123010800103480006010191,,서울특별시 동대문구 회기로25길 24,130881,02452,,1,,127.055707823794,37.5910767563981
MA010120220807794721,가장맛있는족발경희대점,,I2,음식,I201,한식,I20103,족발/보쌈,I56111,한식 일반 음식점업,11,서울특별시,11230,동대문구,11230710,회기동,1123010800,회기동,1123010800100450107,1,대지,45,107,서울특별시 동대문구 회기동 45-107,112303105020,서울특별시 동대문구 회기로,152,,1123010800100450107010242,,서울특별시 동대문구 회기로 152,130872,02460,,1,,127.053103590908,37.5910689468524
MA010120220812792872,홍콩대패당지점,,I2,음식,I202,중식,I20201,중국집,I56121,중식 음식점업,11,서울특별시,11230,동대문구,11230710,회기동,1123010800,회기동,1123010800100160021,1,대지,16,21,서울특별시 동대문구 회기동 16-21,112304115695,서울특별시 동대문구 회기로21길,14,,1123010800100160021010630,,서울특별시 동대문구 회기로21길 14,130872,02453,,1,,127.053308106828,37.5920599458835
MA010120220812753015,리브라이블리,,R1,예술·스포츠,R103,스포츠 서비스,R10307,헬스장,R91132,체력 단련시설 운영업,11,서울특별시,11230,동대문구,11230710,회기동,1123010800,회기동,1123010800100010005,1,대지,1,5,서울특별시 동대문구 회기동 1-5,112303105002,서울특별시 동대문구 경희대로,23,,1123010800100010005041218,삼의원창업센터,서울특별시 동대문구 경희대로 23,130701,02447,,,,127.050738976836,37.593772962698
MA010120220803611640,부동산카페공인중개사사무소,,L1,부동산,L102,부동산 서비스,L10203,부동산 중개/대리업,L68221,부동산 중개 및 대리업,11,서울특별시,11230,동대문구,11230710,회기동,1123010800,회기동,1123010800103460029,1,대지,346,29,서울특별시 동대문구 회기동 346-29,112303105010,서울특별시 동대문구 이문로,39,,1123010800103460029010807,,서울특별시 동대문구 이문로 39,130881,02452,,1,,127.056534450756,37.5911664625726
MA010120220803611615,메가정보통신,,G2,소매,G208,가전·통신 소매,G20802,핸드폰 소매업,G47312,통신기기 소매업,11,서울특별시,11230,동대문구,11230710,회기동,1123010800,회기동,1123010800103460011,1,대지,346,11,서울특별시 동대문구 회기동 346-11,112303105020,서울특별시 동대문구 회기로,169,,1123010800103470003011019,,서울특별시 동대문구 회기로 169,130881,02452,,,,127.054869585058,37.5905906132932
MA010120220808840437,제이스토리,,G2,소매,G209,섬유·의복·신발 소매,G20905,기타 의류 소매업,G47414,셔츠 및 블라우스 소매업,11,서울특별시,11230,동대문구,11230710,회기동,1123010800,회기동,1123010800100600143,1,대지,60,143,서울특별시 동대문구 회기동 60-143,112303105020,서울특별시 동대문구 회기로,114,,1123010800100600143010777,건일오피스텔,서울특별시 동대문구 회기로 114,130872,02457,,1,,127.04916348471,37.5913769910551
MA010120220803664289,세르피에헤어,1호점,S2,수리·개인,S207,이용·미용,S20701,미용실,S96112,두발 미용업,11,서울특별시,11230,동대문구,11230710,회기동,1123010800,회기동,1123010800103460018,1,대지,346,18,서울특별시 동대문구 회기동 346-18,112303105010,서울특별시 동대문구 이문로,37,,1123010800103460018000124,베라체캠퍼스,서울특별시 동대문구 이문로 37,130881,02452,,1,,127.056036013894,37.590851353023
MA010120220804841234,구움별당,,I2,음식,I210,기타 간이,I21001,빵/도넛,I56191,제과점업,11,서울특별시,11230,동대문구,11230710,회기동,1123010800,회기동,1123010800100450068,1,대지,45,68,서울특별시 동대문구 회기동 45-68,112303105020,서울특별시 동대문구 회기로,149,16,1123010800100450068011476,,서울특별시 동대문구 회기로 149-16,130872,02453,,1,,127.053669811155,37.5911858197223
MA010120220804734516,커피에반하다,,I2,음식,I212,비알코올 ,I21201,카페,I56221,커피 전문점,11,서울특별시,11230,동대문구,11230710,회기동,1123010800,회기동,1123010800100330001,1,대지,33,1,서울특별시 동대문구 회기동 33-1,112304115695,서울특별시 동대문구 회기로21길,44,,1123010800100300000010318,,서울특별시 동대문구 회기로21길 44,130872,02453,,1,,127.052969244414,37.5932223779326
MA010120220802255160,올웨이,,G2,소매,G208,가전·통신 소매,G20802,핸드폰 소매업,G47312,통신기기 소매업,11,서울특별시,11230,동대문구,11230710,회기동,1123010800,회기동,1123010800103470000,1,대지,347,,서울특별시 동대문구 회기동 347,112303105020,서울특별시 동대문구 회기로,171,1,1123010800103470000010937,,서울특별시 동대문구 회기로 171-1,130881,02452,,1,,127.055243172572,37.590509349741
MA010120220804686815,비브릿지,,I2,음식,I212,비알코올 ,I21201,카페,I56229,기타 비알코올 음료점업,11,서울특별시,11230,동대문구,11230710,회기동,1123010800,회기동,1123010800100420084,1,대지,42,84,서울특별시 동대문구 회기동 42-84,112303105002,서울특별시 동대문구 경희대로,9,1,1123010800100420002010529,,서울특별시 동대문구 경희대로 9-1,130872,02454,,1,,127.052232786522,37.5925649821084
MA010120220803280658,딥스츄,,I2,음식,I212,비알코올 ,I21201,카페,I56229,기타 비알코올 음료점업,11,서울특별시,11230,동대문구,11230710,회기동,1123010800,회기동,1123010800100030037,1,대지,3,37,서울특별시 동대문구 회기동 3-37,112304115022,서울특별시 동대문구 경희대로4길,29,,1123010800100030037011485,,서울특별시 동대문구 경희대로4길 29,130872,02453,,1,,127.054112102557,37.5921586891432
MA010120220805830074,오크라,,I2,음식,I212,비알코올 ,I21201,카페,I56221,커피 전문점,11,서울특별시,11230,동대문구,11230710,회기동,1123010800,회기동,1123010800100200002,1,대지,20,2,서울특별시 동대문구 회기동 20-2,112304115695,서울특별시 동대문구 회기로21길,26,,1123010800100200002010494,,서울특별시 동대문구 회기로21길 26,130872,02453,,2,,127.053410418341,37.5926275245275
MA010120220803713956,뉴헤어모드,,S2,수리·개인,S207,이용·미용,S20701,미용실,S96112,두발 미용업,11,서울특별시,11230,동대문구,11230710,회기동,1123010800,회기동,1123010800100540100,1,대지,54,100,서울특별시 동대문구 회기동 54-100,112304115022,서울특별시 동대문구 경희대로4길,42,,1123010800100540100010663,외,서울특별시 동대문구 경희대로4길 42,130872,02452,,1,,127.054655304658,37.5917529924836
MA010120220803651296,경희동문약국,,G2,소매,G215,의약·화장품 소매,G21501,약국,G47811,의약품 및 의료용품 소매업,11,서울특별시,11230,동대문구,11230710,회기동,1123010800,회기동,1123010800100390003,1,대지,39,3,서울특별시 동대문구 회기동 39-3,112303105002,서울특별시 동대문구 경희대로,19,,1123010800100390003010328,,서울특별시 동대문구 경희대로 19,130872,02454,,1,,127.052448516941,37.5934118187397
MA010120220814046963,라라,,G2,소매,G209,섬유·의복·신발 소매,G20902,여성 의류 소매업,G47412,여자용 겉옷 소매업,11,서울특별시,11230,동대문구,11230710,회기동,1123010800,회기동,1123010800100450056,1,대지,45,56,서울특별시 동대문구 회기동 45-56,112303105020,서울특별시 동대문구 회기로,159,,1123010800100450056010692,,서울특별시 동대문구 회기로 159,130872,02452,,,,127.053907380747,37.5908973939901
MA010120220803643194,컬투헤어,,S2,수리·개인,S207,이용·미용,S20701,미용실,S96112,두발 미용업,11,서울특별시,11230,동대문구,11230710,회기동,1123010800,회기동,1123010800100450095,1,대지,45,95,서울특별시 동대문구 회기동 45-95,112304115695,서울특별시 동대문구 회기로21길,8,14,1123010800100450095010182,,서울특별시 동대문구 회기로21길 8-14,130872,02453,,1,,127.053726586779,37.5914110419073
MA010120220803641144,캣츠,,S2,수리·개인,S207,이용·미용,S20703,네일숍,S96119,기타 미용업,11,서울특별시,11230,동대문구,11230710,회기동,1123010800,회기동,1123010800100450060,1,대지,45,60,서울특별시 동대문구 회기동 45-60,112303105020,서울특별시 동대문구 회기로,157,,1123010800100450060011348,,서울특별시 동대문구 회기로 157,130872,02453,,,,127.053726314751,37.5910326253621
MA010120220803644802,1971,,I2,음식,I211,주점,I21101,일반 유흥 주점,I56211,일반 유흥 주점업,11,서울특별시,11230,동대문구,11230710,회기동,1123010800,회기동,1123010800100420050,1,대지,42,50,서울특별시 동대문구 회기동 42-50,112304115019,서울특별시 동대문구 경희대로1길,8,17,1123010800100420050011403,,서울특별시 동대문구 경희대로1길 8-17,130872,02454,,2,,127.051836445787,37.5925110973228
MA010120220803714365,경희화장품,,G2,소매,G215,의약·화장품 소매,G21503,화장품 소매업,G47813,화장품; 비누 및 방향제 소매업,11,서울특별시,11230,동대문구,11230710,회기동,1123010800,회기동,1123010800100450053,1,대지,45,53,서울특별시 동대문구 회기동 45-53,112303105020,서울특별시 동대문구 회기로,150,,1123010800100450104010346,,서울특별시 동대문구 회기로 150,130872,02460,,,,127.05291123219,37.5912492316543
MA010120220803827818,사나이뚝배기경희대점,,I2,음식,I201,한식,I20102,국/탕/찌개류,I56111,한식 일반 음식점업,11,서울특별시,11230,동대문구,11230710,회기동,1123010800,회기동,1123010800100160035,1,대지,16,35,서울특별시 동대문구 회기동 16-35,112304115022,서울특별시 동대문구 경희대로4길,5,,1123010800100160035010525,,서울특별시 동대문구 경희대로4길 5,130872,02453,,1,,127.052900846922,37.5925736945003
MA010120220808449870,약국,경희정문,G2,소매,G215,의약·화장품 소매,G21501,약국,G47811,의약품 및 의료용품 소매업,11,서울특별시,11230,동대문구,11230710,회기동,1123010800,회기동,1123010800100360007,1,대지,36,7,서울특별시 동대문구 회기동 36-7,112303105002,서울특별시 동대문구 경희대로,22,1,1123010800100360007010167,경희정문약국,서울특별시 동대문구 경희대로 22-1,130872,02453,,1,,127.052878876777,37.5935287556449
MA010120220803713883,카피테크,,N1,시설관리·임대,N107,사무 지원,N10703,복사업,N75912,복사업,11,서울특별시,11230,동대문구,11230710,회기동,1123010800,회기동,1123010800100010000,1,대지,1,,서울특별시 동대문구 회기동 1,112303105002,서울특별시 동대문구 경희대로,23,,1123010800100010005041218,경희의료원,서울특별시 동대문구 경희대로 23,130702,02447,,1,,127.050738976836,37.593772962698
MA010120220804020011,센,,G2,소매,G209,섬유·의복·신발 소매,G20902,여성 의류 소매업,G47412,여자용 겉옷 소매업,11,서울특별시,11230,동대문구,11230710,회기동,1123010800,회기동,1123010800100450070,1,대지,45,70,서울특별시 동대문구 회기동 45-70,112303105020,서울특별시 동대문구 회기로,153,,1123010800100450070010776,,서울특별시 동대문구 회기로 153,130872,02453,,,,127.053477363248,37.5912399665955
MA010120220805336839,루미스테이,,I1,숙박,I102,기타 숙박,I10201,기숙사/고시원,I55901,기숙사 및 고시원 운영업,11,서울특별시,11230,동대문구,11230710,회기동,1123010800,회기동,1123010800100420016,1,대지,42,16,서울특별시 동대문구 회기동 42-16,112304115021,서울특별시 동대문구 경희대로3길,20,,1123010800100420016010434,,서울특별시 동대문구 경희대로3길 20,130872,02454,,3,,127.051463049296,37.5928896772946
MA010120220801969266,트윈기획,,M1,과학·기술,M114,인쇄·제품제작,M11401,명함/간판/광고물 제작,C18111,경 인쇄업,11,서울특별시,11230,동대문구,11230710,회기동,1123010800,회기동,1123010800101090081,1,대지,109,81,서울특별시 동대문구 회기동 109-81,112304115020,서울특별시 동대문구 경희대로1나길,56,6,1123010800101090081010308,,서울특별시 동대문구 경희대로1나길 56-6,130873,02454,,1,,127.050331022443,37.5932956117478
MA010120220803656767,승낭식당,,I2,음식,I210,기타 간이,I21007,김밥/만두/분식,I56194,김밥 및 기타 간이 음식점업,11,서울특별시,11230,동대문구,11230710,회기동,1123010800,회기동,1123010800100600136,1,대지,60,136,서울특별시 동대문구 회기동 60-136,112304115686,서울특별시 동대문구 회기로12길,6,,1123010800100600136011333,,서울특별시 동대문구 회기로12길 6,130872,02457,,1,,127.049661566858,37.5911965841279
MA010120220803627906,레알라면,,I2,음식,I210,기타 간이,I21007,김밥/만두/분식,I56112,한식 면 요리 전문점,11,서울특별시,11230,동대문구,11230710,회기동,1123010800,회기동,1123010800100540039,1,대지,54,39,서울특별시 동대문구 회기동 54-39,112304115701,서울특별시 동대문구 회기로25길,23,5,1123010800100540039010758,,서울특별시 동대문구 회기로25길 23-5,130872,02452,,,,127.055379491516,37.5911129505858
MA010120220803394842,소호원룸텔,,I1,숙박,I102,기타 숙박,I10201,기숙사/고시원,I55901,기숙사 및 고시원 운영업,11,서울특별시,11230,동대문구,11230710,회기동,1123010800,회기동,1123010800100350000,1,대지,35,,서울특별시 동대문구 회기동 35,112304115023,서울특별시 동대문구 경희대로6길,3,10,1123010800100350000010270,,서울특별시 동대문구 경희대로6길 3-10,130872,02453,,3,,127.053048857519,37.5937178876279
MA010120220802960180,89번지,,I2,음식,I201,한식,I20101,백반/한정식,I56111,한식 일반 음식점업,11,서울특별시,11230,동대문구,11230710,회기동,1123010800,회기동,1123010800100650089,1,대지,65,89,서울특별시 동대문구 회기동 65-89,112304115342,서울특별시 동대문구 이문로1길,28,,1123010800100650089011436,,서울특별시 동대문구 이문로1길 28,130872,02461,,1,,127.053136297183,37.5892939774391
MA010120220803620847,이발,코리아,S2,수리·개인,S207,이용·미용,S20701,미용실,S96111,이용업,11,서울특별시,11230,동대문구,11230710,회기동,1123010800,회기동,1123010800100670003,1,대지,67,3,서울특별시 동대문구 회기동 67-3,112303105010,서울특별시 동대문구 이문로,3,,1123010800100670003010591,민족통일엠제이캠퍼스경희대,서울특별시 동대문구 이문로 3,130872,02461,,1,,127.05367931555,37.5886540271259
MA010120220803639874,현대인테리어,,G2,소매,G210,철물·건설자재 소매,G21002,벽지/장판/마루 소매업,G47513,벽지; 마루덮개 및 장판류 소매업,11,서울특별시,11230,동대문구,11230710,회기동,1123010800,회기동,1123010800100650090,1,대지,65,90,서울특별시 동대문구 회기동 65-90,112304115342,서울특별시 동대문구 이문로1길,26,,1123010800100650090011288,,서울특별시 동대문구 이문로1길 26,130872,02461,,,,127.05300035107,37.5891859194748
MA010120220807063815,세븐스타코인노래연습장경희대점,,R1,예술·스포츠,R104,유원지·오락,R10407,노래방,R91223,노래 연습장 운영업,11,서울특별시,11230,동대문구,11230710,회기동,1123010800,회기동,1123010800100160046,1,대지,16,46,서울특별시 동대문구 회기동 16-46,112303105002,서울특별시 동대문구 경희대로,12,1,1123010800100160046010481,전부,서울특별시 동대문구 경희대로 12-1,130872,02453,,2,,127.052719762334,37.592690904463
MA010120220813696020,싸왓디타이,,I2,음식,I205,동남아시아,I20501,베트남식 전문,I56129,기타 외국식 음식점업,11,서울특별시,11230,동대문구,11230710,회기동,1123010800,회기동,1123010800100160065,1,대지,16,65,서울특별시 동대문구 회기동 16-65,112303105002,서울특별시 동대문구 경희대로,3,,1123010800100160065010650,,서울특별시 동대문구 경희대로 3,130872,02454,,2,,127.052130421191,37.5919073032622
MA010120220813900561,라황상,,I2,음식,I202,중식,I20201,중국집,I56121,중식 음식점업,11,서울특별시,11230,동대문구,11230710,회기동,1123010800,회기동,1123010800100420053,1,대지,42,53,서울특별시 동대문구 회기동 42-53,112304115021,서울특별시 동대문구 경희대로3길,13,,1123010800100420053010488,,서울특별시 동대문구 경희대로3길 13,130872,02454,,1,,127.051666701325,37.5926553304465
MA010120220814232992,엄마손은약손,,S2,수리·개인,S207,이용·미용,S20702,피부 관리실,S96113,피부 미용업,11,서울특별시,11230,동대문구,11230710,회기동,1123010800,회기동,1123010800100600141,1,대지,60,141,서울특별시 동대문구 회기동 60-141,112303105020,서울특별시 동대문구 회기로,116,,1123010800100600141010188,,서울특별시 동대문구 회기로 116,130872,02457,,2,,127.049389934159,37.5913678865964
MA010120220812628691,따께리아라비다,,I2,음식,I205,동남아시아,I20501,베트남식 전문,I56129,기타 외국식 음식점업,11,서울특별시,11230,동대문구,11230710,회기동,1123010800,회기동,1123010800100600094,1,대지,60,94,서울특별시 동대문구 회기동 60-94,112304115019,서울특별시 동대문구 경희대로1길,27,,1123010800100600094011433,,서울특별시 동대문구 경희대로1길 27,130872,02454,,1,,127.050635701192,37.5917547853169
MA010120220800808377,교촌치킨경희대점,,I2,음식,I210,기타 간이,I21006,치킨,I56193,치킨 전문점,11,서울특별시,11230,동대문구,11230710,회기동,1123010800,회기동,1123010800100420016,1,대지,42,16,서울특별시 동대문구 회기동 42-16,112304115021,서울특별시 동대문구 경희대로3길,20,,1123010800100420016010434,,서울특별시 동대문구 경희대로3길 20,130872,02454,,1,,127.051463049296,37.5928896772946
MA010120220803648823,여로상회,,I2,음식,I201,한식,I20101,백반/한정식,I56111,한식 일반 음식점업,11,서울특별시,11230,동대문구,11230710,회기동,1123010800,회기동,1123010800100760001,1,대지,76,1,서울특별시 동대문구 회기동 76-1,112303105020,서울특별시 동대문구 회기로,172,,1123010800100760001011098,,서울특별시 동대문구 회기로 172,130872,02460,,,,127.055073133836,37.5902391315429
MA010120220803391636,쓰리에스,,R1,예술·스포츠,R104,유원지·오락,R10406,PC방,R91222,컴퓨터 게임방 운영업,11,서울특별시,11230,동대문구,11230710,회기동,1123010800,회기동,1123010800100420043,1,대지,42,43,서울특별시 동대문구 회기동 42-43,112304115019,서울특별시 동대문구 경희대로1길,10,,1123010800100420043010655,,서울특별시 동대문구 경희대로1길 10,130872,02454,,1,,127.051677463579,37.5918444330076
MA010120220806167184,경희척추연구회,,M1,과학·기술,M105,광고,M10501,광고 대행업,M71310,광고 대행업,11,서울특별시,11230,동대문구,11230710,회기동,1123010800,회기동,1123010800100010000,1,대지,1,,서울특별시 동대문구 회기동 1,112303105002,서울특별시 동대문구 경희대로,23,,1123010800100010005041218,경희의료원,서울특별시 동대문구 경희대로 23,130702,02447,,6,,127.050738976836,37.593772962698
MA010120220812953456,현방오백소갈비살,,I2,음식,I201,한식,I20108,소고기 구이/찜,I56113,한식 육류 요리 전문점,11,서울특별시,11230,동대문구,11230710,회기동,1123010800,회기동,1123010800100750000,1,대지,75,,서울특별시 동대문구 회기동 75,112303105010,서울특별시 동대문구 이문로,17,26,1123010800100750000011157,,서울특별시 동대문구 이문로 17-26,130872,02460,,1,,127.054699349671,37.5900500969842
MA010120220803696053,한다디자인,,M1,과학·기술,M112,전문 디자인,M11203,시각 디자인업,M73203,시각 디자인업,11,서울특별시,11230,동대문구,11230710,회기동,1123010800,회기동,1123010800100160051,1,대지,16,51,서울특별시 동대문구 회기동 16-51,112303105002,서울특별시 동대문구 경희대로,8,,1123010800100160051010594,,서울특별시 동대문구 경희대로 8,130872,02453,,3,,127.052617538443,37.5922404541361
MA010120220805931453,모코모코,,I2,음식,I203,일식,I20301,일식 회/초밥,I56122,일식 음식점업,11,서울특별시,11230,동대문구,11230710,회기동,1123010800,회기동,1123010800100160092,1,대지,16,92,서울특별시 동대문구 회기동 16-92,112303105020,서울특별시 동대문구 회기로,147,,1123010800100160092010677,전체,서울특별시 동대문구 회기로 147,130872,02453,,2,,127.052888848103,37.5916186484227
MA010120220800471705,다큐프라자,,N1,시설관리·임대,N107,사무 지원,N10703,복사업,N75912,복사업,11,서울특별시,11230,동대문구,11230710,회기동,1123010800,회기동,1123010800100010005,1,대지,1,5,서울특별시 동대문구 회기동 1-5,112303105002,서울특별시 동대문구 경희대로,26,,1123010800100010003041260,경희대학교,서울특별시 동대문구 경희대로 26,130701,02447,,1,,127.054883375636,37.593951306684
MA010120220800008439,불타는닭갈비,,I2,음식,I201,한식,I20110,닭/오리고기 구이/찜,I56113,한식 육류 요리 전문점,11,서울특별시,11230,동대문구,11230710,회기동,1123010800,회기동,1123010800100450076,1,대지,45,76,서울특별시 동대문구 회기동 45-76,112304115695,서울특별시 동대문구 회기로21길,4,,1123010800100450076010682,,서울특별시 동대문구 회기로21길 4,130872,02453,,,,127.053103962213,37.5915915220772
MA010120220802184187,티케이네트웍스,,S2,수리·개인,S201,컴퓨터 수리,S20101,컴퓨터/노트북/프린터 수리업,S95110,컴퓨터 및 주변 기기 수리업,11,서울특별시,11230,동대문구,11230710,회기동,1123010800,회기동,1123010800100640038,1,대지,64,38,서울특별시 동대문구 회기동 64-38,112304115366,서울특별시 동대문구 이문로3길,53,,1123010800100640038010202,,서울특별시 동대문구 이문로3길 53,130872,02459,,,,127.052027587268,37.5905738803675
MA010120220808410759,아트라운지르네,,N1,시설관리·임대,N111,산업용품 대여,N11199,기타 산업용 기계/장비 대여업,N76390,기타 산업용 기계 및 장비 임대업,11,서울특별시,11230,동대문구,11230710,회기동,1123010800,회기동,1123010800100160087,1,대지,16,87,서울특별시 동대문구 회기동 16-87,112304115695,서울특별시 동대문구 회기로21길,8,,1123010800100160087010654,제,서울특별시 동대문구 회기로21길 8,130872,02453,,지,,127.053262641966,37.5918166985788
MA010120220809138986,행복나무한약국,,Q1,보건의료,Q102,의원,Q10211,한의원,Q86203,한의원,11,서울특별시,11230,동대문구,11230710,회기동,1123010800,회기동,1123010800100160052,1,대지,16,52,서울특별시 동대문구 회기동 16-52,112303105002,서울특별시 동대문구 경희대로,6,1,1123010800100160052010611,,서울특별시 동대문구 경희대로 6-1,130872,02453,,3,,127.052606158464,37.5921593699355
MA010120220805139600,컴투레스트,,I2,음식,I212,비알코올 ,I21201,카페,I56221,커피 전문점,11,서울특별시,11230,동대문구,11230710,회기동,1123010800,회기동,1123010800100520000,1,대지,52,,서울특별시 동대문구 회기동 52,112303105020,서울특별시 동대문구 회기로,161,11,1123010800100520000010789,,서울특별시 동대문구 회기로 161-11,130872,02452,,1,,127.05420199302,37.5912035963819
MA010120220809747183,초심스터디카페경희대점,,R1,예술·스포츠,R102,도서관·사적지,R10202,독서실/스터디 카페,R90212,독서실 운영업,11,서울특별시,11230,동대문구,11230710,회기동,1123010800,회기동,1123010800100450107,1,대지,45,107,서울특별시 동대문구 회기동 45-107,112303105020,서울특별시 동대문구 회기로,152,,1123010800100450107010242,,서울특별시 동대문구 회기로 152,130872,02460,,2,,127.053103590908,37.5910689468524
MA010120220813732561,풀초롱밥상회기점,,I2,음식,I201,한식,I20101,백반/한정식,I56111,한식 일반 음식점업,11,서울특별시,11230,동대문구,11230710,회기동,1123010800,회기동,1123010800100420005,1,대지,42,5,서울특별시 동대문구 회기동 42-5,112304115018,서울특별시 동대문구 경희대로1가길,42,,1123010800100420005010285,,서울특별시 동대문구 경희대로1가길 42,130872,02454,,1,,127.05210851049,37.592961473448
MA010120220803287021,팔각도경희대점,,I2,음식,I201,한식,I20107,돼지고기 구이/찜,I56113,한식 육류 요리 전문점,11,서울특별시,11230,동대문구,11230710,회기동,1123010800,회기동,1123010800100600065,1,대지,60,65,서울특별시 동대문구 회기동 60-65,112304115689,서울특별시 동대문구 회기로13길,10,,1123010800100600066010641,전부,서울특별시 동대문구 회기로13길 10,130872,02454,,1,,127.051066097904,37.5919438082106
MA010120220814231027,마르코맨즈헤어,,S2,수리·개인,S207,이용·미용,S20701,미용실,S96112,두발 미용업,11,서울특별시,11230,동대문구,11230710,회기동,1123010800,회기동,1123010800103470004,1,대지,347,4,서울특별시 동대문구 회기동 347-4,112304115701,서울특별시 동대문구 회기로25길,16,,1123010800103470004010898,,서울특별시 동대문구 회기로25길 16,130881,02452,,1,,127.055254794952,37.5909147907644
MA010120220803611383,골드레벨파스타&필라프,,I2,음식,I204,서양식,I20402,파스타/스테이크,I56123,서양식 음식점업,11,서울특별시,11230,동대문구,11230710,회기동,1123010800,회기동,1123010800100050004,1,대지,5,4,서울특별시 동대문구 회기동 5-4,112304115694,서울특별시 동대문구 회기로21가길,13,,1123010800100050004010644,,서울특별시 동대문구 회기로21가길 13,130872,02453,,,,127.053919463958,37.5919515491546
MA010120220803651902,커피숲,,I2,음식,I212,비알코올 ,I21201,카페,I56221,커피 전문점,11,서울특별시,11230,동대문구,11230710,회기동,1123010800,회기동,1123010800100600108,1,대지,60,108,서울특별시 동대문구 회기동 60-108,112303105020,서울특별시 동대문구 회기로,117,,1123010800100600108010613,,서울특별시 동대문구 회기로 117,130872,02455,,1,,127.049627897769,37.5916470943158
MA010120220803343094,모스플레이스,,I2,음식,I212,비알코올 ,I21201,카페,I56221,커피 전문점,11,서울특별시,11230,동대문구,11230710,회기동,1123010800,회기동,1123010800100420052,1,대지,42,52,서울특별시 동대문구 회기동 42-52,112304115021,서울특별시 동대문구 경희대로3길,11,,1123010800100420052010497,,서울특별시 동대문구 경희대로3길 11,130872,02454,,2,,127.051870489653,37.5926192013913
MA010120220803696329,만능사,,G2,소매,G210,철물·건설자재 소매,G21001,철물/공구 소매업,G47511,철물 및 난방용구 소매업,11,서울특별시,11230,동대문구,11230710,회기동,1123010800,회기동,1123010800100160053,1,대지,16,53,서울특별시 동대문구 회기동 16-53,112303105002,서울특별시 동대문구 경희대로,6,,1123010800100160053010623,,서울특별시 동대문구 경희대로 6,130872,02453,,,,127.052583455634,37.5920782907775
MA010120220803620946,시선안경,,G2,소매,G216,안경·정밀기기 소매,G21602,안경렌즈 소매업,G47822,안경 및 렌즈 소매업,11,서울특별시,11230,동대문구,11230710,회기동,1123010800,회기동,1123010800100160043,1,대지,16,43,서울특별시 동대문구 회기동 16-43,112303105002,서울특별시 동대문구 경희대로,14,,1123010800100160043010472,,서울특별시 동대문구 경희대로 14,130872,02453,,,,127.052742465499,37.5927719835861
MA010120220803615214,고황감자탕뼈다귀해장국,,I2,음식,I201,한식,I20101,백반/한정식,I56111,한식 일반 음식점업,11,서울특별시,11230,동대문구,11230710,회기동,1123010800,회기동,1123010800100420031,1,대지,42,31,서울특별시 동대문구 회기동 42-31,112304115019,서울특별시 동대문구 경희대로1길,8,16,1123010800100420031010561,,서울특별시 동대문구 경희대로1길 8-16,130872,02454,,2,,127.052051462447,37.5923398142385
MA010120220803616408,민들레영토경희대점,,I2,음식,I204,서양식,I20401,경양식,I56123,서양식 음식점업,11,서울특별시,11230,동대문구,11230710,회기동,1123010800,회기동,1123010800100600084,1,대지,60,84,서울특별시 동대문구 회기동 60-84,112304115019,서울특별시 동대문구 경희대로1길,34,,1123010800100600084010633,,서울특별시 동대문구 경희대로1길 34,130872,02454,,,,127.05035280048,37.5920071840955
MA010120220809976223,하프스튜디오회기,,M1,과학·기술,M113,사진 촬영,M11301,사진촬영업,M73303,사진 처리업,11,서울특별시,11230,동대문구,11230710,회기동,1123010800,회기동,1123010800103470006,1,대지,347,6,서울특별시 동대문구 회기동 347-6,112304115701,서울특별시 동대문구 회기로25길,4,,1123010800103470006010952,,서울특별시 동대문구 회기로25길 4,130881,02452,,3,,127.054824400204,37.5907347930333
MA010120220808273679,멍군집,,I2,음식,I201,한식,I20107,돼지고기 구이/찜,I56113,한식 육류 요리 전문점,11,서울특별시,11230,동대문구,11230710,회기동,1123010800,회기동,1123010800100600006,1,대지,60,6,서울특별시 동대문구 회기동 60-6,112303105020,서울특별시 동대문구 회기로,148,4,1123010800100600006010347,,서울특별시 동대문구 회기로 148-4,130872,02459,,1,,127.052639505223,37.5912763829111
MA010120220803656275,KH메디칼,,G2,소매,G215,의약·화장품 소매,G21502,의료기기 소매업,G47812,의료용 기구 소매업,11,서울특별시,11230,동대문구,11230710,회기동,1123010800,회기동,1123010800101090081,1,대지,109,81,서울특별시 동대문구 회기동 109-81,112304115020,서울특별시 동대문구 경희대로1나길,56,6,1123010800101090081010308,,서울특별시 동대문구 경희대로1나길 56-6,130873,02454,,1,,127.050331022443,37.5932956117478
MA010120220803626443,코인워시24,,S2,수리·개인,S209,세탁,S20901,세탁소,S96912,가정용 세탁업,11,서울특별시,11230,동대문구,11230710,회기동,1123010800,회기동,1123010800100030043,1,대지,3,43,서울특별시 동대문구 회기동 3-43,112304115022,서울특별시 동대문구 경희대로4길,37,,1123010800100030043011315,,서울특별시 동대문구 경희대로4길 37,130872,02453,,1,,127.054542299959,37.5920593820231
MA010120220803688281,경희대학교서울캠퍼스행복기숙사,,I1,숙박,I102,기타 숙박,I10201,기숙사/고시원,I55901,기숙사 및 고시원 운영업,11,서울특별시,11230,동대문구,11230710,회기동,1123010800,회기동,1123010800100010005,1,대지,1,5,서울특별시 동대문구 회기동 1-5,112303105002,서울특별시 동대문구 경희대로,26,,1123010800100010003041260,,서울특별시 동대문구 경희대로 26,130701,02447,,,,127.054883375636,37.593951306684
MA010120220803652583,케이스팩토리,,G2,소매,G209,섬유·의복·신발 소매,G20911,가방 소매업,G47440,가방 및 기타 가죽제품 소매업,11,서울특별시,11230,동대문구,11230710,회기동,1123010800,회기동,1123010800100450057,1,대지,45,57,서울특별시 동대문구 회기동 45-57,112303105020,서울특별시 동대문구 회기로,161,,1123010800100450057010367,,서울특별시 동대문구 회기로 161,130872,02452,,1,,127.054020562128,37.5908342727962
MA010120220812197730,더한올Thehanoll,,S2,수리·개인,S207,이용·미용,S20702,피부 관리실,S96113,피부 미용업,11,서울특별시,11230,동대문구,11230710,회기동,1123010800,회기동,1123010800101050015,1,대지,105,15,서울특별시 동대문구 회기동 105-15,112304115691,서울특별시 동대문구 회기로16길,4,,1123010800101050015011525,,서울특별시 동대문구 회기로16길 4,130873,02459,,2,,127.051439206433,37.5911507732139
MA010120220803617890,낙원떡방앗간,,I2,음식,I210,기타 간이,I21002,떡/한과,C10711,떡류 제조업,11,서울특별시,11230,동대문구,11230710,회기동,1123010800,회기동,1123010800100570022,1,대지,57,22,서울특별시 동대문구 회기동 57-22,112304115701,서울특별시 동대문구 회기로25길,11,,1123010800100570022010861,,서울특별시 동대문구 회기로25길 11,130872,02452,,,,127.054983089944,37.5909689771701
MA010120220811042771,뮤직퍼포먼스,,I2,음식,I211,주점,I21104,요리 주점,I56219,기타 주점업,11,서울특별시,11230,동대문구,11230710,회기동,1123010800,회기동,1123010800100600063,1,대지,60,63,서울특별시 동대문구 회기동 60-63,112304115689,서울특별시 동대문구 회기로13길,14,,1123010800100600063010611,,서울특별시 동대문구 회기로13길 14,130872,02454,,1,,127.05108884216,37.5920879570815
MA010120220808730437,유성관,,I2,음식,I201,한식,I20107,돼지고기 구이/찜,I56113,한식 육류 요리 전문점,11,서울특별시,11230,동대문구,11230710,회기동,1123010800,회기동,1123010800100420023,1,대지,42,23,서울특별시 동대문구 회기동 42-23,112304115021,서울특별시 동대문구 경희대로3길,30,,1123010800100420023010391,,서울특별시 동대문구 경희대로3길 30,130872,02454,,1,,127.050817717996,37.5930070858368
MA010120220808252857,맨드살롱,2호점,S2,수리·개인,S207,이용·미용,S20701,미용실,S96112,두발 미용업,11,서울특별시,11230,동대문구,11230710,회기동,1123010800,회기동,1123010800100540016,1,대지,54,16,서울특별시 동대문구 회기동 54-16,112304115022,서울특별시 동대문구 경희대로4길,64,,1123010800100540016010702,,서울특별시 동대문구 경희대로4길 64,130872,02452,,2,,127.055640061849,37.591311046297
MA010120220805314708,사회적협동조합행복한사람,,M1,과학·기술,M107,본사·경영 컨설팅,M10703,경영 컨설팅업,M71531,경영 컨설팅업,11,서울특별시,11230,동대문구,11230710,회기동,1123010800,회기동,1123010800100010005,1,대지,1,5,서울특별시 동대문구 회기동 1-5,112303105002,서울특별시 동대문구 경희대로,26,6,1123010800100010005041290,네오르네상스관,서울특별시 동대문구 경희대로 26-6,130701,02453,,,,127.053218717214,37.5937358309964
MA010120220812530767,촉파이중식,,I2,음식,I202,중식,I20201,중국집,I56121,중식 음식점업,11,서울특별시,11230,동대문구,11230710,회기동,1123010800,회기동,1123010800100420071,1,대지,42,71,서울특별시 동대문구 회기동 42-71,112304115021,서울특별시 동대문구 경희대로3길,21,,1123010800100420071010478,,서울특별시 동대문구 경희대로3길 21,130872,02454,,1,,127.051247770212,37.592682542839
MA010120220811474908,마구로준,,I2,음식,I201,한식,I20111,횟집,I56114,한식 해산물 요리 전문점,11,서울특별시,11230,동대문구,11230710,회기동,1123010800,회기동,1123010800101050034,1,대지,105,34,서울특별시 동대문구 회기동 105-34,112303105020,서울특별시 동대문구 회기로,132,,1123010800101050034010782,,서울특별시 동대문구 회기로 132,130873,02459,,1,,127.051099573648,37.591223000104
MA010120220811930818,랭스터디카페,,R1,예술·스포츠,R102,도서관·사적지,R10202,독서실/스터디 카페,R90212,독서실 운영업,11,서울특별시,11230,동대문구,11230710,회기동,1123010800,회기동,1123010800100570011,1,대지,57,11,서울특별시 동대문구 회기동 57-11,112303105020,서울특별시 동대문구 회기로,163,,1123010800100570011011354,,서울특별시 동대문구 회기로 163,130872,02452,,,,127.054326268129,37.5908251225671
MA010120220805143044,삼푸,,G2,소매,G209,섬유·의복·신발 소매,G20902,여성 의류 소매업,G47412,여자용 겉옷 소매업,11,서울특별시,11230,동대문구,11230710,회기동,1123010800,회기동,1123010800100160095,1,대지,16,95,서울특별시 동대문구 회기동 16-95,112303105020,서울특별시 동대문구 회기로,145,,1123010800100160106010163,,서울특별시 동대문구 회기로 145,130872,02453,,1,,127.052775651853,37.5916637486902
MA010120220809134915,화이트365경희대점,,S2,수리·개인,S209,세탁,S20901,세탁소,S96912,가정용 세탁업,11,서울특별시,11230,동대문구,11230710,회기동,1123010800,회기동,1123010800101050035,1,대지,105,35,서울특별시 동대문구 회기동 105-35,112303105020,서울특별시 동대문구 회기로,134,,1123010800101050035010780,,서울특별시 동대문구 회기로 134,130873,02459,,1,,127.051280768502,37.5912679711252
MA010120220811701955,세일마켓,,G2,소매,G209,섬유·의복·신발 소매,G20902,여성 의류 소매업,G47412,여자용 겉옷 소매업,11,서울특별시,11230,동대문구,11230710,회기동,1123010800,회기동,1123010800100450070,1,대지,45,70,서울특별시 동대문구 회기동 45-70,112303105020,서울특별시 동대문구 회기로,153,,1123010800100450070010776,,서울특별시 동대문구 회기로 153,130872,02453,,1,,127.053477363248,37.5912399665955
MA010120220803695428,크로네,,I2,음식,I210,기타 간이,I21001,빵/도넛,I56191,제과점업,11,서울특별시,11230,동대문구,11230710,회기동,1123010800,회기동,1123010800101080015,1,대지,108,15,서울특별시 동대문구 회기동 108-15,112303105002,서울특별시 동대문구 경희대로,17,,1123010800101080015011355,,서울특별시 동대문구 경희대로 17,130873,02454,,1,,127.05244833989,37.5931595411261
MA010120220811888060,에이유,,I2,음식,I212,비알코올 ,I21201,카페,I56221,커피 전문점,11,서울특별시,11230,동대문구,11230710,회기동,1123010800,회기동,1123010800100420057,1,대지,42,57,서울특별시 동대문구 회기동 42-57,112304115018,서울특별시 동대문구 경희대로1가길,12,,1123010800100420057010562,,서울특별시 동대문구 경희대로1가길 12,130872,02454,,1,,127.051609862516,37.5923309982354
MA010120220812784064,맘스터치경희대로점,,I2,음식,I210,기타 간이,I21004,버거,I56192,피자; 햄버거; 샌드위치 및 유사 음식점업,11,서울특별시,11230,동대문구,11230710,회기동,1123010800,회기동,1123010800100160070,1,대지,16,70,서울특별시 동대문구 회기동 16-70,112303105002,서울특별시 동대문구 경희대로,5,1,1123010800100160070010609,,서울특별시 동대문구 경희대로 5-1,130872,02454,,2,,127.052187205311,37.5921505459962
MA010120220810542176,짱노래연습장,,R1,예술·스포츠,R104,유원지·오락,R10407,노래방,R91223,노래 연습장 운영업,11,서울특별시,11230,동대문구,11230710,회기동,1123010800,회기동,1123010800100610018,1,대지,61,18,서울특별시 동대문구 회기동 61-18,112303105020,서울특별시 동대문구 회기로,160,,1123010800100610018010959,,서울특별시 동대문구 회기로 160,130872,02460,,지,,127.053646835846,37.5907263241908
MA010120220808605258,경성고기꾼,,I2,음식,I201,한식,I20107,돼지고기 구이/찜,I56113,한식 육류 요리 전문점,11,서울특별시,11230,동대문구,11230710,회기동,1123010800,회기동,1123010800100160087,1,대지,16,87,서울특별시 동대문구 회기동 16-87,112304115695,서울특별시 동대문구 회기로21길,8,,1123010800100160087010654,,서울특별시 동대문구 회기로21길 8,130872,02453,,1,,127.053262641966,37.5918166985788
MA010120220806965532,나르항,,I2,음식,I205,동남아시아,I20501,베트남식 전문,I56129,기타 외국식 음식점업,11,서울특별시,11230,동대문구,11230710,회기동,1123010800,회기동,1123010800100450076,1,대지,45,76,서울특별시 동대문구 회기동 45-76,112304115695,서울특별시 동대문구 회기로21길,4,,1123010800100450076010682,,서울특별시 동대문구 회기로21길 4,130872,02453,,1,,127.053103962213,37.5915915220772
MA010120220803664524,배트콩,,I2,음식,I212,비알코올 ,I21201,카페,I56221,커피 전문점,11,서울특별시,11230,동대문구,11230710,회기동,1123010800,회기동,1123010800100540011,1,대지,54,11,서울특별시 동대문구 회기동 54-11,112304115022,서울특별시 동대문구 경희대로4길,52,,1123010800100540011010747,,서울특별시 동대문구 경희대로4길 52,130872,02452,,1,,127.055142026638,37.5915365280238
MA010120220803713962,보석당,,G2,소매,G217,시계·귀금속 소매,G21701,시계/귀금속 소매업,G47830,시계 및 귀금속 소매업,11,서울특별시,11230,동대문구,11230710,회기동,1123010800,회기동,1123010800103460007,1,대지,346,7,서울특별시 동대문구 회기동 346-7,112303105010,서울특별시 동대문구 이문로,29,,1123010800103460007011069,,서울특별시 동대문구 이문로 29,130881,02452,,,,127.055933711864,37.5903198161727
MA010120220805153700,알로하올라,,I2,음식,I210,기타 간이,I21001,빵/도넛,I56191,제과점업,11,서울특별시,11230,동대문구,11230710,회기동,1123010800,회기동,1123010800100600049,1,대지,60,49,서울특별시 동대문구 회기동 60-49,112303105020,서울특별시 동대문구 회기로,133,1,1123010800100600049010749,,서울특별시 동대문구 회기로 133-1,130872,02454,,1,,127.051484733227,37.5914931303482
MA010120220800960830,홍,,G2,소매,G209,섬유·의복·신발 소매,G20902,여성 의류 소매업,G47412,여자용 겉옷 소매업,11,서울특별시,11230,동대문구,11230710,회기동,1123010800,회기동,1123010800103460020,1,대지,346,20,서울특별시 동대문구 회기동 346-20,112303105020,서울특별시 동대문구 회기로,171,,1123010800103460020010584,,서울특별시 동대문구 회기로 171,130881,02452,,1,,127.055050701004,37.5905274595091
MA010120220806687977,명인,,I2,음식,I210,기타 간이,I21001,빵/도넛,I56191,제과점업,11,서울특별시,11230,동대문구,11230710,회기동,1123010800,회기동,1123010800100050001,1,대지,5,1,서울특별시 동대문구 회기동 5-1,112304115694,서울특별시 동대문구 회기로21가길,11,1,1123010800100050001010618,,서울특별시 동대문구 회기로21가길 11-1,130872,02453,,1,,127.053953523589,37.5920776724633
MA010120220803612406,정운스포츠,,G2,소매,G213,오락용품 소매,G21304,운동용품 소매업,G47631,운동 및 경기용품 소매업,11,서울특별시,11230,동대문구,11230710,회기동,1123010800,회기동,1123010800100810000,1,대지,81,,서울특별시 동대문구 회기동 81,112303105020,서울특별시 동대문구 회기로,176,,1123010800100810000041190,,서울특별시 동대문구 회기로 176,130872,02460,,,,127.05537874381,37.5901038397212
MA010120220804374142,두접시,,I2,음식,I203,일식,I20301,일식 회/초밥,I56122,일식 음식점업,11,서울특별시,11230,동대문구,11230710,회기동,1123010800,회기동,1123010800100420059,1,대지,42,59,서울특별시 동대문구 회기동 42-59,112304115018,서울특별시 동대문구 경희대로1가길,8,1,1123010800100420059000002,메이플,서울특별시 동대문구 경희대로1가길 8-1,130872,02454,,1,,127.05154180697,37.5921598395082
MA010120220800827382,그로우,,G2,소매,G209,섬유·의복·신발 소매,G20902,여성 의류 소매업,G47412,여자용 겉옷 소매업,11,서울특별시,11230,동대문구,11230710,회기동,1123010800,회기동,1123010800100130001,1,대지,13,1,서울특별시 동대문구 회기동 13-1,112304115022,서울특별시 동대문구 경희대로4길,18,,1123010800100130001010504,,서울특별시 동대문구 경희대로4길 18,130872,02453,,1,,127.053500763364,37.5922941166155
MA010120220803643051,설,,I2,음식,I203,일식,I20301,일식 회/초밥,I56122,일식 음식점업,11,서울특별시,11230,동대문구,11230710,회기동,1123010800,회기동,1123010800100160073,1,대지,16,73,서울특별시 동대문구 회기동 16-73,112303105002,서울특별시 동대문구 경희대로,9,,1123010800100160073010552,,서울특별시 동대문구 경희대로 9,130872,02454,,,,127.052255312725,37.5923937836802
MA010120220803614323,허허떡방아간,,I2,음식,I210,기타 간이,I21002,떡/한과,C10711,떡류 제조업,11,서울특별시,11230,동대문구,11230710,회기동,1123010800,회기동,1123010800100540013,1,대지,54,13,서울특별시 동대문구 회기동 54-13,112304115022,서울특별시 동대문구 경희대로4길,56,,1123010800100540013011344,,서울특별시 동대문구 경희대로4길 56,130872,02452,,,,127.055345770195,37.5914463334624
MA010120220806365947,삼삼칠,,I2,음식,I201,한식,I20107,돼지고기 구이/찜,I56113,한식 육류 요리 전문점,11,서울특별시,11230,동대문구,11230710,회기동,1123010800,회기동,1123010800100080005,1,대지,8,5,서울특별시 동대문구 회기동 8-5,112304115022,서울특별시 동대문구 경희대로4길,22,,1123010800100080005010388,,서울특별시 동대문구 경희대로4길 22,130872,02453,,,,127.05370449802,37.5921859050632
MA010120220803694608,청솔디자인,,M1,과학·기술,M105,광고,M10501,광고 대행업,M71310,광고 대행업,11,서울특별시,11230,동대문구,11230710,회기동,1123010800,회기동,1123010800100540109,1,대지,54,109,서울특별시 동대문구 회기동 54-109,112304115697,서울특별시 동대문구 회기로23길,14,,1123010800100540109040849,,서울특별시 동대문구 회기로23길 14,130872,02452,,,,127.054326654529,37.5913567077205
MA010120220807134673,MJ스포랜드,,R1,예술·스포츠,R103,스포츠 서비스,R10307,헬스장,R91132,체력 단련시설 운영업,11,서울특별시,11230,동대문구,11230710,회기동,1123010800,회기동,1123010800100670003,1,대지,67,3,서울특별시 동대문구 회기동 67-3,112303105010,서울특별시 동대문구 이문로,3,,1123010800100670003010591,민족통일엠제이캠퍼스경희대,서울특별시 동대문구 이문로 3,130872,02461,,3,,127.05367931555,37.5886540271259
MA010120220803630746,화이트캣,,I2,음식,I204,서양식,I20401,경양식,I56123,서양식 음식점업,11,서울특별시,11230,동대문구,11230710,회기동,1123010800,회기동,1123010800100420077,1,대지,42,77,서울특별시 동대문구 회기동 42-77,112304115689,서울특별시 동대문구 회기로13길,21,,1123010800100420077011358,,서울특별시 동대문구 회기로13길 21,130872,02454,,2,,127.05091925682,37.5924664469677
MA010120220805803315,홍대디자인가구,,G2,소매,G211,가구 소매,G21101,가구 소매업,G47520,가구 소매업,11,서울특별시,11230,동대문구,11230710,회기동,1123010800,회기동,1123010800100720007,1,대지,72,7,서울특별시 동대문구 회기동 72-7,112303105010,서울특별시 동대문구 이문로,11,,1123010800100720007011284,,서울특별시 동대문구 이문로 11,130872,02460,,,,127.054370405319,37.5892393558867
MA010120220812323337,놀숲,,I2,음식,I212,비알코올 ,I21201,카페,I56229,기타 비알코올 음료점업,11,서울특별시,11230,동대문구,11230710,회기동,1123010800,회기동,1123010800100600059,1,대지,60,59,서울특별시 동대문구 회기동 60-59,112304115689,서울특별시 동대문구 회기로13길,6,,1123010800100600059010671,,서울특별시 동대문구 회기로13길 6,130872,02454,,지,,127.051065943997,37.5917185602807
MA010120220800101003,술꾼일지,,I2,음식,I211,주점,I21104,요리 주점,I56219,기타 주점업,11,서울특별시,11230,동대문구,11230710,회기동,1123010800,회기동,1123010800100420082,1,대지,42,82,서울특별시 동대문구 회기동 42-82,112304115019,서울특별시 동대문구 경희대로1길,8,18,1123010800100420082010260,회기동복합빌딩,서울특별시 동대문구 경희대로1길 8-18,130872,02454,,2,,127.052074177335,37.5924389133279
MA010120220814349735,우차이,,I2,음식,I202,중식,I20201,중국집,I56121,중식 음식점업,11,서울특별시,11230,동대문구,11230710,회기동,1123010800,회기동,1123010800100160035,1,대지,16,35,서울특별시 동대문구 회기동 16-35,112304115022,서울특별시 동대문구 경희대로4길,5,,1123010800100160035010525,,서울특별시 동대문구 경희대로4길 5,130872,02453,,지,,127.052900846922,37.5925736945003
MA010120220800272193,비반트,,I2,음식,I212,비알코올 ,I21201,카페,I56221,커피 전문점,11,서울특별시,11230,동대문구,11230710,회기동,1123010800,회기동,1123010800100160038,1,대지,16,38,서울특별시 동대문구 회기동 16-38,112304115695,서울특별시 동대문구 회기로21길,33,,1123010800100160038041168,,서울특별시 동대문구 회기로21길 33,130872,02453,,,,127.052957634058,37.5928169368338
MA010120220803612856,복사,,N1,시설관리·임대,N107,사무 지원,N10703,복사업,N75912,복사업,11,서울특별시,11230,동대문구,11230710,회기동,1123010800,회기동,1123010800100010005,1,대지,1,5,서울특별시 동대문구 회기동 1-5,112303105002,서울특별시 동대문구 경희대로,26,,1123010800100010003041260,경희대학교,서울특별시 동대문구 경희대로 26,130701,02447,,,,127.054883375636,37.593951306684
MA010120220805320773,씬피어싱,,G2,소매,G218,장식품 소매,G21802,기념품점,G47842,기념품; 관광 민예품 및 장식용품 소매업,11,서울특별시,11230,동대문구,11230710,회기동,1123010800,회기동,1123010800100130001,1,대지,13,1,서울특별시 동대문구 회기동 13-1,112304115022,서울특별시 동대문구 경희대로4길,18,,1123010800100130001010504,,서울특별시 동대문구 경희대로4길 18,130872,02453,,,,127.053500763364,37.5922941166155
MA010120220812266136,스타트앤스케일업,,M1,과학·기술,M107,본사·경영 컨설팅,M10703,경영 컨설팅업,M71531,경영 컨설팅업,11,서울특별시,11230,동대문구,11230710,회기동,1123010800,회기동,1123010800101020168,1,대지,102,168,서울특별시 동대문구 회기동 102-168,112304115659,서울특별시 동대문구 홍릉로24길,127,,1123010800101020168000145,,서울특별시 동대문구 홍릉로24길 127,130873,02458,,,,127.049750943309,37.5893855521153
MA010120220811883227,메디약국,,G2,소매,G215,의약·화장품 소매,G21501,약국,G47811,의약품 및 의료용품 소매업,11,서울특별시,11230,동대문구,11230710,회기동,1123010800,회기동,1123010800103460001,1,대지,346,1,서울특별시 동대문구 회기동 346-1,112303105020,서울특별시 동대문구 회기로,173,,1123010800103460001010200,,서울특별시 동대문구 회기로 173,130881,02452,,,,127.055503599927,37.5905182374889
MA010120220803414880,다온,,G2,소매,G209,섬유·의복·신발 소매,G20905,기타 의류 소매업,G47419,기타 의복 소매업,11,서울특별시,11230,동대문구,11230710,회기동,1123010800,회기동,1123010800101020288,1,대지,102,288,서울특별시 동대문구 회기동 102-288,112304115684,서울특별시 동대문구 회기로10길,61,,1123010700102060051000359,,서울특별시 동대문구 회기로10길 61,130873,02457,,지,,127.047645193878,37.5897468178223
MA010120220806787183,하마쌀국수,,I2,음식,I205,동남아시아,I20501,베트남식 전문,I56129,기타 외국식 음식점업,11,서울특별시,11230,동대문구,11230710,회기동,1123010800,회기동,1123010800100570030,1,대지,57,30,서울특별시 동대문구 회기동 57-30,112304115701,서울특별시 동대문구 회기로25길,17,9,1123010800100570030010824,명칭없음,서울특별시 동대문구 회기로25길 17-9,130872,02452,,1,,127.054620815985,37.5910412247378
MA010120220803661522,악어새클린업,,N1,시설관리·임대,N102,청소·방제,N10201,건축물 일반 청소업,N74211,건축물 일반 청소업,11,서울특별시,11230,동대문구,11230710,회기동,1123010800,회기동,1123010800100600230,1,대지,60,230,서울특별시 동대문구 회기동 60-230,112303105020,서울특별시 동대문구 회기로,108,32,1123010800100600230041584,동일스카이시티,서울특별시 동대문구 회기로 108-32,130872,02457,,2,,127.048132822486,37.5909269197975
MA010120220805202838,108장마라탕,,I2,음식,I202,중식,I20202,마라탕/훠궈,I56121,중식 음식점업,11,서울특별시,11230,동대문구,11230710,회기동,1123010800,회기동,1123010800100160042,1,대지,16,42,서울특별시 동대문구 회기동 16-42,112303105002,서울특별시 동대문구 경희대로,16,,1123010800100160042010447,,서울특별시 동대문구 경희대로 16,130872,02453,,1,,127.052776491706,37.5928530576412
MA010120220807779541,현필라테스앤요가,,P1,교육,P106,기타 교육,P10603,요가/필라테스 학원,P85612,기타 스포츠 교육기관,11,서울특별시,11230,동대문구,11230710,회기동,1123010800,회기동,1123010800100670003,1,대지,67,3,서울특별시 동대문구 회기동 67-3,112303105010,서울특별시 동대문구 이문로,3,,1123010800100670003010591,민족통일엠제이캠퍼스경희대,서울특별시 동대문구 이문로 3,130872,02461,,2,,127.05367931555,37.5886540271259
MA010120220807756066,파라다이스스튜디오,,I2,음식,I211,주점,I21103,생맥주 전문,I56213,생맥주 전문점,11,서울특별시,11230,동대문구,11230710,회기동,1123010800,회기동,1123010800100420082,1,대지,42,82,서울특별시 동대문구 회기동 42-82,112304115019,서울특별시 동대문구 경희대로1길,8,18,1123010800100420082010260,회기동복합빌딩,서울특별시 동대문구 경희대로1길 8-18,130872,02454,,1,,127.052074177335,37.5924389133279
MA010120220803714362,슈즈왕국,,G2,소매,G209,섬유·의복·신발 소매,G20910,신발 소매업,G47430,신발 소매업,11,서울특별시,11230,동대문구,11230710,회기동,1123010800,회기동,1123010800100580002,1,대지,58,2,서울특별시 동대문구 회기동 58-2,112303105020,서울특별시 동대문구 회기로,165,1,1123010800100580002010881,,서울특별시 동대문구 회기로 165-1,130872,02452,,,,127.05446203531,37.5906809012589
MA010120220803640183,리,,S2,수리·개인,S207,이용·미용,S20703,네일숍,S96119,기타 미용업,11,서울특별시,11230,동대문구,11230710,회기동,1123010800,회기동,1123010800100450056,1,대지,45,56,서울특별시 동대문구 회기동 45-56,112303105020,서울특별시 동대문구 회기로,159,,1123010800100450056010692,,서울특별시 동대문구 회기로 159,130872,02452,,1,,127.053907380747,37.5908973939901
MA010120220812812489,타오파크,,I2,음식,I212,비알코올 ,I21201,카페,I56221,커피 전문점,11,서울특별시,11230,동대문구,11230710,회기동,1123010800,회기동,1123010800100160072,1,대지,16,72,서울특별시 동대문구 회기동 16-72,112303105002,서울특별시 동대문구 경희대로,7,1,1123010800100160072011342,,서울특별시 동대문구 경희대로 7-1,130872,02454,,,,127.052221293588,37.5923217193841
MA010120220803660319,락식락당,,I2,음식,I201,한식,I20101,백반/한정식,I56111,한식 일반 음식점업,11,서울특별시,11230,동대문구,11230710,회기동,1123010800,회기동,1123010800100160033,1,대지,16,33,서울특별시 동대문구 회기동 16-33,112304115022,서울특별시 동대문구 경희대로4길,6,,1123010800100160033010177,,서울특별시 동대문구 경희대로4길 6,130872,02453,,지,,127.052855478653,37.5924655958003
MA010120220803653432,업소명없음,,I1,숙박,I102,기타 숙박,I10201,기숙사/고시원,I55901,기숙사 및 고시원 운영업,11,서울특별시,11230,동대문구,11230710,회기동,1123010800,회기동,1123010800100600100,1,대지,60,100,서울특별시 동대문구 회기동 60-100,112303105020,서울특별시 동대문구 회기로,121,1,1123010800100600100010576,,서울특별시 동대문구 회기로 121-1,130872,02454,,,,127.050216671831,37.5916288254532
MA010120220808000989,민들레살롱,,G2,소매,G219,식물 소매,G21901,꽃집,G47851,화초 및 식물 소매업,11,서울특별시,11230,동대문구,11230710,회기동,1123010800,회기동,1123010800103460011,1,대지,346,11,서울특별시 동대문구 회기동 346-11,112303105020,서울특별시 동대문구 회기로,169,,1123010800103470003011019,,서울특별시 동대문구 회기로 169,130881,02452,,1,,127.054869585058,37.5905906132932
MA010120220812731318,지에스25카이스트원룸점,,G2,소매,G204,종합 소매,G20405,편의점,G47122,체인화 편의점,11,서울특별시,11230,동대문구,11230710,회기동,1123010800,회기동,1123010800100600138,1,대지,60,138,서울특별시 동대문구 회기동 60-138,112303105020,서울특별시 동대문구 회기로,118,,1123010800100600138010701,,서울특별시 동대문구 회기로 118,130872,02457,,1,,127.049672979424,37.5913317281373
MA010120220808022281,한국사회적경제진흥원,,M1,과학·기술,M107,본사·경영 컨설팅,M10703,경영 컨설팅업,M71531,경영 컨설팅업,11,서울특별시,11230,동대문구,11230710,회기동,1123010800,회기동,1123010800100010005,1,대지,1,5,서울특별시 동대문구 회기동 1-5,112303105002,서울특별시 동대문구 경희대로,26,,1123010800100010003041260,창업보육센터,서울특별시 동대문구 경희대로 26,130701,02447,,,,127.054883375636,37.593951306684
MA010120220803786956,선영헤어,,S2,수리·개인,S207,이용·미용,S20701,미용실,S96112,두발 미용업,11,서울특별시,11230,동대문구,11230710,회기동,1123010800,회기동,1123010800100570005,1,대지,57,5,서울특별시 동대문구 회기동 57-5,112304115701,서울특별시 동대문구 회기로25길,15,,1123010800100570005010854,,서울특별시 동대문구 회기로25길 15,130872,02452,,1,,127.055152977095,37.5910319673572
MA010120220811796533,독동집/DUTONGJI/獨同集,,R1,예술·스포츠,R104,유원지·오락,R10499,기타 오락관련 서비스업,R91299,그 외 기타 분류 안된 오락관련 서비스업,11,서울특별시,11230,동대문구,11230710,회기동,1123010800,회기동,1123010800100160068,1,대지,16,68,서울특별시 동대문구 회기동 16-68,112303105002,서울특별시 동대문구 경희대로,3,1,1123010800100160068010640,,서울특별시 동대문구 경희대로 3-1,130872,02454,,3,,127.052153123477,37.5919883825101
MA010120220801149405,퓨처밀,,M1,과학·기술,M107,본사·경영 컨설팅,M10703,경영 컨설팅업,M71531,경영 컨설팅업,11,서울특별시,11230,동대문구,11230710,회기동,1123010800,회기동,1123010800100010005,1,대지,1,5,서울특별시 동대문구 회기동 1-5,112303105002,서울특별시 동대문구 경희대로,26,,1123010800100010003041260,삼의원창업센터,서울특별시 동대문구 경희대로 26,130701,02447,,,,127.054883375636,37.593951306684
MA010120220812600455,태양스튜디오,,M1,과학·기술,M113,사진 촬영,M11301,사진촬영업,M73303,사진 처리업,11,서울특별시,11230,동대문구,11230710,회기동,1123010800,회기동,1123010800101080017,1,대지,108,17,서울특별시 동대문구 회기동 108-17,112303105002,서울특별시 동대문구 경희대로,19,3,1123010800101080017011354,,서울특별시 동대문구 경희대로 19-3,130873,02454,,,,127.052357812383,37.5932406705774
MA010120220807484707,코타,,I2,음식,I204,서양식,I20401,경양식,I56123,서양식 음식점업,11,서울특별시,11230,동대문구,11230710,회기동,1123010800,회기동,1123010800100160090,1,대지,16,90,서울특별시 동대문구 회기동 16-90,112304115695,서울특별시 동대문구 회기로21길,7,,1123010800100160090041169,,서울특별시 동대문구 회기로21길 7,130872,02453,,2,,127.052990881123,37.5917988010587
MA010120220803656854,청하노래연습장,,R1,예술·스포츠,R104,유원지·오락,R10407,노래방,R91223,노래 연습장 운영업,11,서울특별시,11230,동대문구,11230710,회기동,1123010800,회기동,1123010800100600059,1,대지,60,59,서울특별시 동대문구 회기동 60-59,112304115689,서울특별시 동대문구 회기로13길,6,,1123010800100600059010671,,서울특별시 동대문구 회기로13길 6,130872,02454,,2,,127.051065943997,37.5917185602807
MA010120220803650784,경희온누리약국,,G2,소매,G215,의약·화장품 소매,G21501,약국,G47811,의약품 및 의료용품 소매업,11,서울특별시,11230,동대문구,11230710,회기동,1123010800,회기동,1123010800100420010,1,대지,42,10,서울특별시 동대문구 회기동 42-10,112304115018,서울특별시 동대문구 경희대로1가길,32,,1123010800100420010010396,,서울특별시 동대문구 경희대로1가길 32,130872,02454,,1,,127.051746211608,37.5930156923473
MA010120220803645606,피자스쿨경희대점,,I2,음식,I210,기타 간이,I21003,피자,I56192,피자; 햄버거; 샌드위치 및 유사 음식점업,11,서울특별시,11230,동대문구,11230710,회기동,1123010800,회기동,1123010800100760010,1,대지,76,10,서울특별시 동대문구 회기동 76-10,112303105020,서울특별시 동대문구 회기로,170,,1123010800100760010010210,,서울특별시 동대문구 회기로 170,130872,02460,,1,,127.054858050789,37.5903023011558
MA010120220803658078,여기가좋겠네,,I2,음식,I201,한식,I20107,돼지고기 구이/찜,I56113,한식 육류 요리 전문점,11,서울특별시,11230,동대문구,11230710,회기동,1123010800,회기동,1123010800100160010,1,대지,16,10,서울특별시 동대문구 회기동 16-10,112304115695,서울특별시 동대문구 회기로21길,25,,1123010800100160010010493,,서울특별시 동대문구 회기로21길 25,130872,02453,,1,,127.053149990286,37.5926276420856
MA010120220803685207,죽이야기경희의료원점,,I2,음식,I201,한식,I20101,백반/한정식,I56193,치킨 전문점,11,서울특별시,11230,동대문구,11230710,회기동,1123010800,회기동,1123010800100010000,1,대지,1,,서울특별시 동대문구 회기동 1,112303105002,서울특별시 동대문구 경희대로,23,,1123010800100010005041218,경희의료원,서울특별시 동대문구 경희대로 23,130702,02447,,2,,127.050738976836,37.593772962698
MA010120220805523219,경희대솔브,,G2,소매,G209,섬유·의복·신발 소매,G20905,기타 의류 소매업,G47413,속옷 및 잠옷 소매업,11,서울특별시,11230,동대문구,11230710,회기동,1123010800,회기동,1123010800103460000,1,대지,346,,서울특별시 동대문구 회기동 346,112303105020,서울특별시 동대문구 회기로,167,,1123010800103460000010929,,서울특별시 동대문구 회기로 167,130881,02452,,,,127.054722410398,37.5906177113819
MA010120220803609722,서비기획,,G2,소매,G209,섬유·의복·신발 소매,G20902,여성 의류 소매업,G47412,여자용 겉옷 소매업,11,서울특별시,11230,동대문구,11230710,회기동,1123010800,회기동,1123010800100600215,1,대지,60,215,서울특별시 동대문구 회기동 60-215,112303105020,서울특별시 동대문구 회기로,108,,1123010800100600215010179,,서울특별시 동대문구 회기로 108,130872,02457,,1,,127.048540755753,37.5914132884744
MA010120220813453201,잔월,,I2,음식,I211,주점,I21104,요리 주점,I56219,기타 주점업,11,서울특별시,11230,동대문구,11230710,회기동,1123010800,회기동,1123010800100600046,1,대지,60,46,서울특별시 동대문구 회기동 60-46,112304115019,서울특별시 동대문구 경희대로1길,7,,1123010800100600046010679,,서울특별시 동대문구 경희대로1길 7,130872,02454,,지,,127.05169994721,37.5916101652418
MA010120220805492803,나우헤어,,S2,수리·개인,S207,이용·미용,S20701,미용실,S96112,두발 미용업,11,서울특별시,11230,동대문구,11230710,회기동,1123010800,회기동,1123010800101030258,1,대지,103,258,서울특별시 동대문구 회기동 103-258,112304115686,서울특별시 동대문구 회기로12길,13,,1123010800101030258011362,,서울특별시 동대문구 회기로12길 13,130873,02458,,,,127.049876446437,37.5908180768352
MA0101202301A0048921,샤갈의마을,,I2,음식,I210,기타 간이,I21001,빵/도넛,I56191,제과점업,11,서울특별시,11230,동대문구,11230710,회기동,1123010800,회기동,1123010800100650039,1,대지,65,39,서울특별시 동대문구 회기동 65-39,112303105010,서울특별시 동대문구 이문로,7,,1123010800100650039011508,민족통일엠제이캠퍼스경희대2차,서울특별시 동대문구 이문로 7,130872,02461,,,,127.053985207901,37.5889151754273
MA0101202302A0005205,강성학글로벌,,G2,소매,G218,장식품 소매,G21802,기념품점,G47842,기념품; 관광 민예품 및 장식용품 소매업,11,서울특별시,11230,동대문구,11230710,회기동,1123010800,회기동,1123010800103510000,1,대지,351,,서울특별시 동대문구 회기동 351,112304115702,서울특별시 동대문구 회기로26길,15,,1123010800100620027000001,회기힐스테이트,서울특별시 동대문구 회기로26길 15,130881,02460,,3,,127.054223742976,37.5899692271269
MA0101202301A0075280,신전떡볶이,,I2,음식,I210,기타 간이,I21007,김밥/만두/분식,I56194,김밥 및 기타 간이 음식점업,11,서울특별시,11230,동대문구,11230710,회기동,1123010800,회기동,1123010800101050015,1,대지,105,15,서울특별시 동대문구 회기동 105-15,112304115691,서울특별시 동대문구 회기로16길,4,,1123010800101050015011525,,서울특별시 동대문구 회기로16길 4,130873,02459,,1,,127.051439206433,37.5911507732139
MA0101202301A0008289,길동우동,,I2,음식,I210,기타 간이,I21007,김밥/만두/분식,I56194,김밥 및 기타 간이 음식점업,11,서울특별시,11230,동대문구,11230710,회기동,1123010800,회기동,1123010800100010000,1,대지,1,,서울특별시 동대문구 회기동 1,112303105002,서울특별시 동대문구 경희대로,23,,1123010800100010005041218,경희의료원,서울특별시 동대문구 경희대로 23,130702,02447,,1,,127.050738976836,37.593772962698
MA0101202301A0048918,배러댄휴먼,,G2,소매,G220,애완동물·용품 소매,G22001,애완동물/애완용품 소매업,G47852,애완용 동물 및 관련용품 소매업,11,서울특별시,11230,동대문구,11230710,회기동,1123010800,회기동,1123010800100010005,1,대지,1,5,서울특별시 동대문구 회기동 1-5,112303105002,서울특별시 동대문구 경희대로,26,,1123010800100010003041260,삼의원창업센터,서울특별시 동대문구 경희대로 26,130701,02447,,,,127.054883375636,37.593951306684
MA0101202301A0034014,브랫팬트리,,I2,음식,I210,기타 간이,I21003,피자,I56192,피자; 햄버거; 샌드위치 및 유사 음식점업,11,서울특별시,11230,동대문구,11230710,회기동,1123010800,회기동,1123010800103480003,1,대지,348,3,서울특별시 동대문구 회기동 348-3,112304115701,서울특별시 동대문구 회기로25길,18,,1123010800103480003010864,,서울특별시 동대문구 회기로25길 18,130881,02452,,1,,127.055458650334,37.5909777646059
MA0101202211A0099854,미스터용차이나버거경희대점,,I2,음식,I210,기타 간이,I21004,버거,I56192,피자; 햄버거; 샌드위치 및 유사 음식점업,11,서울특별시,11230,동대문구,11230710,회기동,1123010800,회기동,1123010800100160047,1,대지,16,47,서울특별시 동대문구 회기동 16-47,112304115022,서울특별시 동대문구 경희대로4길,1,,1123010800100160047011389,,서울특별시 동대문구 경희대로4길 1,130872,02453,,1,,127.052708382176,37.5926098202785
MA0101202211A0036169,경희면옥,,I2,음식,I201,한식,I20106,냉면/밀면,I56111,한식 일반 음식점업,11,서울특별시,11230,동대문구,11230710,회기동,1123010800,회기동,1123010800100650039,1,대지,65,39,서울특별시 동대문구 회기동 65-39,112303105010,서울특별시 동대문구 이문로,7,,1123010800100650039011508,민족통일엠제이캠퍼스경희대2차,서울특별시 동대문구 이문로 7,130872,02461,,,,127.053985207901,37.5889151754273
MA0101202211A0058209,마라입구경희대점,,I2,음식,I202,중식,I20202,마라탕/훠궈,I56121,중식 음식점업,11,서울특별시,11230,동대문구,11230710,회기동,1123010800,회기동,1123010800100160032,1,대지,16,32,서울특별시 동대문구 회기동 16-32,112304115693,서울특별시 동대문구 회기로19길,17,,1123010800100160032010558,,서울특별시 동대문구 회기로19길 17,130872,02453,,1,,127.052832762721,37.5923664968625
MA0101202210A0032966,129공간,,N1,시설관리·임대,N111,산업용품 대여,N11199,기타 산업용 기계/장비 대여업,N76390,기타 산업용 기계 및 장비 임대업,11,서울특별시,11230,동대문구,11230710,회기동,1123010800,회기동,1123010800100600058,1,대지,60,58,서울특별시 동대문구 회기동 60-58,112303105020,서울특별시 동대문구 회기로,129,,1123010800100600058000001,,서울특별시 동대문구 회기로 129,130872,02454,,,,127.050941306982,37.5915924752561
MA0101202210A0039773,포토이즘컬러드,,M1,과학·기술,M113,사진 촬영,M11301,사진촬영업,M73301,인물 사진 및 행사용 영상 촬영업,11,서울특별시,11230,동대문구,11230710,회기동,1123010800,회기동,1123010800100450057,1,대지,45,57,서울특별시 동대문구 회기동 45-57,112303105020,서울특별시 동대문구 회기로,161,,1123010800100450057010367,,서울특별시 동대문구 회기로 161,130872,02452,,1,,127.054020562128,37.5908342727962
MA0101202210A0036164,미소당베이커리회기점,,I2,음식,I210,기타 간이,I21001,빵/도넛,I56191,제과점업,11,서울특별시,11230,동대문구,11230710,회기동,1123010800,회기동,1123010800100160024,1,대지,16,24,서울특별시 동대문구 회기동 16-24,112303105020,서울특별시 동대문구 회기로,143,1,1123010800100160024010673,일부,서울특별시 동대문구 회기로 143-1,130872,02453,,1,,127.052583189388,37.5916998742681
MA0101202210A0010341,행복은간장밥경희대점,,I2,음식,I203,일식,I20302,일식 카레/돈가스/덮밥,I56111,한식 일반 음식점업,11,서울특별시,11230,동대문구,11230710,회기동,1123010800,회기동,1123010800100160069,1,대지,16,69,서울특별시 동대문구 회기동 16-69,112303105002,서울특별시 동대문구 경희대로,5,,1123010800100160069010622,일부,서울특별시 동대문구 경희대로 5,130872,02454,,1,,127.052153180064,37.5920694717607
MA0101202302A0089277,라라스테이,,I1,숙박,I102,기타 숙박,I10201,기숙사/고시원,I55901,기숙사 및 고시원 운영업,11,서울특별시,11230,동대문구,11230710,회기동,1123010800,회기동,1123010800100600125,1,대지,60,125,서울특별시 동대문구 회기동 60-125,112303105020,서울특별시 동대문구 회기로,122,,1123010800100600125010699,,서울특별시 동대문구 회기로 122,130872,02459,,2,,127.050035301814,37.5913225651818
MA0101202301A0058467,오묘,,I2,음식,I211,주점,I21104,요리 주점,I56219,기타 주점업,11,서울특별시,11230,동대문구,11230710,회기동,1123010800,회기동,1123010800100160015,1,대지,16,15,서울특별시 동대문구 회기동 16-15,112304115693,서울특별시 동대문구 회기로19길,18,,1123010800100160015010564,,서울특별시 동대문구 회기로19길 18,130872,02453,,지,,127.053036549695,37.5923303657933
MA0101202302A0038132,이코이코,,P1,교육,P107,교육 지원,P10799,기타 교육지원 서비스업,P85709,기타 교육지원 서비스업,11,서울특별시,11230,동대문구,11230710,회기동,1123010800,회기동,1123010800100450102,1,대지,45,102,서울특별시 동대문구 회기동 45-102,112304115695,서울특별시 동대문구 회기로21길,8,6,1123010800100450102010684,,서울특별시 동대문구 회기로21길 8-6,130872,02453,,1,,127.053307779075,37.5916004401229
MA0101202301A0058193,7카롱,,I2,음식,I210,기타 간이,I21001,빵/도넛,I56191,제과점업,11,서울특별시,11230,동대문구,11230710,회기동,1123010800,회기동,1123010800100030037,1,대지,3,37,서울특별시 동대문구 회기동 3-37,112304115022,서울특별시 동대문구 경희대로4길,29,,1123010800100030037011485,일부우측,서울특별시 동대문구 경희대로4길 29,130872,02453,,1,,127.054112102557,37.5921586891432
MA0101202302A0044175,따띠삼겹회기점,,I2,음식,I201,한식,I20107,돼지고기 구이/찜,I56113,한식 육류 요리 전문점,11,서울특별시,11230,동대문구,11230710,회기동,1123010800,회기동,1123010800103460006,1,대지,346,6,서울특별시 동대문구 회기동 346-6,112303105010,서울특별시 동대문구 이문로,31,,1123010800103460006011051,우측상가,서울특별시 동대문구 이문로 31,130881,02452,,1,,127.055979069781,37.5904098938892
MA0101202301A0085118,오뚝,,I2,음식,I201,한식,I20101,백반/한정식,I56111,한식 일반 음식점업,11,서울특별시,11230,동대문구,11230710,회기동,1123010800,회기동,1123010800100620006,1,대지,62,6,서울특별시 동대문구 회기동 62-6,112304115702,서울특별시 동대문구 회기로26길,14,,1123010800100620006041425,전체,서울특별시 동대문구 회기로26길 14,130872,02460,,1,,127.054303210344,37.5902575081096
MA0101202211A0075712,마라전설경희대점,,I2,음식,I202,중식,I20202,마라탕/훠궈,I56121,중식 음식점업,11,서울특별시,11230,동대문구,11230710,회기동,1123010800,회기동,1123010800100420098,1,대지,42,98,서울특별시 동대문구 회기동 42-98,112304115019,서울특별시 동대문구 경희대로1길,3,,1123010800100420098010733,,서울특별시 동대문구 경희대로1길 3,130872,02454,,2,,127.051926390791,37.5915920459995
MA0101202211A0046118,다리메이커동대,문지점,P1,교육,P106,기타 교육,P10629,그 외 기타 교육기관,P85699,그 외 기타 분류 안된 교육기관,11,서울특별시,11230,동대문구,11230710,회기동,1123010800,회기동,1123010800100010005,1,대지,1,5,서울특별시 동대문구 회기동 1-5,112303105002,서울특별시 동대문구 경희대로,26,,1123010800100010003041260,삼의원창업센터,서울특별시 동대문구 경희대로 26,130701,02447,,,,127.054883375636,37.593951306684
MA0101202211A0103260,함꿈에프앤비CU경희의료원점,,G2,소매,G204,종합 소매,G20405,편의점,G47122,체인화 편의점,11,서울특별시,11230,동대문구,11230710,회기동,1123010800,회기동,1123010800100010005,1,대지,1,5,서울특별시 동대문구 회기동 1-5,112303105002,서울특별시 동대문구 경희대로,23,,1123010800100010005041218,CU경희의료원,서울특별시 동대문구 경희대로 23,130701,02447,,1,,127.050738976836,37.593772962698
MA0101202211A0013881,이디야커피경희대점,,I2,음식,I212,비알코올 ,I21201,카페,I56221,커피 전문점,11,서울특별시,11230,동대문구,11230710,회기동,1123010800,회기동,1123010800100160055,1,대지,16,55,서울특별시 동대문구 회기동 16-55,112303105002,서울특별시 동대문구 경희대로,4,,1123010800100160055010649,,서울특별시 동대문구 경희대로 4,130872,02453,,2,,127.05252672094,37.5919071275674
MA0101202211A0045946,케이원텔,5호점,G2,소매,G208,가전·통신 소매,G20802,핸드폰 소매업,G47312,통신기기 소매업,11,서울특별시,11230,동대문구,11230710,회기동,1123010800,회기동,1123010800100160042,1,대지,16,42,서울특별시 동대문구 회기동 16-42,112303105002,서울특별시 동대문구 경희대로,16,,1123010800100160042010447,,서울특별시 동대문구 경희대로 16,130872,02453,,2,,127.052776491706,37.5928530576412
MA0101202212A0097962,장기식당,,I2,음식,I202,중식,I20201,중국집,I56121,중식 음식점업,11,서울특별시,11230,동대문구,11230710,회기동,1123010800,회기동,1123010800100420053,1,대지,42,53,서울특별시 동대문구 회기동 42-53,112304115021,서울특별시 동대문구 경희대로3길,13,,1123010800100420053010488,,서울특별시 동대문구 경희대로3길 13,130872,02454,,지,,127.051666701325,37.5926553304465
MA0101202212A0024395,스튜디오줌인,,M1,과학·기술,M113,사진 촬영,M11301,사진촬영업,M73301,인물 사진 및 행사용 영상 촬영업,11,서울특별시,11230,동대문구,11230710,회기동,1123010800,회기동,1123010800100600101,1,대지,60,101,서울특별시 동대문구 회기동 60-101,112303105020,서울특별시 동대문구 회기로,121,,1123010800100600101010735,,서울특별시 동대문구 회기로 121,130872,02454,,,,127.050069457217,37.5916018582324
MA0101202212A0081099,해피하우스,,I1,숙박,I102,기타 숙박,I10201,기숙사/고시원,I55901,기숙사 및 고시원 운영업,11,서울특별시,11230,동대문구,11230710,회기동,1123010800,회기동,1123010800100600125,1,대지,60,125,서울특별시 동대문구 회기동 60-125,112303105020,서울특별시 동대문구 회기로,122,,1123010800100600125010699,,서울특별시 동대문구 회기로 122,130872,02459,,5,,127.050035301814,37.5913225651818
MA0101202212A0003897,롱텅,,I2,음식,I202,중식,I20201,중국집,I56121,중식 음식점업,11,서울특별시,11230,동대문구,11230710,회기동,1123010800,회기동,1123010800103460019,1,대지,346,19,서울특별시 동대문구 회기동 346-19,112303105020,서울특별시 동대문구 회기로,169,1,1123010800103470002010941,,서울특별시 동대문구 회기로 169-1,130881,02452,,1,,127.054948803864,37.590536516911
MA0101202212A0085428,경희고황약국,,G2,소매,G215,의약·화장품 소매,G21501,약국,G47811,의약품 및 의료용품 소매업,11,서울특별시,11230,동대문구,11230710,회기동,1123010800,회기동,1123010800101080015,1,대지,108,15,서울특별시 동대문구 회기동 108-15,112303105002,서울특별시 동대문구 경희대로,17,,1123010800101080015011355,약국,서울특별시 동대문구 경희대로 17,130873,02454,,2,,127.05244833989,37.5931595411261
MA0101202212A0093502,아트원룸텔,,I1,숙박,I102,기타 숙박,I10201,기숙사/고시원,I55901,기숙사 및 고시원 운영업,11,서울특별시,11230,동대문구,11230710,회기동,1123010800,회기동,1123010800100600097,1,대지,60,97,서울특별시 동대문구 회기동 60-97,112303105020,서울특별시 동대문구 회기로,123,,1123010800100600097010577,,서울특별시 동대문구 회기로 123,130872,02454,,,,127.050352545529,37.5916287675683
MA0101202209A0080684,무드베이킹,,I2,음식,I210,기타 간이,I21001,빵/도넛,I56191,제과점업,11,서울특별시,11230,동대문구,11230710,회기동,1123010800,회기동,1123010800103480002,1,대지,348,2,서울특별시 동대문구 회기동 348-2,112304115701,서울특별시 동대문구 회기로25길,22,,1123010800103480002010852,예향,서울특별시 동대문구 회기로25길 22,130881,02452,,1,,127.055605858952,37.5909957151897
MA0101202209A0100631,즐거운상상,,M1,과학·기술,M105,광고,M10501,광고 대행업,M71310,광고 대행업,11,서울특별시,11230,동대문구,11230710,회기동,1123010800,회기동,1123010800100160083,1,대지,16,83,서울특별시 동대문구 회기동 16-83,112304115695,서울특별시 동대문구 회기로21길,8,7,1123010800100160083010341,,서울특별시 동대문구 회기로21길 8-7,130872,02453,,,,127.053455033515,37.5916814628067
MA0101202210A0033074,봉화양꼬치,,I2,음식,I202,중식,I20201,중국집,I56121,중식 음식점업,11,서울특별시,11230,동대문구,11230710,회기동,1123010800,회기동,1123010800103470006,1,대지,347,6,서울특별시 동대문구 회기동 347-6,112304115701,서울특별시 동대문구 회기로25길,4,,1123010800103470006010952,,서울특별시 동대문구 회기로25길 4,130881,02452,,1,,127.054824400204,37.5907347930333
MA0101202209A0059380,달콩,,I2,음식,I212,비알코올 ,I21201,카페,I56221,커피 전문점,11,서울특별시,11230,동대문구,11230710,회기동,1123010800,회기동,1123010800100600121,1,대지,60,121,서울특별시 동대문구 회기동 60-121,112303105020,서울특별시 동대문구 회기로,124,1,1123010800100600121010704,,서울특별시 동대문구 회기로 124-1,130872,02459,,1,,127.05034102245,37.5913314451095
MA0101202209A0051151,월드마트,,G2,소매,G204,종합 소매,G20404,슈퍼마켓,G47129,기타 음ㆍ식료품 위주 종합 소매업,11,서울특별시,11230,동대문구,11230710,회기동,1123010800,회기동,1123010800101030177,1,대지,103,177,서울특별시 동대문구 회기동 103-177,112304115686,서울특별시 동대문구 회기로12길,11,,1123010800101030256010899,,서울특별시 동대문구 회기로12길 11,130873,02458,,1,,127.049819887062,37.5908991900138
MA0101202209A0024487,101퍼센트짐,,R1,예술·스포츠,R103,스포츠 서비스,R10307,헬스장,R91132,체력 단련시설 운영업,11,서울특별시,11230,동대문구,11230710,회기동,1123010800,회기동,1123010800100420077,1,대지,42,77,서울특별시 동대문구 회기동 42-77,112304115689,서울특별시 동대문구 회기로13길,21,,1123010800100420077011358,,서울특별시 동대문구 회기로13길 21,130872,02454,,1,,127.05091925682,37.5924664469677
MA0101202209A0047835,풍태,,I2,음식,I202,중식,I20201,중국집,I56121,중식 음식점업,11,서울특별시,11230,동대문구,11230710,회기동,1123010800,회기동,1123010800100600141,1,대지,60,141,서울특별시 동대문구 회기동 60-141,112303105020,서울특별시 동대문구 회기로,116,,1123010800100600141010188,,서울특별시 동대문구 회기로 116,130872,02457,,1,,127.049389934159,37.5913678865964
MA010120220803756382,이레공인중개사사무소,,L1,부동산,L102,부동산 서비스,L10203,부동산 중개/대리업,L68221,부동산 중개 및 대리업,11,서울특별시,11230,동대문구,11230710,회기동,1123010800,회기동,1123010800100610010,1,대지,61,10,서울특별시 동대문구 회기동 61-10,112303105020,서울특별시 동대문구 회기로,164,,1123010800100610010011024,,서울특별시 동대문구 회기로 164,130872,02460,,1,,127.054201463761,37.5904737930029
MA010120220813235986,하테피티스튜디오,,R1,예술·스포츠,R103,스포츠 서비스,R10307,헬스장,R91132,체력 단련시설 운영업,11,서울특별시,11230,동대문구,11230710,회기동,1123010800,회기동,1123010800100600022,1,대지,60,22,서울특별시 동대문구 회기동 60-22,112303105020,서울특별시 동대문구 회기로,148,5,1123010800100600022011337,,서울특별시 동대문구 회기로 148-5,130872,02460,,1,,127.052797934675,37.5911501732596
MA0101202209A0062238,오봉집경희대점,,I2,음식,I211,주점,I21104,요리 주점,I56219,기타 주점업,11,서울특별시,11230,동대문구,11230710,회기동,1123010800,회기동,1123010800100420071,1,대지,42,71,서울특별시 동대문구 회기동 42-71,112304115021,서울특별시 동대문구 경희대로3길,21,,1123010800100420071010478,,서울특별시 동대문구 경희대로3길 21,130872,02454,,1,,127.051247770212,37.592682542839
MA0101202306A0091556,미플보드게임,,R1,예술·스포츠,R104,유원지·오락,R10405,기타 오락장,R91229,기타 오락장 운영업,11,서울특별시,11230,동대문구,11230710,회기동,1123010800,회기동,1123010800100450053,1,대지,45,53,서울특별시 동대문구 회기동 45-53,112303105020,서울특별시 동대문구 회기로,150,,1123010800100450104010346,,서울특별시 동대문구 회기로 150,130872,02460,,1,,127.05291123219,37.5912492316543
MA0101202306A0005493,메가스페이스,,I1,숙박,I102,기타 숙박,I10201,기숙사/고시원,I55901,기숙사 및 고시원 운영업,11,서울특별시,11230,동대문구,11230710,회기동,1123010800,회기동,1123010800100600108,1,대지,60,108,서울특별시 동대문구 회기동 60-108,112303105020,서울특별시 동대문구 회기로,117,,1123010800100600108010613,,서울특별시 동대문구 회기로 117,130872,02455,,,,127.049627897769,37.5916470943158
MA0101202306A0097803,로빈푸드시스템,,I2,음식,I210,기타 간이,I21007,김밥/만두/분식,I56194,김밥 및 기타 간이 음식점업,11,서울특별시,11230,동대문구,11230710,회기동,1123010800,회기동,1123010800100160011,1,대지,16,11,서울특별시 동대문구 회기동 16-11,112304115695,서울특별시 동대문구 회기로21길,23,,1123010800100160011010538,,서울특별시 동대문구 회기로21길 23,130872,02453,,2,,127.053229186826,37.5925375072106
MA0101202306A0020011,천라쿵푸마라탕경희대점,,I2,음식,I202,중식,I20202,마라탕/훠궈,I56121,중식 음식점업,11,서울특별시,11230,동대문구,11230710,회기동,1123010800,회기동,1123010800100250000,1,대지,25,,서울특별시 동대문구 회기동 25,112304115695,서울특별시 동대문구 회기로21길,34,,1123010800100250000010426,,서울특별시 동대문구 회기로21길 34,130872,02453,,1,,127.053127536518,37.5928979497451
MA0101202305A0030163,케치롱,,I2,음식,I210,기타 간이,I21001,빵/도넛,I56191,제과점업,11,서울특별시,11230,동대문구,11230710,회기동,1123010800,회기동,1123010800100030043,1,대지,3,43,서울특별시 동대문구 회기동 3-43,112304115022,서울특별시 동대문구 경희대로4길,37,,1123010800100030043011315,,서울특별시 동대문구 경희대로4길 37,130872,02453,,1,,127.054542299959,37.5920593820231
MA0101202305A0027459,월드베이프,,G2,소매,G207,담배 소매,G20701,담배/전자담배 소매업,G47222,담배 소매업,11,서울특별시,11230,동대문구,11230710,회기동,1123010800,회기동,1123010800101050031,1,대지,105,31,서울특별시 동대문구 회기동 105-31,112303105020,서울특별시 동대문구 회기로,136,,1123010800101050031010804,일부,서울특별시 동대문구 회기로 136,130873,02459,,1,,127.05159771851,37.591141694107
MA0101202303A0121334,은화수식당,,I2,음식,I210,기타 간이,I21007,김밥/만두/분식,I56194,김밥 및 기타 간이 음식점업,11,서울특별시,11230,동대문구,11230710,회기동,1123010800,회기동,1123010800100420054,1,대지,42,54,서울특별시 동대문구 회기동 42-54,112304115018,서울특별시 동대문구 경희대로1가길,18,,1123010800100420054010524,,서울특별시 동대문구 경희대로1가길 18,130872,02454,,지,,127.051666645266,37.5925742412034
MA0101202305A0138984,포토앤게임,,R1,예술·스포츠,R104,유원지·오락,R10405,기타 오락장,R91229,기타 오락장 운영업,11,서울특별시,11230,동대문구,11230710,회기동,1123010800,회기동,1123010800100450070,1,대지,45,70,서울특별시 동대문구 회기동 45-70,112303105020,서울특별시 동대문구 회기로,153,,1123010800100450070010776,,서울특별시 동대문구 회기로 153,130872,02453,,1,,127.053477363248,37.5912399665955
MA0101202305A0098907,고레가메이커스,,I2,음식,I211,주점,I21104,요리 주점,I56219,기타 주점업,11,서울특별시,11230,동대문구,11230710,회기동,1123010800,회기동,1123010800100450099,1,대지,45,99,서울특별시 동대문구 회기동 45-99,112304115695,서울특별시 동대문구 회기로21길,8,10,1123010800100450099010743,,서울특별시 동대문구 회기로21길 8-10,130872,02453,,1,,127.053466253201,37.5915372990032
MA0101202306A0096958,미아리우동회기역점,,I2,음식,I203,일식,I20303,일식 면 요리,I56194,김밥 및 기타 간이 음식점업,11,서울특별시,11230,동대문구,11230710,회기동,1123010800,회기동,1123010800103460018,1,대지,346,18,서울특별시 동대문구 회기동 346-18,112303105010,서울특별시 동대문구 이문로,37,,1123010800103460018000124,베라체캠퍼스,서울특별시 동대문구 이문로 37,130881,02452,,1,,127.056036013894,37.590851353023
MA0101202306A0092947,대한불교조계종연화사가피,,N1,시설관리·임대,N101,시설관리,N10101,사업시설 유지·관리 서비스업,N74100,사업시설 유지ㆍ관리 서비스업,11,서울특별시,11230,동대문구,11230710,회기동,1123010800,회기동,1123010800101090001,1,대지,109,1,서울특별시 동대문구 회기동 109-1,112304115021,서울특별시 동대문구 경희대로3길,56,,1123010800100010005041221,연화사법당,서울특별시 동대문구 경희대로3길 56,130873,02454,,,,127.050671453462,37.5943856660228
MA0101202306A0078097,고향반점,,I2,음식,I202,중식,I20201,중국집,I56121,중식 음식점업,11,서울특별시,11230,동대문구,11230710,회기동,1123010800,회기동,1123010800100450078,1,대지,45,78,서울특별시 동대문구 회기동 45-78,112303105020,서울특별시 동대문구 회기로,149,3,1123010800100450078010750,,서울특별시 동대문구 회기로 149-3,130872,02453,,2,,127.053251100862,37.5915103665051
MA0101202305A0190149,경희에이플러스실내운전연습장,,P1,교육,P106,기타 교육,P10623,운전학원,P85661,운전학원,11,서울특별시,11230,동대문구,11230710,회기동,1123010800,회기동,1123010800100160050,1,대지,16,50,서울특별시 동대문구 회기동 16-50,112303105002,서울특별시 동대문구 경희대로,8,1,1123010800100160050010566,,서울특별시 동대문구 경희대로 8-1,130872,02453,,3,,127.052640241359,37.5923215332852
MA0101202305A0102735,옵소,,I2,음식,I201,한식,I20107,돼지고기 구이/찜,I56113,한식 육류 요리 전문점,11,서울특별시,11230,동대문구,11230710,회기동,1123010800,회기동,1123010800100450089,1,대지,45,89,서울특별시 동대문구 회기동 45-89,112304115697,서울특별시 동대문구 회기로23길,7,,1123010800100450089010790,전부,서울특별시 동대문구 회기로23길 7,130872,02453,,1,,127.053952892673,37.5912037105077
MA0101202305A0010700,육초연,,I2,음식,I203,일식,I20301,일식 회/초밥,I56122,일식 음식점업,11,서울특별시,11230,동대문구,11230710,회기동,1123010800,회기동,1123010800100420073,1,대지,42,73,서울특별시 동대문구 회기동 42-73,112304115689,서울특별시 동대문구 회기로13길,24,,1123010800100420073011393,,서울특별시 동대문구 회기로13길 24,130872,02454,,1,,127.051225043994,37.5925654237618
MA0101202305A0076958,월미당경희대점,,I2,음식,I205,동남아시아,I20501,베트남식 전문,I56129,기타 외국식 음식점업,11,서울특별시,11230,동대문구,11230710,회기동,1123010800,회기동,1123010800100190000,1,대지,19,,서울특별시 동대문구 회기동 19,112304115022,서울특별시 동대문구 경희대로4길,15,,1123010800100190000041173,,서울특별시 동대문구 경희대로4길 15,130872,02453,,1,,127.053512228201,37.5924923296342
MA0101202305A0026136,한국스마트관광학회,,N1,시설관리·임대,N108,기타 사업 서비스,N10802,전시/컨벤션/행사 대행 서비스업,N75992,전시; 컨벤션 및 행사 대행업,11,서울특별시,11230,동대문구,11230710,회기동,1123010800,회기동,1123010800100010005,1,대지,1,5,서울특별시 동대문구 회기동 1-5,112303105002,서울특별시 동대문구 경희대로,26,,1123010800100010003041260,회기동경희대학교,서울특별시 동대문구 경희대로 26,130701,02447,,,,127.054883375636,37.593951306684
MA0101202305A0171184,신성부동산공인중개사사무소,,L1,부동산,L102,부동산 서비스,L10203,부동산 중개/대리업,L68221,부동산 중개 및 대리업,11,서울특별시,11230,동대문구,11230710,회기동,1123010800,회기동,1123010800100450064,1,대지,45,64,서울특별시 동대문구 회기동 45-64,112304115697,서울특별시 동대문구 회기로23길,3,,1123010800100450064010766,,서울특별시 동대문구 회기로23길 3,130872,02453,,1,,127.053839600337,37.591113663031
MA0101202305A0005143,페이쇼우,,G2,소매,G209,섬유·의복·신발 소매,G20907,액세서리/잡화 소매업,G47422,의복 액세서리 및 모조 장신구 소매업,11,서울특별시,11230,동대문구,11230710,회기동,1123010800,회기동,1123010800100030146,1,대지,3,146,서울특별시 동대문구 회기동 3-146,112304115696,서울특별시 동대문구 회기로23가길,59,14,1123010800100030146011329,,서울특별시 동대문구 회기로23가길 59-14,130872,02453,,,,127.053580869935,37.5934743795564
MA0101202303A0118169,경희대열린공인중개사사무소,,L1,부동산,L102,부동산 서비스,L10203,부동산 중개/대리업,L68221,부동산 중개 및 대리업,11,서울특별시,11230,동대문구,11230710,회기동,1123010800,회기동,1123010800103460007,1,대지,346,7,서울특별시 동대문구 회기동 346-7,112303105010,서울특별시 동대문구 이문로,29,,1123010800103460007011069,,서울특별시 동대문구 이문로 29,130881,02452,,1,,127.055933711864,37.5903198161727
MA0101202303A0021357,스테이템포,,I2,음식,I212,비알코올 ,I21201,카페,I56221,커피 전문점,11,서울특별시,11230,동대문구,11230710,회기동,1123010800,회기동,1123010800100030016,1,대지,3,16,서울특별시 동대문구 회기동 3-16,112304115022,서울특별시 동대문구 경희대로4길,38,,1123010800100030016010653,지,서울특별시 동대문구 경희대로4길 38,130872,02453,,1,,127.054440262844,37.5918792307393
MA0101202303A0021769,올디즈바버샵,,S2,수리·개인,S207,이용·미용,S20701,미용실,S96111,이용업,11,서울특별시,11230,동대문구,11230710,회기동,1123010800,회기동,1123010800101050009,1,대지,105,9,서울특별시 동대문구 회기동 105-9,112303105020,서울특별시 동대문구 회기로,130,,1123010800101050009010710,,서울특별시 동대문구 회기로 130,130873,02459,,,,127.050952414798,37.5912771232452
MA0101202303A0080626,온어스,코리아,I2,음식,I212,비알코올 ,I21201,카페,I56221,커피 전문점,11,서울특별시,11230,동대문구,11230710,회기동,1123010800,회기동,1123010800100010005,1,대지,1,5,서울특별시 동대문구 회기동 1-5,112303105002,서울특별시 동대문구 경희대로,26,,1123010800100010003041260,경희대학교,서울특별시 동대문구 경희대로 26,130701,02447,,1,,127.054883375636,37.593951306684
MA0101202303A0022848,경희채움정신건강의학과의원,,Q1,보건의료,Q102,의원,Q10201,내과/소아과 의원,Q86201,일반의원,11,서울특별시,11230,동대문구,11230710,회기동,1123010800,회기동,1123010800103460018,1,대지,346,18,서울특별시 동대문구 회기동 346-18,112303105010,서울특별시 동대문구 이문로,37,,1123010800103460018000124,베라체캠퍼스,서울특별시 동대문구 이문로 37,130881,02452,,2,,127.056036013894,37.590851353023
MA0101202302A0108061,유유에스프레소,,I2,음식,I212,비알코올 ,I21201,카페,I56221,커피 전문점,11,서울특별시,11230,동대문구,11230710,회기동,1123010800,회기동,1123010800100160028,1,대지,16,28,서울특별시 동대문구 회기동 16-28,112304115693,서울특별시 동대문구 회기로19길,9,,1123010800100160028011419,,서울특별시 동대문구 회기로19길 9,130872,02453,,2,,127.052753273333,37.5920421753241
MA0101202302A0056834,뽀프POFF,,I2,음식,I212,비알코올 ,I21201,카페,I56221,커피 전문점,11,서울특별시,11230,동대문구,11230710,회기동,1123010800,회기동,1123010800100540061,1,대지,54,61,서울특별시 동대문구 회기동 54-61,112304115697,서울특별시 동대문구 회기로23길,59,,1123010800100540061010479,,서울특별시 동대문구 회기로23길 59,130872,02453,,1,,127.055799623146,37.5927075084812
MA0101202302A0025498,프리스타일,,I2,음식,I211,주점,I21104,요리 주점,I56219,기타 주점업,11,서울특별시,11230,동대문구,11230710,회기동,1123010800,회기동,1123010800100420081,1,대지,42,81,서울특별시 동대문구 회기동 42-81,112304115021,서울특별시 동대문구 경희대로3길,5,,1123010800100420081010518,,서울특별시 동대문구 경희대로3길 5,130872,02454,,1,,127.052108240358,37.5925740470767
MA0101202302A0046761,경희근골격계연구회,,M1,과학·기술,M105,광고,M10501,광고 대행업,M71310,광고 대행업,11,서울특별시,11230,동대문구,11230710,회기동,1123010800,회기동,1123010800100010000,1,대지,1,,서울특별시 동대문구 회기동 1,112303105002,서울특별시 동대문구 경희대로,23,,1123010800100010005041218,경희의료원,서울특별시 동대문구 경희대로 23,130702,02447,,6,,127.050738976836,37.593772962698
MA0101202310A0035706,택진,,I2,음식,I202,중식,I20201,중국집,I56121,중식 음식점업,11,서울특별시,11230,동대문구,11230710,회기동,1123010800,회기동,1123010800100610010,1,대지,61,10,서울특별시 동대문구 회기동 61-10,112303105020,서울특별시 동대문구 회기로,164,,1123010800100610010011024,,서울특별시 동대문구 회기로 164,130872,02460,,1,,127.054201463761,37.5904737930029
MA0101202311A0013766,프린트잇_경희대점,,N1,시설관리·임대,N107,사무 지원,N10703,복사업,N75912,복사업,11,서울특별시,11230,동대문구,11230710,회기동,1123010800,회기동,1123010800103460020,1,대지,346,20,서울특별시 동대문구 회기동 346-20,112303105020,서울특별시 동대문구 회기로,171,,1123010800103460020010584,,서울특별시 동대문구 회기로 171,130881,02452,,1,,127.055050674459,37.5904914198345
MA0101202311A0027030,애니당구장,,R1,예술·스포츠,R103,스포츠 서비스,R10310,당구장,R91135,당구장 운영업,11,서울특별시,11230,동대문구,11230710,회기동,1123010800,회기동,1123010800100600042,1,대지,60,42,서울특별시 동대문구 회기동 60-42,112303105020,서울특별시 동대문구 회기로,137,,1123010800100600042010752,,서울특별시 동대문구 회기로 137,130872,02454,,2,,127.051779119455,37.5914839916532
MA0101202310A0081106,도래집,,I2,음식,I201,한식,I20101,백반/한정식,I56111,한식 일반 음식점업,11,서울특별시,11230,동대문구,11230710,회기동,1123010800,회기동,1123010800100600061,1,대지,60,61,서울특별시 동대문구 회기동 60-61,112304115018,서울특별시 동대문구 경희대로1가길,3,,1123010800100600061000001,,서울특별시 동대문구 경희대로1가길 3,130872,02454,,1,,127.051235971623,37.591988784192
MA0101202309A0032817,발리,,I1,숙박,I101,일반 숙박,I10102,여관/모텔,I55102,여관업,11,서울특별시,11230,동대문구,11230710,회기동,1123010800,회기동,1123010800100720002,1,대지,72,2,서울특별시 동대문구 회기동 72-2,112303105010,서울특별시 동대문구 이문로,13,,1123010800100720002011277,,서울특별시 동대문구 이문로 13,130872,02460,,,,127.054495004771,37.5893113778163
MA0101202309A0029811,친구모바일경희대점,,G2,소매,G208,가전·통신 소매,G20802,핸드폰 소매업,G47312,통신기기 소매업,11,서울특별시,11230,동대문구,11230710,회기동,1123010800,회기동,1123010800100160055,1,대지,16,55,서울특별시 동대문구 회기동 16-55,112303105002,서울특별시 동대문구 경희대로,4,,1123010800100160055010649,,서울특별시 동대문구 경희대로 4,130872,02453,,1,,127.05252672094,37.5919071275674
MA0101202309A0056673,소호앤롬스테이,,I1,숙박,I102,기타 숙박,I10201,기숙사/고시원,I55901,기숙사 및 고시원 운영업,11,서울특별시,11230,동대문구,11230710,회기동,1123010800,회기동,1123010800100420011,1,대지,42,11,서울특별시 동대문구 회기동 42-11,112304115021,서울특별시 동대문구 경희대로3길,14,,1123010800100420011011378,전체,서울특별시 동대문구 경희대로3길 14,130872,02454,,2,,127.051678167585,37.5928625535504
MA0101202309A0084699,붙임머리,,S2,수리·개인,S207,이용·미용,S20701,미용실,S96112,두발 미용업,11,서울특별시,11230,동대문구,11230710,회기동,1123010800,회기동,1123010800100160057,1,대지,16,57,서울특별시 동대문구 회기동 16-57,112303105020,서울특별시 동대문구 회기로,143,,1123010800100160057010670,,서울특별시 동대문구 회기로 143,130872,02453,,2,,127.052469980179,37.5917269544078
MA0101202307A0001857,위아짐회기점,,R1,예술·스포츠,R103,스포츠 서비스,R10307,헬스장,R91132,체력 단련시설 운영업,11,서울특별시,11230,동대문구,11230710,회기동,1123010800,회기동,1123010800100710001,1,대지,71,1,서울특별시 동대문구 회기동 71-1,112303105010,서울특별시 동대문구 이문로,9,1,1123010800100710001011297,,서울특별시 동대문구 이문로 9-1,130872,02460,,,,127.054347681813,37.5891312472661
MA0101202308A0055914,허브레지던스,,I1,숙박,I102,기타 숙박,I10201,기숙사/고시원,I55901,기숙사 및 고시원 운영업,11,서울특별시,11230,동대문구,11230710,회기동,1123010800,회기동,1123010800100600042,1,대지,60,42,서울특별시 동대문구 회기동 60-42,112303105020,서울특별시 동대문구 회기로,137,,1123010800100600042010752,,서울특별시 동대문구 회기로 137,130872,02454,,3,,127.051779119455,37.5914839916532
MA0101202308A0085649,치미,,M1,과학·기술,M105,광고,M10501,광고 대행업,M71310,광고 대행업,11,서울특별시,11230,동대문구,11230710,회기동,1123010800,회기동,1123010800100650000,1,대지,65,,서울특별시 동대문구 회기동 65,112304115342,서울특별시 동대문구 이문로1길,21,,1123010800100650000010212,청량리신현대아파트,서울특별시 동대문구 이문로1길 21,130792,02461,,1,,127.052196269238,37.5889159800613
MA0101202406A0538647,경희대학교병원소아청소년연구회,,M1,과학·기술,M105,광고,M10501,광고 대행업,M71310,광고 대행업,11,서울특별시,11230,동대문구,11230710,회기동,1123010800,회기동,1123010800100010005,1,대지,1,5,서울특별시 동대문구 회기동 1-5,112303105002,서울특별시 동대문구 경희대로,23,,1123010800100010005041218,소아청소년과경희의료원,서울특별시 동대문구 경희대로 23,130701,02447,,6,,127.050738976836,37.593772962698
MA0101202311A0088926,한국ENG,,M1,과학·기술,M109,기술 서비스,M10901,건축 설계 및 관련 서비스업,M72111,건축 설계 및 관련 서비스업,11,서울특별시,11230,동대문구,11230710,회기동,1123010800,회기동,1123010800100600093,1,대지,60,93,서울특별시 동대문구 회기동 60-93,112303105020,서울특별시 동대문구 회기로,125,,1123010800100600093011418,,서울특별시 동대문구 회기로 125,130872,02454,,,,127.050533704366,37.5916196802275
MA0101202311A0048325,해피빈센트,,M1,과학·기술,M112,전문 디자인,M11203,시각 디자인업,M73203,시각 디자인업,11,서울특별시,11230,동대문구,11230710,회기동,1123010800,회기동,1123010800100540001,1,대지,54,1,서울특별시 동대문구 회기동 54-1,112304115699,서울특별시 동대문구 회기로23다길,17,,1123010800100540001000001,,서울특별시 동대문구 회기로23다길 17,130872,02453,,2,,127.055392263326,37.5930680970802
MA0101202311A0104597,사현스낵경희대점,,I2,음식,I202,중식,I20201,중국집,I56121,중식 음식점업,11,서울특별시,11230,동대문구,11230710,회기동,1123010800,회기동,1123010800100450077,1,대지,45,77,서울특별시 동대문구 회기동 45-77,112304115695,서울특별시 동대문구 회기로21길,6,,1123010800100450077010344,,서울특별시 동대문구 회기로21길 6,130872,02453,,1,,127.053149317494,37.5916816008636
MA0101202309A0071025,홀스,,I2,음식,I210,기타 간이,I21007,김밥/만두/분식,I56194,김밥 및 기타 간이 음식점업,11,서울특별시,11230,동대문구,11230710,회기동,1123010800,회기동,1123010800100030014,1,대지,3,14,서울특별시 동대문구 회기동 3-14,112304115697,서울특별시 동대문구 회기로23길,20,,1123010800100030014040853,,서울특별시 동대문구 회기로23길 20,130872,02452,,1,,127.054485409718,37.5916809916719
MA0101202309A0011629,당구장,,R1,예술·스포츠,R103,스포츠 서비스,R10310,당구장,R91135,당구장 운영업,11,서울특별시,11230,동대문구,11230710,회기동,1123010800,회기동,1123010800101050034,1,대지,105,34,서울특별시 동대문구 회기동 105-34,112303105020,서울특별시 동대문구 회기로,132,,1123010800101050034010782,,서울특별시 동대문구 회기로 132,130873,02459,,1,,127.051099573648,37.591223000104
MA0101202309A0028876,크림풀,,I2,음식,I210,기타 간이,I21001,빵/도넛,I56191,제과점업,11,서울특별시,11230,동대문구,11230710,회기동,1123010800,회기동,1123010800100760007,1,대지,76,7,서울특별시 동대문구 회기동 76-7,112303105020,서울특별시 동대문구 회기로,168,,1123010800100610011011070,,서울특별시 동대문구 회기로 168,130872,02460,,1,,127.054676935226,37.5903654546465
MA0101202310A0091652,떨드플로얼,,I2,음식,I211,주점,I21104,요리 주점,I56219,기타 주점업,11,서울특별시,11230,동대문구,11230710,회기동,1123010800,회기동,1123010800100420006,1,대지,42,6,서울특별시 동대문구 회기동 42-6,112304115021,서울특별시 동대문구 경희대로3길,6,,1123010800100420006010456,,서울특별시 동대문구 경희대로3길 6,130872,02454,,3,,127.052176335321,37.5927992649576
MA0101202311A0050773,모밀엔카츠경희대점,,I2,음식,I203,일식,I20301,일식 회/초밥,I56122,일식 음식점업,11,서울특별시,11230,동대문구,11230710,회기동,1123010800,회기동,1123010800100160090,1,대지,16,90,서울특별시 동대문구 회기동 16-90,112304115695,서울특별시 동대문구 회기로21길,7,,1123010800100160090041169,,서울특별시 동대문구 회기로21길 7,130872,02453,,1,,127.052990881123,37.5917988010587
MA0101202310A0089089,컴포즈커피서울경희대점,,I2,음식,I212,비알코올 ,I21201,카페,I56221,커피 전문점,11,서울특별시,11230,동대문구,11230710,회기동,1123010800,회기동,1123010800100420084,1,대지,42,84,서울특별시 동대문구 회기동 42-84,112303105002,서울특별시 동대문구 경희대로,9,1,1123010800100420002010529,,서울특별시 동대문구 경희대로 9-1,130872,02454,,1,,127.052232786522,37.5925649821084
MA0101202310A0038598,24시무인양말샵,,G2,소매,G204,종합 소매,G20499,그 외 기타 종합 소매업,G47422,의복 액세서리 및 모조 장신구 소매업,11,서울특별시,11230,동대문구,11230710,회기동,1123010800,회기동,1123010800100160035,1,대지,16,35,서울특별시 동대문구 회기동 16-35,112304115022,서울특별시 동대문구 경희대로4길,5,,1123010800100160035010525,,서울특별시 동대문구 경희대로4길 5,130872,02453,,1,,127.052900846922,37.5925736945003
MA0101202310A0041168,끄라샤하우스회기점,,I1,숙박,I102,기타 숙박,I10201,기숙사/고시원,I55901,기숙사 및 고시원 운영업,11,서울특별시,11230,동대문구,11230710,회기동,1123010800,회기동,1123010800100160095,1,대지,16,95,서울특별시 동대문구 회기동 16-95,112303105020,서울특별시 동대문구 회기로,145,,1123010800100160106010163,,서울특별시 동대문구 회기로 145,130872,02453,,2,,127.052775651853,37.5916637486902
MA0101202308A0094375,브로우바이브,,S2,수리·개인,S207,이용·미용,S20702,피부 관리실,S96113,피부 미용업,11,서울특별시,11230,동대문구,11230710,회기동,1123010800,회기동,1123010800103460007,1,대지,346,7,서울특별시 동대문구 회기동 346-7,112303105010,서울특별시 동대문구 이문로,29,,1123010800103460007011069,,서울특별시 동대문구 이문로 29,130881,02452,,2,,127.055933711864,37.5903198161727
MA0101202308A0011746,철길부산집회기점,,I2,음식,I203,일식,I20301,일식 회/초밥,I56122,일식 음식점업,11,서울특별시,11230,동대문구,11230710,회기동,1123010800,회기동,1123010800100600050,1,대지,60,50,서울특별시 동대문구 회기동 60-50,112304115019,서울특별시 동대문구 경희대로1길,11,,1123010800100600050011405,,서울특별시 동대문구 경희대로1길 11,130872,02454,,1,,127.051473509725,37.5916372939672
MA0101202307A0041229,위이경희대점,,N1,시설관리·임대,N105,여행사·보조,N10599,기타 여행 보조/예약 서비스업,N75290,기타 여행 보조 및 예약 서비스업,11,서울특별시,11230,동대문구,11230710,회기동,1123010800,회기동,1123010800100010005,1,대지,1,5,서울특별시 동대문구 회기동 1-5,112303105002,서울특별시 동대문구 경희대로,26,,1123010800100010003041260,회기동경희대학교,서울특별시 동대문구 경희대로 26,130701,02447,,,,127.054883375636,37.593951306684
MA0101202307A0058976,진가마라룽샤,,I2,음식,I202,중식,I20202,마라탕/훠궈,I56121,중식 음식점업,11,서울특별시,11230,동대문구,11230710,회기동,1123010800,회기동,1123010800100160043,1,대지,16,43,서울특별시 동대문구 회기동 16-43,112303105002,서울특별시 동대문구 경희대로,14,,1123010800100160043010472,,서울특별시 동대문구 경희대로 14,130872,02453,,2,,127.052742465499,37.5927719835861
MA0101202308A0066531,쪼니큐브,,G2,소매,G213,오락용품 소매,G21302,문구/회화용품 소매업,G47612,문구용품 및 회화용품 소매업,11,서울특별시,11230,동대문구,11230710,회기동,1123010800,회기동,1123010800101030114,1,대지,103,114,서울특별시 동대문구 회기동 103-114,112304115690,서울특별시 동대문구 회기로14길,11,,1123010800101030114010944,,서울특별시 동대문구 회기로14길 11,130873,02459,,,,127.050793608437,37.5908537254025
MA0101202306A0000821,코지인무르무르,,I2,음식,I204,서양식,I20401,경양식,I56123,서양식 음식점업,11,서울특별시,11230,동대문구,11230710,회기동,1123010800,회기동,1123010800100600041,1,대지,60,41,서울특별시 동대문구 회기동 60-41,112303105020,서울특별시 동대문구 회기로,139,,1123010800100600041010360,,서울특별시 동대문구 회기로 139,130872,02454,,2,,127.051948948719,37.5914658971894
MA0101202308A0002975,어벤져스리앤비경희대점,,G2,소매,G207,담배 소매,G20701,담배/전자담배 소매업,G47222,담배 소매업,11,서울특별시,11230,동대문구,11230710,회기동,1123010800,회기동,1123010800100450061,1,대지,45,61,서울특별시 동대문구 회기동 45-61,112303105020,서울특별시 동대문구 회기로,155,1,1123010800100450061010827,,서울특별시 동대문구 회기로 155-1,130872,02453,,1,,127.053669739985,37.5910867106256
MA0101202307A0050297,에이치짐회기점,,R1,예술·스포츠,R103,스포츠 서비스,R10307,헬스장,R91132,체력 단련시설 운영업,11,서울특별시,11230,동대문구,11230710,회기동,1123010800,회기동,1123010800100770040,1,대지,77,40,서울특별시 동대문구 회기동 77-40,112303105010,서울특별시 동대문구 이문로,19,,1123010800100770040011200,한성베스트빌,서울특별시 동대문구 이문로 19,130872,02460,,3,,127.055186047134,37.5898156124497
MA0101202307A0067613,히어로보드게임카페경희대점,,R1,예술·스포츠,R104,유원지·오락,R10405,기타 오락장,R91229,기타 오락장 운영업,11,서울특별시,11230,동대문구,11230710,회기동,1123010800,회기동,1123010800101080015,1,대지,108,15,서울특별시 동대문구 회기동 108-15,112303105002,서울특별시 동대문구 경희대로,17,,1123010800101080015011355,,서울특별시 동대문구 경희대로 17,130873,02454,,1,,127.05244833989,37.5931595411261
MA0101202307A0104010,견생냥품무인24시서울회기점,,G2,소매,G220,애완동물·용품 소매,G22001,애완동물/애완용품 소매업,G47852,애완용 동물 및 관련용품 소매업,11,서울특별시,11230,동대문구,11230710,회기동,1123010800,회기동,1123010800100570011,1,대지,57,11,서울특별시 동대문구 회기동 57-11,112303105020,서울특별시 동대문구 회기로,163,,1123010800100570011011354,,서울특별시 동대문구 회기로 163,130872,02452,,1,,127.054371526099,37.5907800521215
MA0101202307A0007692,스튜디오엠프티,,M1,과학·기술,M105,광고,M10501,광고 대행업,M71310,광고 대행업,11,서울특별시,11230,동대문구,11230710,회기동,1123010800,회기동,1123010800100010005,1,대지,1,5,서울특별시 동대문구 회기동 1-5,112303105002,서울특별시 동대문구 경희대로,26,,1123010800100010003041260,삼의원창업센터,서울특별시 동대문구 경희대로 26,130701,02447,,,,127.054883375636,37.593951306684
MA0101202307A0094991,카츠정연,,I2,음식,I203,일식,I20301,일식 회/초밥,I56122,일식 음식점업,11,서울특별시,11230,동대문구,11230710,회기동,1123010800,회기동,1123010800100750000,1,대지,75,,서울특별시 동대문구 회기동 75,112303105010,서울특별시 동대문구 이문로,17,26,1123010800100750000011157,,서울특별시 동대문구 이문로 17-26,130872,02460,,1,,127.054699349671,37.5900500969842
MA0101202406A0013190,또와김밥,,I2,음식,I210,기타 간이,I21007,김밥/만두/분식,I56194,김밥 및 기타 간이 음식점업,11,서울특별시,11230,동대문구,11230710,회기동,1123010800,회기동,1123010800101050011,1,대지,105,11,서울특별시 동대문구 회기동 105-11,112303105020,서울특별시 동대문구 회기로,128,,1123010800101050011041205,,서울특별시 동대문구 회기로 128,130873,02459,,1,,127.050612744357,37.5912952892256
MA0101202406A0099203,예뽐뷰티,,G2,소매,G215,의약·화장품 소매,G21503,화장품 소매업,G47813,화장품; 비누 및 방향제 소매업,11,서울특별시,11230,동대문구,11230710,회기동,1123010800,회기동,1123010800100030041,1,대지,3,41,서울특별시 동대문구 회기동 3-41,112304115698,서울특별시 동대문구 회기로23나길,12,,1123010800100030041011394,,서울특별시 동대문구 회기로23나길 12,130872,02453,,1,,127.054836952473,37.5924106323431
MA0101202406A0571685,경희천꼬치샤브,,I2,음식,I210,기타 간이,I21006,치킨,I56193,치킨 전문점,11,서울특별시,11230,동대문구,11230710,회기동,1123010800,회기동,1123010800100160070,1,대지,16,70,서울특별시 동대문구 회기동 16-70,112303105002,서울특별시 동대문구 경희대로,5,1,1123010800100160070010609,,서울특별시 동대문구 경희대로 5-1,130872,02454,,3,,127.052187205311,37.5921505459962
MA0101202406A0290330,폭스레이디,,I2,음식,I211,주점,I21104,요리 주점,I56219,기타 주점업,11,서울특별시,11230,동대문구,11230710,회기동,1123010800,회기동,1123010800100600041,1,대지,60,41,서울특별시 동대문구 회기동 60-41,112303105020,서울특별시 동대문구 회기로,139,,1123010800100600041010360,,서울특별시 동대문구 회기로 139,130872,02454,,지,,127.051948948719,37.5914658971894
MA0101202406A0338823,행운밀크티,,G2,소매,G204,종합 소매,G20404,슈퍼마켓,G47129,기타 음ㆍ식료품 위주 종합 소매업,11,서울특별시,11230,동대문구,11230710,회기동,1123010800,회기동,1123010800103460012,1,대지,346,12,서울특별시 동대문구 회기동 346-12,112304115701,서울특별시 동대문구 회기로25길,30,,1123010800103460012000125,,서울특별시 동대문구 회기로25길 30,130881,02452,,,,127.055923009473,37.5911487340082
MA0101202406A0124636,스카이라이브,,I2,음식,I211,주점,I21103,생맥주 전문,I56213,생맥주 전문점,11,서울특별시,11230,동대문구,11230710,회기동,1123010800,회기동,1123010800100600057,1,대지,60,57,서울특별시 동대문구 회기동 60-57,112303105020,서울특별시 동대문구 회기로,129,1,1123010800100600057011479,,서울특별시 동대문구 회기로 129-1,130872,02454,,1,,127.051054522698,37.5915744064992
MA0101202406A0542347,더한승,,I2,음식,I202,중식,I20201,중국집,I56121,중식 음식점업,11,서울특별시,11230,동대문구,11230710,회기동,1123010800,회기동,1123010800100420057,1,대지,42,57,서울특별시 동대문구 회기동 42-57,112304115018,서울특별시 동대문구 경희대로1가길,12,,1123010800100420057010562,,서울특별시 동대문구 경희대로1가길 12,130872,02454,,2,,127.051609862516,37.5923309982354
MA0101202406A0237572,칠천요,,I2,음식,I202,중식,I20201,중국집,I56121,중식 음식점업,11,서울특별시,11230,동대문구,11230710,회기동,1123010800,회기동,1123010800100450121,1,대지,45,121,서울특별시 동대문구 회기동 45-121,112303105020,서울특별시 동대문구 회기로,160,1,1123010800100450121011007,,서울특별시 동대문구 회기로 160-1,130872,02460,,1,,127.053748688048,37.5906541984828
MA0101202406A0115084,빈티지수집,,G2,소매,G212,기타 생활용품 소매,G21202,주방/가정용품 소매업,G47599,그 외 기타 분류 안된 가정용품 소매업,11,서울특별시,11230,동대문구,11230710,회기동,1123010800,회기동,1123010800100600054,1,대지,60,54,서울특별시 동대문구 회기동 60-54,112303105020,서울특별시 동대문구 회기로,131,,1123010800100600054010740,,서울특별시 동대문구 회기로 131,130872,02454,,1,,127.051156421729,37.5915653524593
MA0101202406A0359475,리치,,R1,예술·스포츠,R104,유원지·오락,R10499,기타 오락관련 서비스업,R91299,그 외 기타 분류 안된 오락관련 서비스업,11,서울특별시,11230,동대문구,11230710,회기동,1123010800,회기동,1123010800100600068,1,대지,60,68,서울특별시 동대문구 회기동 60-68,112304115689,서울특별시 동대문구 회기로13길,11,,1123010800100600068011493,,서울특별시 동대문구 회기로13길 11,130872,02454,,,,127.050794441219,37.592079074222
MA0101202406A0200929,터치런,,R1,예술·스포츠,R104,유원지·오락,R10499,기타 오락관련 서비스업,R91299,그 외 기타 분류 안된 오락관련 서비스업,11,서울특별시,11230,동대문구,11230710,회기동,1123010800,회기동,1123010800100450107,1,대지,45,107,서울특별시 동대문구 회기동 45-107,112303105020,서울특별시 동대문구 회기로,152,,1123010800100450107010242,,서울특별시 동대문구 회기로 152,130872,02460,,지,,127.053103590908,37.5910689468524
MA0101202406A0044066,양일,,I2,음식,I211,주점,I21104,요리 주점,I56219,기타 주점업,11,서울특별시,11230,동대문구,11230710,회기동,1123010800,회기동,1123010800101070013,1,대지,107,13,서울특별시 동대문구 회기동 107-13,112304115018,서울특별시 동대문구 경희대로1가길,5,,1123010800101070013010162,,서울특별시 동대문구 경희대로1가길 5,130873,02454,,2,,127.051281355807,37.5921239132754
MA0101202406A0027246,하루필름경희대점,,M1,과학·기술,M113,사진 촬영,M11301,사진촬영업,M73301,인물 사진 및 행사용 영상 촬영업,11,서울특별시,11230,동대문구,11230710,회기동,1123010800,회기동,1123010800100450074,1,대지,45,74,서울특별시 동대문구 회기동 45-74,112303105020,서울특별시 동대문구 회기로,151,,1123010800100450074011351,,서울특별시 동대문구 회기로 151,130872,02453,,1,,127.053239694635,37.5913932426858
MA0101202406A0571652,지엔엠유니온,,I2,음식,I202,중식,I20201,중국집,I56121,중식 음식점업,11,서울특별시,11230,동대문구,11230710,회기동,1123010800,회기동,1123010800101030003,1,대지,103,3,서울특별시 동대문구 회기동 103-3,112303105020,서울특별시 동대문구 회기로,126,,1123010800101030003010708,,서울특별시 동대문구 회기로 126,130873,02459,,1,,127.050476895607,37.5913313870819
MA0101202406A0550960,비엣꾸안,,I2,음식,I202,중식,I20201,중국집,I56121,중식 음식점업,11,서울특별시,11230,동대문구,11230710,회기동,1123010800,회기동,1123010800100600048,1,대지,60,48,서울특별시 동대문구 회기동 60-48,112303105020,서울특별시 동대문구 회기로,135,,1123010800100600048010749,,서울특별시 동대문구 회기로 135,130872,02454,,2,,127.051620625344,37.5915201007565
MA0101202406A0186885,위톈탕수이,,I2,음식,I212,비알코올 ,I21201,카페,I56229,기타 비알코올 음료점업,11,서울특별시,11230,동대문구,11230710,회기동,1123010800,회기동,1123010800100030251,1,대지,3,251,서울특별시 동대문구 회기동 3-251,112304115696,서울특별시 동대문구 회기로23가길,22,,1123010800100030251010596,,서울특별시 동대문구 회기로23가길 22,130872,02453,,1,,127.05432727672,37.5922126498157
MA0101202406A0138297,김박사부동산공인중개사사무소,,L1,부동산,L102,부동산 서비스,L10203,부동산 중개/대리업,L68221,부동산 중개 및 대리업,11,서울특별시,11230,동대문구,11230710,회기동,1123010800,회기동,1123010800100760007,1,대지,76,7,서울특별시 동대문구 회기동 76-7,112303105020,서울특별시 동대문구 회기로,168,,1123010800100610011011070,,서울특별시 동대문구 회기로 168,130872,02460,,1,,127.054676935226,37.5903654546465
MA0101202406A0197225,김상현수학,,P1,교육,P105,일반 교육,P10501,입시·교과학원,P85501,일반 교과학원,11,서울특별시,11230,동대문구,11230710,회기동,1123010800,회기동,1123010800100540048,1,대지,54,48,서울특별시 동대문구 회기동 54-48,112304115699,서울특별시 동대문구 회기로23다길,13,,1123010800100540048010430,,서울특별시 동대문구 회기로23다길 13,130872,02453,,,,127.055652572136,37.592905796108
MA0101202406A0375070,지어앤,,I2,음식,I204,서양식,I20401,경양식,I56123,서양식 음식점업,11,서울특별시,11230,동대문구,11230710,회기동,1123010800,회기동,1123010800103460029,1,대지,346,29,서울특별시 동대문구 회기동 346-29,112303105010,서울특별시 동대문구 이문로,39,,1123010800103460029010807,,서울특별시 동대문구 이문로 39,130881,02452,,2,,127.056534450756,37.5911664625726
MA0101202406A0264701,도넛팩토리경희의료원점,,I2,음식,I212,비알코올 ,I21201,카페,I56221,커피 전문점,11,서울특별시,11230,동대문구,11230710,회기동,1123010800,회기동,1123010800100010000,1,대지,1,,서울특별시 동대문구 회기동 1,112303105002,서울특별시 동대문구 경희대로,23,,1123010800100010005041218,경희의료원,서울특별시 동대문구 경희대로 23,130702,02447,,1,,127.050738976836,37.593772962698
MA0101202406A0019014,벨,,G2,소매,G209,섬유·의복·신발 소매,G20905,기타 의류 소매업,G47414,셔츠 및 블라우스 소매업,11,서울특별시,11230,동대문구,11230710,회기동,1123010800,회기동,1123010800100710004,1,대지,71,4,서울특별시 동대문구 회기동 71-4,112303105010,서울특별시 동대문구 이문로,9,,1123010800100710004011382,,서울특별시 동대문구 이문로 9,130872,02460,,1,,127.054291030401,37.5890772137932
MA0101202406A0219839,구칠즈그릴,,I2,음식,I204,서양식,I20401,경양식,I56123,서양식 음식점업,11,서울특별시,11230,동대문구,11230710,회기동,1123010800,회기동,1123010800100330001,1,대지,33,1,서울특별시 동대문구 회기동 33-1,112304115695,서울특별시 동대문구 회기로21길,44,,1123010800100300000010318,,서울특별시 동대문구 회기로21길 44,130872,02453,,1,,127.052969244414,37.5932223779326
MA0101202406A0261496,넉,,I2,음식,I201,한식,I20101,백반/한정식,I56111,한식 일반 음식점업,11,서울특별시,11230,동대문구,11230710,회기동,1123010800,회기동,1123010800100420048,1,대지,42,48,서울특별시 동대문구 회기동 42-48,112304115019,서울특별시 동대문구 경희대로1길,8,13,1123010800100420048000001,,서울특별시 동대문구 경희대로1길 8-13,130872,02454,,1,,127.051757029203,37.5922858841994
MA0101202406A0437026,채은,,P1,교육,P105,일반 교육,P10501,입시·교과학원,P85501,일반 교과학원,11,서울특별시,11230,동대문구,11230710,회기동,1123010800,회기동,1123010800100160081,1,대지,16,81,서울특별시 동대문구 회기동 16-81,112304115695,서울특별시 동대문구 회기로21길,8,11,1123010800100160123000001,경성빌딩,서울특별시 동대문구 회기로21길 8-11,130872,02453,,,,127.053636166233,37.5916363310361
MA0101202406A0321019,엽기떡볶이,,I2,음식,I210,기타 간이,I21007,김밥/만두/분식,I56194,김밥 및 기타 간이 음식점업,11,서울특별시,11230,동대문구,11230710,회기동,1123010800,회기동,1123010800100600057,1,대지,60,57,서울특별시 동대문구 회기동 60-57,112303105020,서울특별시 동대문구 회기로,129,1,1123010800100600057011479,,서울특별시 동대문구 회기로 129-1,130872,02454,,1,,127.051054522698,37.5915744064992
MA0101202406A0220480,오브제이래쉬,,S2,수리·개인,S207,이용·미용,S20702,피부 관리실,S96113,피부 미용업,11,서울특별시,11230,동대문구,11230710,회기동,1123010800,회기동,1123010800100160006,1,대지,16,6,서울특별시 동대문구 회기동 16-6,112304115695,서울특별시 동대문구 회기로21길,9,,1123010800100160006010648,,서울특별시 동대문구 회기로21길 9,130872,02453,,3,,127.053058894882,37.5919068895414
MA0101202406A0099888,맨드살롱,1호점,S2,수리·개인,S207,이용·미용,S20701,미용실,S96112,두발 미용업,11,서울특별시,11230,동대문구,11230710,회기동,1123010800,회기동,1123010800100020020,1,대지,2,20,서울특별시 동대문구 회기동 2-20,112304115022,서울특별시 동대문구 경희대로4길,48,,1123010800100020020010616,오른쪽,서울특별시 동대문구 경희대로4길 48,130872,02452,,1,,127.054904320787,37.591635747955
MA0101202406A0462414,쿠시노아회기점,,I2,음식,I211,주점,I21104,요리 주점,I56219,기타 주점업,11,서울특별시,11230,동대문구,11230710,회기동,1123010800,회기동,1123010800103480005,1,대지,348,5,서울특별시 동대문구 회기동 348-5,112304115701,서울특별시 동대문구 회기로25길,26,,1123010800103480005010762,,서울특별시 동대문구 회기로25길 26,130881,02452,,,,127.055821077946,37.5911127425751
MA0101202406A0438998,핵밥경희대점,,I2,음식,I201,한식,I20101,백반/한정식,I56111,한식 일반 음식점업,11,서울특별시,11230,동대문구,11230710,회기동,1123010800,회기동,1123010800100420084,1,대지,42,84,서울특별시 동대문구 회기동 42-84,112303105002,서울특별시 동대문구 경희대로,9,1,1123010800100420002010529,,서울특별시 동대문구 경희대로 9-1,130872,02454,,2,,127.052232786522,37.5925649821084
MA0101202406A0445874,매스플레이트회기점,,I2,음식,I211,주점,I21104,요리 주점,I56219,기타 주점업,11,서울특별시,11230,동대문구,11230710,회기동,1123010800,회기동,1123010800100160018,1,대지,16,18,서울특별시 동대문구 회기동 16-18,112304115693,서울특별시 동대문구 회기로19길,16,,1123010800100160018010513,,서울특별시 동대문구 회기로19길 16,130872,02453,,1,,127.053036498543,37.5922582864636
MA0101202406A0594783,슈슈유유식품관리,,I2,음식,I201,한식,I20101,백반/한정식,I56111,한식 일반 음식점업,11,서울특별시,11230,동대문구,11230710,회기동,1123010800,회기동,1123010800100160070,1,대지,16,70,서울특별시 동대문구 회기동 16-70,112303105002,서울특별시 동대문구 경희대로,5,1,1123010800100160070010609,,서울특별시 동대문구 경희대로 5-1,130872,02454,,3,,127.052187205311,37.5921505459962
MA0101202406A0407612,나주김민서,,P1,교육,P105,일반 교육,P10501,입시·교과학원,P85501,일반 교과학원,11,서울특별시,11230,동대문구,11230710,회기동,1123010800,회기동,1123010800100160020,1,대지,16,20,서울특별시 동대문구 회기동 16-20,112304115695,서울특별시 동대문구 회기로21길,13,,1123010800100160020041167,,서울특별시 동대문구 회기로21길 13,130872,02453,,,,127.05314960583,37.5920870471203
MA0101202406A0366716,갯벌의조개경희대점,,I2,음식,I201,한식,I20112,해산물 구이/찜,I56111,한식 일반 음식점업,11,서울특별시,11230,동대문구,11230710,회기동,1123010800,회기동,1123010800100600060,1,대지,60,60,서울특별시 동대문구 회기동 60-60,112304115019,서울특별시 동대문구 경희대로1길,18,,1123010800100600060000002,,서울특별시 동대문구 경희대로1길 18,130872,02454,,1,,127.05121325181,37.5918806750158
MA0101202406A0240591,샹츠마라경희대점,,I2,음식,I202,중식,I20202,마라탕/훠궈,I56121,중식 음식점업,11,서울특별시,11230,동대문구,11230710,회기동,1123010800,회기동,1123010800100420082,1,대지,42,82,서울특별시 동대문구 회기동 42-82,112304115019,서울특별시 동대문구 경희대로1길,8,18,1123010800100420082010260,회기동복합빌딩,서울특별시 동대문구 경희대로1길 8-18,130872,02454,,1,,127.052074177335,37.5924389133279
MA0101202406A0356418,팡팡경희대점,,R1,예술·스포츠,R104,유원지·오락,R10404,전자 게임장,R91221,전자 게임장 운영업,11,서울특별시,11230,동대문구,11230710,회기동,1123010800,회기동,1123010800100160051,1,대지,16,51,서울특별시 동대문구 회기동 16-51,112303105002,서울특별시 동대문구 경희대로,8,,1123010800100160051010594,,서울특별시 동대문구 경희대로 8,130872,02453,,1,,127.052617538443,37.5922404541361
MA0101202406A0077884,퍼퓨어,,I2,음식,I201,한식,I20101,백반/한정식,I56111,한식 일반 음식점업,11,서울특별시,11230,동대문구,11230710,회기동,1123010800,회기동,1123010800100540099,1,대지,54,99,서울특별시 동대문구 회기동 54-99,112304115022,서울특별시 동대문구 경희대로4길,44,,1123010800100540099041178,,서울특별시 동대문구 경희대로4길 44,130872,02452,,1,,127.05473452485,37.5916988962548
MA0101202406A0458402,지어앤,,G2,소매,G204,종합 소매,G20404,슈퍼마켓,G47129,기타 음ㆍ식료품 위주 종합 소매업,11,서울특별시,11230,동대문구,11230710,회기동,1123010800,회기동,1123010800100570015,1,대지,57,15,서울특별시 동대문구 회기동 57-15,112304115701,서울특별시 동대문구 회기로25길,3,,1123010800100570015010958,,서울특별시 동대문구 회기로25길 3,130872,02452,,,,127.054643257215,37.5907619067954
MA0101202406A0206557,세월양꼬치,,I2,음식,I202,중식,I20201,중국집,I56121,중식 음식점업,11,서울특별시,11230,동대문구,11230710,회기동,1123010800,회기동,1123010800100420062,1,대지,42,62,서울특별시 동대문구 회기동 42-62,112304115018,서울특별시 동대문구 경희대로1가길,4,,1123010800100420062010222,힐링빌,서울특별시 동대문구 경희대로1가길 4,130872,02454,,1,,127.051485000116,37.5918805567945
MA0101202406A0230254,그라미경희대점,,I2,음식,I210,기타 간이,I21007,김밥/만두/분식,I56194,김밥 및 기타 간이 음식점업,11,서울특별시,11230,동대문구,11230710,회기동,1123010800,회기동,1123010800100160057,1,대지,16,57,서울특별시 동대문구 회기동 16-57,112303105020,서울특별시 동대문구 회기로,143,,1123010800100160057010670,,서울특별시 동대문구 회기로 143,130872,02453,,1,,127.052469980179,37.5917269544078
MA0101202406A0158939,송가네낙지부대찌개,,I2,음식,I201,한식,I20112,해산물 구이/찜,I56111,한식 일반 음식점업,11,서울특별시,11230,동대문구,11230710,회기동,1123010800,회기동,1123010800100420069,1,대지,42,69,서울특별시 동대문구 회기동 42-69,112304115018,서울특별시 동대문구 경희대로1가길,17,,1123010800100420069011388,,서울특별시 동대문구 경희대로1가길 17,130872,02454,,1,,127.051406248376,37.5926194044937
MA0101202406A0414378,슬로우캘리경희대점,,I2,음식,I201,한식,I20101,백반/한정식,I56111,한식 일반 음식점업,11,서울특별시,11230,동대문구,11230710,회기동,1123010800,회기동,1123010800100160036,1,대지,16,36,서울특별시 동대문구 회기동 16-36,112304115693,서울특별시 동대문구 회기로19길,23,,1123010800100160036010475,유경빌딩,서울특별시 동대문구 회기로19길 23,130872,02453,,1,,127.052923543867,37.5926457636744
MA0101202406A0300719,쮸쮸아이스크림경희점,,G2,소매,G204,종합 소매,G20404,슈퍼마켓,G47216,빵류; 과자류 및 당류 소매업,11,서울특별시,11230,동대문구,11230710,회기동,1123010800,회기동,1123010800100080004,1,대지,8,4,서울특별시 동대문구 회기동 8-4,112304115022,서울특별시 동대문구 경희대로4길,26,,1123010800100080004010183,,서울특별시 동대문구 경희대로4길 26,130872,02453,,1,,127.053851663154,37.5921407884156
MA0101202406A0203279,경희여중고매점,,G2,소매,G204,종합 소매,G20499,그 외 기타 종합 소매업,G47190,그 외 기타 종합 소매업,11,서울특별시,11230,동대문구,11230710,회기동,1123010800,회기동,1123010800100010005,1,대지,1,5,서울특별시 동대문구 회기동 1-5,112303105002,서울특별시 동대문구 경희대로,26,,1123010800100010003041260,회기동경희대학교,서울특별시 동대문구 경희대로 26,130701,02447,,,,127.054883375636,37.593951306684
MA0101202406A0053235,몽몽MengMeng,,I2,음식,I210,기타 간이,I21001,빵/도넛,I56191,제과점업,11,서울특별시,11230,동대문구,11230710,회기동,1123010800,회기동,1123010800100540109,1,대지,54,109,서울특별시 동대문구 회기동 54-109,112304115697,서울특별시 동대문구 회기로23길,14,,1123010800100540109040849,,서울특별시 동대문구 회기로23길 14,130872,02452,,1,,127.054326654529,37.5913567077205
MA0101202311A0058892,허브약국,,G2,소매,G215,의약·화장품 소매,G21501,약국,G47811,의약품 및 의료용품 소매업,11,서울특별시,11230,동대문구,11230710,회기동,1123010800,회기동,1123010800101080017,1,대지,108,17,서울특별시 동대문구 회기동 108-17,112303105002,서울특별시 동대문구 경희대로,19,3,1123010800101080017011354,,서울특별시 동대문구 경희대로 19-3,130873,02454,,1,,127.052357812383,37.5932406705774
MA0101202311A0071058,닭갈비제작소경희대점,,I2,음식,I201,한식,I20110,닭/오리고기 구이/찜,I56113,한식 육류 요리 전문점,11,서울특별시,11230,동대문구,11230710,회기동,1123010800,회기동,1123010800100160013,1,대지,16,13,서울특별시 동대문구 회기동 16-13,112304115022,서울특별시 동대문구 경희대로4길,8,,1123010800100160013010570,,서울특별시 동대문구 경희대로4길 8,130872,02453,,2,,127.053149849317,37.5924294239374
MA0101202311A0027840,소믈,,I2,음식,I204,서양식,I20401,경양식,I56123,서양식 음식점업,11,서울특별시,11230,동대문구,11230710,회기동,1123010800,회기동,1123010800100420016,1,대지,42,16,서울특별시 동대문구 회기동 42-16,112304115021,서울특별시 동대문구 경희대로3길,20,,1123010800100420016010434,,서울특별시 동대문구 경희대로3길 20,130872,02454,,1,,127.051463049296,37.5928896772946
MA0101202406A0520352,커피힐,,I2,음식,I212,비알코올 ,I21201,카페,I56221,커피 전문점,11,서울특별시,11230,동대문구,11230710,회기동,1123010800,회기동,1123010800100030138,1,대지,3,138,서울특별시 동대문구 회기동 3-138,112304115696,서울특별시 동대문구 회기로23가길,53,,1123010800100030138010314,,서울특별시 동대문구 회기로23가길 53,130872,02453,,1,,127.054033923709,37.5936543713631
MA0101202409A0223135,몬도커피츄러스경희대점,,I2,음식,I212,비알코올 ,I21201,카페,I56221,커피 전문점,11,서울특별시,11230,동대문구,11230710,회기동,1123010800,회기동,1123010800103460016,1,대지,346,16,서울특별시 동대문구 회기동 346-16,112304115022,서울특별시 동대문구 경희대로4길,72,,1123010800103460016010798,,서울특별시 동대문구 경희대로4길 72,130881,02452,,2,,127.056274068509,37.591220646524
MA0101202409A0042444,주짓수락,,R1,예술·스포츠,R103,스포츠 서비스,R10314,기타 스포츠시설 운영업,R91139,그 외 기타 스포츠시설 운영업,11,서울특별시,11230,동대문구,11230710,회기동,1123010800,회기동,1123010800100650091,1,대지,65,91,서울특별시 동대문구 회기동 65-91,112304115342,서울특별시 동대문구 이문로1길,16,3,1123010800100650091011298,,서울특별시 동대문구 이문로1길 16-3,130872,02461,,1,,127.053124833844,37.5890957642751
MA0101202409A0167056,순기오리구이,,I2,음식,I201,한식,I20110,닭/오리고기 구이/찜,I56111,한식 일반 음식점업,11,서울특별시,11230,동대문구,11230710,회기동,1123010800,회기동,1123010800100610002,1,대지,61,2,서울특별시 동대문구 회기동 61-2,112304115692,서울특별시 동대문구 회기로18길,41,,1123010800100610002011506,회기동상가,서울특별시 동대문구 회기로18길 41,130872,02460,,2,,127.054009024584,37.5905369506665
MA0101202409A0160700,패트릭스카페회기점,,I2,음식,I212,비알코올 ,I21201,카페,I56221,커피 전문점,11,서울특별시,11230,동대문구,11230710,회기동,1123010800,회기동,1123010800100810000,1,대지,81,,서울특별시 동대문구 회기동 81,112303105020,서울특별시 동대문구 회기로,176,,1123010800100810000041190,,서울특별시 동대문구 회기로 176,130872,02460,,1,,127.05537874381,37.5901038397212
MA0101202409A0029970,저스트비플레이스,,I2,음식,I204,서양식,I20401,경양식,I56123,서양식 음식점업,11,서울특별시,11230,동대문구,11230710,회기동,1123010800,회기동,1123010800100540163,1,대지,54,163,서울특별시 동대문구 회기동 54-163,112304115697,서울특별시 동대문구 회기로23길,57,,1123010800100540114010476,1~2층,서울특별시 동대문구 회기로23길 57,130872,02453,,,,127.055629792,37.5927256084832
MA0101202409A0250594,빽다방서울경희대점,,I2,음식,I212,비알코올 ,I21201,카페,I56221,커피 전문점,11,서울특별시,11230,동대문구,11230710,회기동,1123010800,회기동,1123010800100330001,1,대지,33,1,서울특별시 동대문구 회기동 33-1,112303105002,서울특별시 동대문구 경희대로,20,,1123010800100030080010155,,서울특별시 동대문구 경희대로 20,130872,02453,,1,,127.052912724857,37.5933575520468
MA0101202406A0414105,어흥식당경희대점,,I2,음식,I204,서양식,I20401,경양식,I56123,서양식 음식점업,11,서울특별시,11230,동대문구,11230710,회기동,1123010800,회기동,1123010800100420074,1,대지,42,74,서울특별시 동대문구 회기동 42-74,112304115689,서울특별시 동대문구 회기로13길,22,,1123010800100420074010567,,서울특별시 동대문구 회기로13길 22,130872,02454,,1,,127.051213665476,37.5924843394303
MA0101202406A0183486,60계치킨회기점,,I2,음식,I210,기타 간이,I21006,치킨,I56193,치킨 전문점,11,서울특별시,11230,동대문구,11230710,회기동,1123010800,회기동,1123010800100450106,1,대지,45,106,서울특별시 동대문구 회기동 45-106,112303105020,서울특별시 동대문구 회기로,154,,1123010800100450106010857,,서울특별시 동대문구 회기로 154,130872,02460,,1,,127.053250734948,37.5909968011925
MA0101202406A0005195,난바우동회기점,,I2,음식,I203,일식,I20303,일식 면 요리,I56111,한식 일반 음식점업,11,서울특별시,11230,동대문구,11230710,회기동,1123010800,회기동,1123010800100160073,1,대지,16,73,서울특별시 동대문구 회기동 16-73,112303105002,서울특별시 동대문구 경희대로,9,,1123010800100160073010552,,서울특별시 동대문구 경희대로 9,130872,02454,,2,,127.052255312725,37.5923937836802
MA0101202406A0427285,나봄PT&필라테스,,P1,교육,P106,기타 교육,P10603,요가/필라테스 학원,R91132,체력 단련시설 운영업,11,서울특별시,11230,동대문구,11230710,회기동,1123010800,회기동,1123010800100130001,1,대지,13,1,서울특별시 동대문구 회기동 13-1,112304115022,서울특별시 동대문구 경희대로4길,18,,1123010800100130001010504,,서울특별시 동대문구 경희대로4길 18,130872,02453,,지,,127.053500763364,37.5922941166155
MA0101202406A0302406,미미쉐,,I2,음식,I210,기타 간이,I21007,김밥/만두/분식,I56194,김밥 및 기타 간이 음식점업,11,서울특별시,11230,동대문구,11230710,회기동,1123010800,회기동,1123010800100450060,1,대지,45,60,서울특별시 동대문구 회기동 45-60,112303105020,서울특별시 동대문구 회기로,157,,1123010800100450060011348,,서울특별시 동대문구 회기로 157,130872,02453,,1,,127.053726314751,37.5910326253621
MA0101202406A0589328,인포뱅크,,M1,과학·기술,M107,본사·경영 컨설팅,M10703,경영 컨설팅업,M71531,경영 컨설팅업,11,서울특별시,11230,동대문구,11230710,회기동,1123010800,회기동,1123010800101090140,1,대지,109,140,서울특별시 동대문구 회기동 109-140,112303105020,서울특별시 동대문구 회기로,117,3,1123010800101090140006814,열린동,서울특별시 동대문구 회기로 117-3,130873,02455,,4,,127.049175483309,37.5924041169179
MA0101202408A0027227,삼남매네,,G2,소매,G205,식료품 소매,G20506,채소/과일 소매업,G47215,채소; 과실 및 뿌리작물 소매업,11,서울특별시,11230,동대문구,11230710,회기동,1123010800,회기동,1123010800100810000,1,대지,81,,서울특별시 동대문구 회기동 81,112303105020,서울특별시 동대문구 회기로,176,,1123010800100810000041190,,서울특별시 동대문구 회기로 176,130872,02460,,1,,127.05537874381,37.5901038397212
MA0101202406A0389402,픽셀하우스경희대점,,I1,숙박,I101,일반 숙박,I10102,여관/모텔,I55102,여관업,11,서울특별시,11230,동대문구,11230710,회기동,1123010800,회기동,1123010800100600125,1,대지,60,125,서울특별시 동대문구 회기동 60-125,112303105020,서울특별시 동대문구 회기로,122,,1123010800100600125010699,,서울특별시 동대문구 회기로 122,130872,02459,,3,,127.050035301814,37.5913225651818
MA0101202406A0369401,맛EAT닭,,I2,음식,I201,한식,I20101,백반/한정식,I56111,한식 일반 음식점업,11,서울특별시,11230,동대문구,11230710,회기동,1123010800,회기동,1123010800100160011,1,대지,16,11,서울특별시 동대문구 회기동 16-11,112304115695,서울특별시 동대문구 회기로21길,23,,1123010800100160011010538,,서울특별시 동대문구 회기로21길 23,130872,02453,,2,,127.053229186826,37.5925375072106
MA0101202406A0168901,리코스타코인노래연습장,,R1,예술·스포츠,R104,유원지·오락,R10407,노래방,R91223,노래 연습장 운영업,11,서울특별시,11230,동대문구,11230710,회기동,1123010800,회기동,1123010800100160065,1,대지,16,65,서울특별시 동대문구 회기동 16-65,112303105002,서울특별시 동대문구 경희대로,3,,1123010800100160065010650,,서울특별시 동대문구 경희대로 3,130872,02454,,지,,127.052130421191,37.5919073032622
MA0101202406A0061614,밤나방스튜디오,,M1,과학·기술,M113,사진 촬영,M11301,사진촬영업,M73302,상업용 사진 촬영업,11,서울특별시,11230,동대문구,11230710,회기동,1123010800,회기동,1123010800101080020,1,대지,108,20,서울특별시 동대문구 회기동 108-20,112304115018,서울특별시 동대문구 경희대로1가길,39,,1123010800101080020010370,,서울특별시 동대문구 경희대로1가길 39,130873,02454,,,,127.052199226724,37.5931506416408
MA0101202406A0388292,백수씨심야식당,,I2,음식,I201,한식,I20199,기타 한식 음식점,I56111,한식 일반 음식점업,11,서울특별시,11230,동대문구,11230710,회기동,1123010800,회기동,1123010800100420049,1,대지,42,49,서울특별시 동대문구 회기동 42-49,112304115019,서울특별시 동대문구 경희대로1길,8,15,1123010800100420049010548,1~2층,서울특별시 동대문구 경희대로1길 8-15,130872,02454,,,,127.051802395775,37.5923939833262
MA0101202406A0129199,육회란연어다회기점,,I2,음식,I201,한식,I20108,소고기 구이/찜,I56111,한식 일반 음식점업,11,서울특별시,11230,동대문구,11230710,회기동,1123010800,회기동,1123010800100600216,1,대지,60,216,서울특별시 동대문구 회기동 60-216,112303105020,서울특별시 동대문구 회기로,106,,1123010800100600216041579,동일오피스텔,서울특별시 동대문구 회기로 106,130872,02457,,지,,127.048302965815,37.5913953661836
MA0101202406A0552524,람경통신,,G2,소매,G208,가전·통신 소매,G20802,핸드폰 소매업,G47312,통신기기 소매업,11,서울특별시,11230,동대문구,11230710,회기동,1123010800,회기동,1123010800100160042,1,대지,16,42,서울특별시 동대문구 회기동 16-42,112303105002,서울특별시 동대문구 경희대로,16,,1123010800100160042010447,,서울특별시 동대문구 경희대로 16,130872,02453,,1,,127.052776491706,37.5928530576412
MA0101202409A0105464,더드림에듀,,P1,교육,P105,일반 교육,P10501,입시·교과학원,P85501,일반 교과학원,11,서울특별시,11230,동대문구,11230710,회기동,1123010800,회기동,1123010800100030043,1,대지,3,43,서울특별시 동대문구 회기동 3-43,112304115022,서울특별시 동대문구 경희대로4길,37,,1123010800100030043011315,,서울특별시 동대문구 경희대로4길 37,130872,02453,,,,127.054542299959,37.5920593820231
MA0101202409A0077771,김소현바른영어,,P1,교육,P105,일반 교육,P10501,입시·교과학원,P85501,일반 교과학원,11,서울특별시,11230,동대문구,11230710,회기동,1123010800,회기동,1123010800101090155,1,대지,109,155,서울특별시 동대문구 회기동 109-155,112304115020,서울특별시 동대문구 경희대로1나길,55,,1123010800101090155000001,루시올하우스,서울특별시 동대문구 경희대로1나길 55,130873,02454,,4,,127.049968714622,37.5933408152751
MA0101202409A0005171,트렌디원,,G2,소매,G209,섬유·의복·신발 소매,G20905,기타 의류 소매업,G47414,셔츠 및 블라우스 소매업,11,서울특별시,11230,동대문구,11230710,회기동,1123010800,회기동,1123010800100600075,1,대지,60,75,서울특별시 동대문구 회기동 60-75,112304115020,서울특별시 동대문구 경희대로1나길,18,,1123010800100600075010496,,서울특별시 동대문구 경희대로1나길 18,130872,02454,,,,127.050783491803,37.5926286839966
MA0101202409A0138724,전담GATE경희대점,,G2,소매,G207,담배 소매,G20701,담배/전자담배 소매업,G47222,담배 소매업,11,서울특별시,11230,동대문구,11230710,회기동,1123010800,회기동,1123010800100160057,1,대지,16,57,서울특별시 동대문구 회기동 16-57,112303105020,서울특별시 동대문구 회기로,143,,1123010800100160057010670,,서울특별시 동대문구 회기로 143,130872,02453,,1,,127.052469980179,37.5917269544078
MA0101202406A0434974,써니하우스,,I1,숙박,I101,일반 숙박,I10103,펜션,I55104,민박업,11,서울특별시,11230,동대문구,11230710,회기동,1123010800,회기동,1123010800100030114,1,대지,3,114,서울특별시 동대문구 회기동 3-114,112304115023,서울특별시 동대문구 경희대로6길,7,12,1123010800100030114010403,,서울특별시 동대문구 경희대로6길 7-12,130872,02453,,,,127.053716539744,37.5931860005316
MA0101202406A0212900,스티즈,,S2,수리·개인,S207,이용·미용,S20702,피부 관리실,S96113,피부 미용업,11,서울특별시,11230,동대문구,11230710,회기동,1123010800,회기동,1123010800100420060,1,대지,42,60,서울특별시 동대문구 회기동 42-60,112304115018,서울특별시 동대문구 경희대로1가길,8,,1123010800100420060010620,스페이스플러스,서울특별시 동대문구 경희대로1가길 8,130872,02454,,2,,127.051541751047,37.592078750258
MA0101202408A0004996,포제트미술학원,,P1,교육,P106,기타 교육,P10611,미술학원,P85622,미술학원,11,서울특별시,11230,동대문구,11230710,회기동,1123010800,회기동,1123010800100650091,1,대지,65,91,서울특별시 동대문구 회기동 65-91,112304115342,서울특별시 동대문구 이문로1길,16,3,1123010800100650091011298,,서울특별시 동대문구 이문로1길 16-3,130872,02461,,3,,127.053124833844,37.5890957642751
MA0101202408A0007565,박대원,,P1,교육,P105,일반 교육,P10501,입시·교과학원,P85501,일반 교과학원,11,서울특별시,11230,동대문구,11230710,회기동,1123010800,회기동,1123010800100070001,1,대지,7,1,서울특별시 동대문구 회기동 7-1,112304115694,서울특별시 동대문구 회기로21가길,10,,1123010800100070001010635,,서울특별시 동대문구 회기로21가길 10,130872,02453,,,,127.053613766225,37.5919787181652
MA0101202406A0223709,생마차,,I2,음식,I203,일식,I20301,일식 회/초밥,I56122,일식 음식점업,11,서울특별시,11230,동대문구,11230710,회기동,1123010800,회기동,1123010800100420043,1,대지,42,43,서울특별시 동대문구 회기동 42-43,112304115019,서울특별시 동대문구 경희대로1길,10,,1123010800100420043010655,,서울특별시 동대문구 경희대로1길 10,130872,02454,,1,,127.051677463579,37.5918444330076
MA0101202406A0356306,종합수리인테리어,,S2,수리·개인,S203,자동차 수리·세차,S20301,자동차 정비소,S95212,자동차 전문 수리업,11,서울특별시,11230,동대문구,11230710,회기동,1123010800,회기동,1123010800101020148,1,대지,102,148,서울특별시 동대문구 회기동 102-148,112304115686,서울특별시 동대문구 회기로12길,41,9,1123010800101020148011244,,서울특별시 동대문구 회기로12길 41-9,130873,02458,,,,127.049909590225,37.5895837034574
MA0101202406A0060897,픽닷경희대점,,M1,과학·기술,M113,사진 촬영,M11301,사진촬영업,M73301,인물 사진 및 행사용 영상 촬영업,11,서울특별시,11230,동대문구,11230710,회기동,1123010800,회기동,1123010800100160048,1,대지,16,48,서울특별시 동대문구 회기동 16-48,112304115022,서울특별시 동대문구 경희대로4길,2,,1123010800100160048010385,,서울특별시 동대문구 경희대로4길 2,130872,02453,,1,,127.052674330752,37.5924927065365
MA0101202406A0509837,솔낭구,,I2,음식,I201,한식,I20101,백반/한정식,I56111,한식 일반 음식점업,11,서울특별시,11230,동대문구,11230710,회기동,1123010800,회기동,1123010800100600068,1,대지,60,68,서울특별시 동대문구 회기동 60-68,112304115689,서울특별시 동대문구 회기로13길,11,,1123010800100600068011493,,서울특별시 동대문구 회기로13길 11,130872,02454,,1,,127.050794441219,37.592079074222
MA0101202406A0095630,스마일부동산공인중개사사무소,,L1,부동산,L102,부동산 서비스,L10203,부동산 중개/대리업,L68221,부동산 중개 및 대리업,11,서울특별시,11230,동대문구,11230710,회기동,1123010800,회기동,1123010800100810000,1,대지,81,,서울특별시 동대문구 회기동 81,112303105020,서울특별시 동대문구 회기로,176,,1123010800100810000041190,,서울특별시 동대문구 회기로 176,130872,02460,,1,,127.05537874381,37.5901038397212
MA0101202406A0037967,발짝경희대점,,I2,음식,I211,주점,I21103,생맥주 전문,I56213,생맥주 전문점,11,서울특별시,11230,동대문구,11230710,회기동,1123010800,회기동,1123010800100420066,1,대지,42,66,서울특별시 동대문구 회기동 42-66,112304115018,서울특별시 동대문구 경희대로1가길,11,,1123010800100420066010546,,서울특별시 동대문구 경희대로1가길 11,130872,02454,,1,,127.051349478821,37.5923941812344
MA0101202406A0129615,하노이맥주밤거리경희대점,,I2,음식,I211,주점,I21103,생맥주 전문,I56213,생맥주 전문점,11,서울특별시,11230,동대문구,11230710,회기동,1123010800,회기동,1123010800100420065,1,대지,42,65,서울특별시 동대문구 회기동 42-65,112304115018,서울특별시 동대문구 경희대로1가길,9,,1123010800100420065010512,,서울특별시 동대문구 경희대로1가길 9,130872,02454,,1,,127.051315411066,37.5922500373449
MA0101202406A0484651,온담,,N1,시설관리·임대,N108,기타 사업 서비스,N10802,전시/컨벤션/행사 대행 서비스업,N75992,전시; 컨벤션 및 행사 대행업,11,서울특별시,11230,동대문구,11230710,회기동,1123010800,회기동,1123010800100010005,1,대지,1,5,서울특별시 동대문구 회기동 1-5,112303105002,서울특별시 동대문구 경희대로,26,,1123010800100010003041260,경희대학교,서울특별시 동대문구 경희대로 26,130701,02447,,,,127.054883375636,37.593951306684
MA0101202406A0306351,대박맛,,I2,음식,I201,한식,I20101,백반/한정식,I56111,한식 일반 음식점업,11,서울특별시,11230,동대문구,11230710,회기동,1123010800,회기동,1123010800100600092,1,대지,60,92,서울특별시 동대문구 회기동 60-92,112303105020,서울특별시 동대문구 회기로,127,,1123010800100600092011434,,서울특별시 동대문구 회기로 127,130872,02454,,2,,127.050726179849,37.5916015778256
MA0101202406A0096900,벨리스,,I2,음식,I210,기타 간이,I21001,빵/도넛,I56191,제과점업,11,서울특별시,11230,동대문구,11230710,회기동,1123010800,회기동,1123010800103470004,1,대지,347,4,서울특별시 동대문구 회기동 347-4,112304115701,서울특별시 동대문구 회기로25길,16,,1123010800103470004010898,,서울특별시 동대문구 회기로25길 16,130881,02452,,1,,127.055254794952,37.5909147907644
MA0101202406A0076673,스탠딩솔루션,,G2,소매,G212,기타 생활용품 소매,G21202,주방/가정용품 소매업,G47599,그 외 기타 분류 안된 가정용품 소매업,11,서울특별시,11230,동대문구,11230710,회기동,1123010800,회기동,1123010800100010005,1,대지,1,5,서울특별시 동대문구 회기동 1-5,112303105002,서울특별시 동대문구 경희대로,26,,1123010800100010003041260,회기동경희대학교,서울특별시 동대문구 경희대로 26,130701,02447,,2,,127.054883375636,37.593951306684
MA0101202410A1001474,언더복싱박스,,P1,교육,P106,기타 교육,P10601,태권도/무술학원,P85611,태권도 및 무술 교육기관,11,서울특별시,11230,동대문구,11230710,회기동,1123010800,회기동,1123010800100600031,1,대지,60,31,서울특별시 동대문구 회기동 60-31,112303105020,서울특별시 동대문구 회기로,148,8,1123010800100600031010818,,서울특별시 동대문구 회기로 148-8,130872,02459,,1,,127.052560144563,37.5911322595446
MA0101202410A0223170,연세오직치과교정과치과의원,,Q1,보건의료,Q102,의원,Q10210,치과의원,Q86202,치과의원,11,서울특별시,11230,동대문구,11230710,회기동,1123010800,회기동,1123010800100770008,1,대지,77,8,서울특별시 동대문구 회기동 77-8,112303105010,서울특별시 동대문구 이문로,23,1,1123010800100770008011123,운경빌딩,서울특별시 동대문구 이문로 23-1,130872,02460,,4,,127.055333346781,37.5899597022523
MA0101202410A0261378,라임,,G2,소매,G219,식물 소매,G21901,꽃집,G47851,화초 및 식물 소매업,11,서울특별시,11230,동대문구,11230710,회기동,1123010800,회기동,1123010800100020020,1,대지,2,20,서울특별시 동대문구 회기동 2-20,112304115022,서울특별시 동대문구 경희대로4길,48,,1123010800100020020010616,,서울특별시 동대문구 경희대로4길 48,130872,02452,,,,127.054904320787,37.591635747955
MA0101202410A0261304,정재광복싱클럽,,P1,교육,P106,기타 교육,P10601,태권도/무술학원,P85611,태권도 및 무술 교육기관,11,서울특별시,11230,동대문구,11230710,회기동,1123010800,회기동,1123010800100450107,1,대지,45,107,서울특별시 동대문구 회기동 45-107,112303105020,서울특별시 동대문구 회기로,152,,1123010800100450107010242,,서울특별시 동대문구 회기로 152,130872,02460,,,,127.053103590908,37.5910689468524
MA0101202409A0018722,이레공인중개사사무소,,L1,부동산,L102,부동산 서비스,L10203,부동산 중개/대리업,L68221,부동산 중개 및 대리업,11,서울특별시,11230,동대문구,11230710,회기동,1123010800,회기동,1123010800100610010,1,대지,61,10,서울특별시 동대문구 회기동 61-10,112303105020,서울특별시 동대문구 회기로,164,,1123010800100610010011024,,서울특별시 동대문구 회기로 164,130872,02460,,1,,127.054201463761,37.5904737930029
MA0101202409A0167251,부록,,I2,음식,I212,비알코올 ,I21201,카페,I56221,커피 전문점,11,서울특별시,11230,동대문구,11230710,회기동,1123010800,회기동,1123010800100160041,1,대지,16,41,서울특별시 동대문구 회기동 16-41,112303105002,서울특별시 동대문구 경희대로,16,1,1123010800100160041010442,,서울특별시 동대문구 경희대로 16-1,130872,02453,,1,,127.052867107519,37.5928980666798
MA0101202409A0131442,짐타임,,R1,예술·스포츠,R103,스포츠 서비스,R10307,헬스장,R91132,체력 단련시설 운영업,11,서울특별시,11230,동대문구,11230710,회기동,1123010800,회기동,1123010800100540099,1,대지,54,99,서울특별시 동대문구 회기동 54-99,112304115022,서울특별시 동대문구 경희대로4길,44,,1123010800100540099041178,,서울특별시 동대문구 경희대로4길 44,130872,02452,,지,,127.05473452485,37.5916988962548
MA0101202409A0248744,앵춘,,I2,음식,I201,한식,I20101,백반/한정식,I56111,한식 일반 음식점업,11,서울특별시,11230,동대문구,11230710,회기동,1123010800,회기동,1123010800100420037,1,대지,42,37,서울특별시 동대문구 회기동 42-37,112304115019,서울특별시 동대문구 경희대로1길,8,8,1123010800100420037010637,,서울특별시 동대문구 경희대로1길 8-8,130872,02454,,1,,127.051949330744,37.592015502139
MA0101202410A0261320,꽃집만남,,G2,소매,G219,식물 소매,G21901,꽃집,G46204,화훼류 및 식물 도매업,11,서울특별시,11230,동대문구,11230710,회기동,1123010800,회기동,1123010800101030018,1,대지,103,18,서울특별시 동대문구 회기동 103-18,112304115692,서울특별시 동대문구 회기로18길,12,,1123010800101030018011371,,서울특별시 동대문구 회기로18길 12,130873,02460,,,,127.052446784464,37.5909431016277
MA0101202409A0152040,앤써헤어,,S2,수리·개인,S207,이용·미용,S20701,미용실,S96112,두발 미용업,11,서울특별시,11230,동대문구,11230710,회기동,1123010800,회기동,1123010800100420081,1,대지,42,81,서울특별시 동대문구 회기동 42-81,112304115021,서울특별시 동대문구 경희대로3길,5,,1123010800100420081010518,,서울특별시 동대문구 경희대로3길 5,130872,02454,,2,,127.052108240358,37.5925740470767
MA0101202409A0067135,빅버드투어,,N1,시설관리·임대,N105,여행사·보조,N10501,여행사,N75210,여행사업,11,서울특별시,11230,동대문구,11230710,회기동,1123010800,회기동,1123010800100650000,1,대지,65,,서울특별시 동대문구 회기동 65,112304115342,서울특별시 동대문구 이문로1길,21,,1123010800100650000010212,청량리신현대아파트,서울특별시 동대문구 이문로1길 21,130792,02461,,2,,127.051563078983,37.5901686377073
MA0101202409A0114384,푸줏간육회,,I2,음식,I201,한식,I20108,소고기 구이/찜,I56111,한식 일반 음식점업,11,서울특별시,11230,동대문구,11230710,회기동,1123010800,회기동,1123010800100420053,1,대지,42,53,서울특별시 동대문구 회기동 42-53,112304115021,서울특별시 동대문구 경희대로3길,13,,1123010800100420053010488,,서울특별시 동대문구 경희대로3길 13,130872,02454,,2,,127.051666701325,37.5926553304465
MA0101202409A0123875,마니달오경희대,본점,I2,음식,I212,비알코올 ,I21201,카페,I56229,기타 비알코올 음료점업,11,서울특별시,11230,동대문구,11230710,회기동,1123010800,회기동,1123010800100330001,1,대지,33,1,서울특별시 동대문구 회기동 33-1,112303105002,서울특별시 동대문구 경희대로,20,,1123010800100030080010155,,서울특별시 동대문구 경희대로 20,130872,02453,,1,,127.052912724857,37.5933575520468
MA0101202409A0029526,디올,,I2,음식,I211,주점,I21104,요리 주점,I56219,기타 주점업,11,서울특별시,11230,동대문구,11230710,회기동,1123010800,회기동,1123010800100610010,1,대지,61,10,서울특별시 동대문구 회기동 61-10,112303105020,서울특별시 동대문구 회기로,164,,1123010800100610010011024,,서울특별시 동대문구 회기로 164,130872,02460,,1,,127.054201463761,37.5904737930029
MA0101202409A0155587,도모다찌,,I2,음식,I203,일식,I20301,일식 회/초밥,I56122,일식 음식점업,11,서울특별시,11230,동대문구,11230710,회기동,1123010800,회기동,1123010800100190000,1,대지,19,,서울특별시 동대문구 회기동 19,112304115022,서울특별시 동대문구 경희대로4길,15,,1123010800100190000041173,,서울특별시 동대문구 경희대로4길 15,130872,02453,,2,,127.053512228201,37.5924923296342
MA0101202410A0265010,한림원보습학원,,P1,교육,P105,일반 교육,P10501,입시·교과학원,P85501,일반 교과학원,11,서울특별시,11230,동대문구,11230710,회기동,1123010800,회기동,1123010800100650000,1,대지,65,,서울특별시 동대문구 회기동 65,112304115342,서울특별시 동대문구 이문로1길,21,,1123010800100650000010212,청량리신현대아파트,서울특별시 동대문구 이문로1길 21,130792,02461,,3,,127.051563078983,37.5901686377073
MA0101202410A0260999,꽃뜨락사이,,G2,소매,G219,식물 소매,G21901,꽃집,G47851,화초 및 식물 소매업,11,서울특별시,11230,동대문구,11230710,회기동,1123010800,회기동,1123010800103460021,1,대지,346,21,서울특별시 동대문구 회기동 346-21,112303105010,서울특별시 동대문구 이문로,31,1,1123010800103460021010840,,서울특별시 동대문구 이문로 31-1,130881,02452,,,,127.05601307141,37.5904549273678
MA0101202410A0261377,이지수학교습소,,P1,교육,P105,일반 교육,P10501,입시·교과학원,P85501,일반 교과학원,11,서울특별시,11230,동대문구,11230710,회기동,1123010800,회기동,1123010800100760007,1,대지,76,7,서울특별시 동대문구 회기동 76-7,112303105020,서울특별시 동대문구 회기로,168,,1123010800100610011011070,,서울특별시 동대문구 회기로 168,130872,02460,,,,127.054676935226,37.5903654546465
MA0101202410A1043640,파고다차이랑회기캠퍼스,,P1,교육,P105,일반 교육,P10501,입시·교과학원,P85501,일반 교과학원,11,서울특별시,11230,동대문구,11230710,회기동,1123010800,회기동,1123010800103460007,1,대지,346,7,서울특별시 동대문구 회기동 346-7,112303105010,서울특별시 동대문구 이문로,29,,1123010800103460007011069,,서울특별시 동대문구 이문로 29,130881,02452,,4,,127.055933711864,37.5903198161727
MA0101202410A0260507,피플앤플라워,,G2,소매,G219,식물 소매,G21901,꽃집,G47851,화초 및 식물 소매업,11,서울특별시,11230,동대문구,11230710,회기동,1123010800,회기동,1123010800100620003,1,대지,62,3,서울특별시 동대문구 회기동 62-3,112304115692,서울특별시 동대문구 회기로18길,50,,1123010800100610011011090,,서울특별시 동대문구 회기로18길 50,130872,02460,,1,,127.054473075605,37.5902934695275
MA0101202410A0266044,임치과의원,,Q1,보건의료,Q102,의원,Q10210,치과의원,Q86202,치과의원,11,서울특별시,11230,동대문구,11230710,회기동,1123010800,회기동,1123010800100770008,1,대지,77,8,서울특별시 동대문구 회기동 77-8,112303105010,서울특별시 동대문구 이문로,23,1,1123010800100770008011123,,서울특별시 동대문구 이문로 23-1,130872,02460,,3,,127.055333346781,37.5899597022523
MA0101202410A0262132,인산한의원,,Q1,보건의료,Q102,의원,Q10211,한의원,Q86203,한의원,11,서울특별시,11230,동대문구,11230710,회기동,1123010800,회기동,1123010800100450053,1,대지,45,53,서울특별시 동대문구 회기동 45-53,112303105020,서울특별시 동대문구 회기로,150,,1123010800100450104010346,인산한의원,서울특별시 동대문구 회기로 150,130872,02460,,1,,127.05291123219,37.5912492316543
MA0101202410A0260740,경희화원,,G2,소매,G219,식물 소매,G21901,꽃집,G47851,화초 및 식물 소매업,11,서울특별시,11230,동대문구,11230710,회기동,1123010800,회기동,1123010800100160042,1,대지,16,42,서울특별시 동대문구 회기동 16-42,112303105002,서울특별시 동대문구 경희대로,16,,1123010800100160042010447,,서울특별시 동대문구 경희대로 16,130872,02453,,,,127.052776491706,37.5928530576412
MA0101202410A0260406,전통무용연구소,,P1,교육,P106,기타 교육,P10613,기타 예술/스포츠 교육기관,P85629,기타 예술학원,11,서울특별시,11230,동대문구,11230710,회기동,1123010800,회기동,1123010800100760001,1,대지,76,1,서울특별시 동대문구 회기동 76-1,112303105020,서울특별시 동대문구 회기로,172,,1123010800100760001011098,,서울특별시 동대문구 회기로 172,130872,02460,,,,127.055073133836,37.5902391315429
MA0101202410A0914973,파르테,,G2,소매,G219,식물 소매,G21901,꽃집,G47851,화초 및 식물 소매업,11,서울특별시,11230,동대문구,11230710,회기동,1123010800,회기동,1123010800100160011,1,대지,16,11,서울특별시 동대문구 회기동 16-11,112304115695,서울특별시 동대문구 회기로21길,23,,1123010800100160011010538,,서울특별시 동대문구 회기로21길 23,130872,02453,,1,,127.053229186826,37.5925375072106
MA0101202410A0262525,오름학원,,P1,교육,P105,일반 교육,P10501,입시·교과학원,P85501,일반 교과학원,11,서울특별시,11230,동대문구,11230710,회기동,1123010800,회기동,1123010800100360025,1,대지,36,25,서울특별시 동대문구 회기동 36-25,112303105002,서울특별시 동대문구 경희대로,15,,1123010800100420001010423,,서울특별시 동대문구 경희대로 15,130872,02454,,3,,127.052380243777,37.5929343234167
MA0101202410A0262751,한미체육관태권도,,P1,교육,P106,기타 교육,P10601,태권도/무술학원,P85611,태권도 및 무술 교육기관,11,서울특별시,11230,동대문구,11230710,회기동,1123010800,회기동,1123010800100650073,1,대지,65,73,서울특별시 동대문구 회기동 65-73,112304115342,서울특별시 동대문구 이문로1길,25,,1123010800100650073011365,,서울특별시 동대문구 이문로1길 25,130872,02461,,2,,127.052853229463,37.5892850946048
MA0101202409A0247172,대나무숲izakaya경희대점,,I2,음식,I203,일식,I20301,일식 회/초밥,I56122,일식 음식점업,11,서울특별시,11230,동대문구,11230710,회기동,1123010800,회기동,1123010800100420046,1,대지,42,46,서울특별시 동대문구 회기동 42-46,112304115019,서울특별시 동대문구 경희대로1길,8,11,1123010800100420046011475,,서울특별시 동대문구 경희대로1길 8-11,130872,02454,,1,,127.051734302309,37.592168765213
MA0101202409A0154994,경희로또방,,R1,예술·스포츠,R104,유원지·오락,R10410,복권 발행/판매업,R91241,복권 발행 및 판매업,11,서울특별시,11230,동대문구,11230710,회기동,1123010800,회기동,1123010800103460020,1,대지,346,20,서울특별시 동대문구 회기동 346-20,112303105020,서울특별시 동대문구 회기로,171,,1123010800103460020010584,,서울특별시 동대문구 회기로 171,130881,02452,,,,127.055050701004,37.5905274595091
MA0101202409A0069293,리안헤어경희대점,,S2,수리·개인,S207,이용·미용,S20701,미용실,S96112,두발 미용업,11,서울특별시,11230,동대문구,11230710,회기동,1123010800,회기동,1123010800100160051,1,대지,16,51,서울특별시 동대문구 회기동 16-51,112303105002,서울특별시 동대문구 경희대로,8,,1123010800100160051010594,,서울특별시 동대문구 경희대로 8,130872,02453,,2,,127.052617538443,37.5922404541361
MA0101202409A0084838,호식이두마리치킨회기점,,I2,음식,I210,기타 간이,I21006,치킨,I56193,치킨 전문점,11,서울특별시,11230,동대문구,11230710,회기동,1123010800,회기동,1123010800103470004,1,대지,347,4,서울특별시 동대문구 회기동 347-4,112304115701,서울특별시 동대문구 회기로25길,16,,1123010800103470004010898,,서울특별시 동대문구 회기로25길 16,130881,02452,,1,,127.055254794952,37.5909147907644
MA0101202409A0096106,세븐일레븐경희대,4호점,G2,소매,G204,종합 소매,G20405,편의점,G47122,체인화 편의점,11,서울특별시,11230,동대문구,11230710,회기동,1123010800,회기동,1123010800100600058,1,대지,60,58,서울특별시 동대문구 회기동 60-58,112303105020,서울특별시 동대문구 회기로,129,,1123010800100600058000001,,서울특별시 동대문구 회기로 129,130872,02454,,1,,127.050941306982,37.5915924752561
MA0101202409A0235297,964커피앤브레드,,I2,음식,I212,비알코올 ,I21201,카페,I56191,제과점업,11,서울특별시,11230,동대문구,11230710,회기동,1123010800,회기동,1123010800100600145,1,대지,60,145,서울특별시 동대문구 회기동 60-145,112303105020,서울특별시 동대문구 회기로,112,,1123010800100600145010287,엠파이브,서울특별시 동대문구 회기로 112,130872,02457,,1,,127.048880356528,37.5912870094373
MA0101202409A0161838,조씨오리목,본점,I2,음식,I202,중식,I20201,중국집,I56121,중식 음식점업,11,서울특별시,11230,동대문구,11230710,회기동,1123010800,회기동,1123010800100200002,1,대지,20,2,서울특별시 동대문구 회기동 20-2,112304115695,서울특별시 동대문구 회기로21길,26,,1123010800100200002010494,,서울특별시 동대문구 회기로21길 26,130872,02453,,1,,127.053410418341,37.5926275245275
MA0101202411A0167441,프레퍼스다이어트푸드회기점,,I2,음식,I204,서양식,I20401,경양식,I56123,서양식 음식점업,11,서울특별시,11230,동대문구,11230710,회기동,1123010800,회기동,1123010800100160048,1,대지,16,48,서울특별시 동대문구 회기동 16-48,112304115022,서울특별시 동대문구 경희대로4길,2,,1123010800100160048010385,,서울특별시 동대문구 경희대로4길 2,130872,02453,,2,,127.052674330752,37.5924927065365
MA0101202411A0109749,탈안주,,I2,음식,I201,한식,I20101,백반/한정식,I56111,한식 일반 음식점업,11,서울특별시,11230,동대문구,11230710,회기동,1123010800,회기동,1123010800100160083,1,대지,16,83,서울특별시 동대문구 회기동 16-83,112304115695,서울특별시 동대문구 회기로21길,8,7,1123010800100160083010341,,서울특별시 동대문구 회기로21길 8-7,130872,02453,,,,127.053455033515,37.5916814628067
MA0101202410A0261861,8번가갤러리,,G2,소매,G218,장식품 소매,G21801,예술품 소매업,G47841,예술품 및 골동품 소매업,11,서울특별시,11230,동대문구,11230710,회기동,1123010800,회기동,1123010800100420139,1,대지,42,139,서울특별시 동대문구 회기동 42-139,112304115021,서울특별시 동대문구 경희대로3길,8,,1123010800100420139041594,,서울특별시 동대문구 경희대로3길 8,130872,02454,,,,127.052006509354,37.5928263696623
MA0101202410A0042182,사랑내과의원,,Q1,보건의료,Q102,의원,Q10201,내과/소아과 의원,Q86201,일반의원,11,서울특별시,11230,동대문구,11230710,회기동,1123010800,회기동,1123010800103460001,1,대지,346,1,서울특별시 동대문구 회기동 346-1,112303105020,서울특별시 동대문구 회기로,173,,1123010800103460001010200,,서울특별시 동대문구 회기로 173,130881,02452,,2,,127.055503599927,37.5905182374889
MA0101202410A0670148,회기센트럴이비인후과의원,,Q1,보건의료,Q102,의원,Q10206,이비인후과 의원,Q86201,일반의원,11,서울특별시,11230,동대문구,11230710,회기동,1123010800,회기동,1123010800103460018,1,대지,346,18,서울특별시 동대문구 회기동 346-18,112303105010,서울특별시 동대문구 이문로,37,,1123010800103460018000124,베라체캠퍼스,서울특별시 동대문구 이문로 37,130881,02452,,1,,127.056036013894,37.590851353023
MA0101202412A0080057,주향포차,,I2,음식,I201,한식,I20101,백반/한정식,I56111,한식 일반 음식점업,11,서울특별시,11230,동대문구,11230710,회기동,1123010800,회기동,1123010800100160013,1,대지,16,13,서울특별시 동대문구 회기동 16-13,112304115022,서울특별시 동대문구 경희대로4길,8,,1123010800100160013010570,,서울특별시 동대문구 경희대로4길 8,130872,02453,,1,,127.053149849317,37.5924294239374
MA0101202411A0065224,와이케이제이,,M1,과학·기술,M107,본사·경영 컨설팅,M10703,경영 컨설팅업,M71531,경영 컨설팅업,11,서울특별시,11230,동대문구,11230710,회기동,1123010800,회기동,1123010800101020050,1,대지,102,50,서울특별시 동대문구 회기동 102-50,112304115687,서울특별시 동대문구 회기로12나길,29,,1123010800101020050041191,,서울특별시 동대문구 회기로12나길 29,130873,02458,,,,127.048551200591,37.5900617959356
MA0101202411A0016573,요거트가족경희대점,,I2,음식,I212,비알코올 ,I21201,카페,I56221,커피 전문점,11,서울특별시,11230,동대문구,11230710,회기동,1123010800,회기동,1123010800100610018,1,대지,61,18,서울특별시 동대문구 회기동 61-18,112303105020,서울특별시 동대문구 회기로,160,,1123010800100610018010959,요거트가족,서울특별시 동대문구 회기로 160,130872,02460,,1,,127.053646835846,37.5907263241908
MA0101202412A0012449,유신고시원,,R1,예술·스포츠,R102,도서관·사적지,R10202,독서실/스터디 카페,R90212,독서실 운영업,11,서울특별시,11230,동대문구,11230710,회기동,1123010800,회기동,1123010800100760005,1,대지,76,5,서울특별시 동대문구 회기동 76-5,112304115702,서울특별시 동대문구 회기로26길,5,,1123010800100760005011094,,서울특별시 동대문구 회기로26길 5,130872,02460,,,,127.054688165546,37.5902393105349
MA0101202411A0038313,삼청당경희대점,,I2,음식,I210,기타 간이,I21007,김밥/만두/분식,I56111,한식 일반 음식점업,11,서울특별시,11230,동대문구,11230710,회기동,1123010800,회기동,1123010800100080005,1,대지,8,5,서울특별시 동대문구 회기동 8-5,112304115022,서울특별시 동대문구 경희대로4길,22,,1123010800100080005010388,,서울특별시 동대문구 경희대로4길 22,130872,02453,,1,,127.05370449802,37.5921859050632
MA0101202411A0029913,육채미경희대점,,I2,음식,I201,한식,I20101,백반/한정식,I56111,한식 일반 음식점업,11,서울특별시,11230,동대문구,11230710,회기동,1123010800,회기동,1123010800100600063,1,대지,60,63,서울특별시 동대문구 회기동 60-63,112304115689,서울특별시 동대문구 회기로13길,14,,1123010800100600063010611,유엠제이빌딩,서울특별시 동대문구 회기로13길 14,130872,02454,,1,,127.05108884216,37.5920879570815
MA0101202411A0076076,쓰촨거리,,I2,음식,I202,중식,I20201,중국집,I56121,중식 음식점업,11,서울특별시,11230,동대문구,11230710,회기동,1123010800,회기동,1123010800100420010,1,대지,42,10,서울특별시 동대문구 회기동 42-10,112304115018,서울특별시 동대문구 경희대로1가길,32,,1123010800100420010010396,회기빌딩,서울특별시 동대문구 경희대로1가길 32,130872,02454,,2,,127.051746211608,37.5930156923473
MA0101202411A0129192,제로스토어회기역점,,G2,소매,G204,종합 소매,G20404,슈퍼마켓,G47129,기타 음ㆍ식료품 위주 종합 소매업,11,서울특별시,11230,동대문구,11230710,회기동,1123010800,회기동,1123010800103460021,1,대지,346,21,서울특별시 동대문구 회기동 346-21,112303105010,서울특별시 동대문구 이문로,31,1,1123010800103460021010840,제로스토어,서울특별시 동대문구 이문로 31-1,130881,02452,,1,,127.05601307141,37.5904549273678
MA0101202411A0125690,마장동고기집회기역점,,I2,음식,I201,한식,I20107,돼지고기 구이/찜,I56111,한식 일반 음식점업,11,서울특별시,11230,동대문구,11230710,회기동,1123010800,회기동,1123010800100800001,1,대지,80,1,서울특별시 동대문구 회기동 80-1,112303105010,서울특별시 동대문구 이문로,25,,1123010800100800001041189,회기동근린생활시설,서울특별시 동대문구 이문로 25,130872,02460,,2,,127.055457941676,37.5900227132356
MA0101202411A0082241,약국,경희정문,G2,소매,G215,의약·화장품 소매,G21501,약국,G47811,의약품 및 의료용품 소매업,11,서울특별시,11230,동대문구,11230710,회기동,1123010800,회기동,1123010800100360007,1,대지,36,7,서울특별시 동대문구 회기동 36-7,112303105002,서울특별시 동대문구 경희대로,22,1,1123010800100360007010167,,서울특별시 동대문구 경희대로 22-1,130872,02453,,1,,127.052878876777,37.5935287556449
MA0101202411A0083701,에듀온,,P1,교육,P107,교육 지원,P10701,교육컨설팅업,P85701,교육관련 자문 및 평가업,11,서울특별시,11230,동대문구,11230710,회기동,1123010800,회기동,1123010800100600113,1,대지,60,113,서울특별시 동대문구 회기동 60-113,112303105020,서울특별시 동대문구 회기로,111,,1123010800100600113010615,회기동빌딩,서울특별시 동대문구 회기로 111,130872,02455,,,,127.048812661253,37.591656444192
MA0101202411A0139666,샤브로21경희대,,I2,음식,I201,한식,I20101,백반/한정식,I56111,한식 일반 음식점업,11,서울특별시,11230,동대문구,11230710,회기동,1123010800,회기동,1123010800100450078,1,대지,45,78,서울특별시 동대문구 회기동 45-78,112303105020,서울특별시 동대문구 회기로,149,3,1123010800100450078010750,,서울특별시 동대문구 회기로 149-3,130872,02453,,1,,127.053251100862,37.5915103665051
MA0101202411A0066684,보드게임카페홈즈앤루팡경희대점,,R1,예술·스포츠,R104,유원지·오락,R10405,기타 오락장,R91229,기타 오락장 운영업,11,서울특별시,11230,동대문구,11230710,회기동,1123010800,회기동,1123010800100390003,1,대지,39,3,서울특별시 동대문구 회기동 39-3,112303105002,서울특별시 동대문구 경희대로,19,,1123010800100390003010328,,서울특별시 동대문구 경희대로 19,130872,02454,,3,,127.052448516941,37.5934118187397
MA0101202411A0083133,마장동고기집경희대점,,I2,음식,I201,한식,I20107,돼지고기 구이/찜,I56111,한식 일반 음식점업,11,서울특별시,11230,동대문구,11230710,회기동,1123010800,회기동,1123010800100800001,1,대지,80,1,서울특별시 동대문구 회기동 80-1,112303105010,서울특별시 동대문구 이문로,25,,1123010800100800001041189,,서울특별시 동대문구 이문로 25,130872,02460,,,,127.055457941676,37.5900227132356
MA0101202410A0010316,경희믿음한의원,,Q1,보건의료,Q102,의원,Q10211,한의원,Q86203,한의원,11,서울특별시,11230,동대문구,11230710,회기동,1123010800,회기동,1123010800103470000,1,대지,347,,서울특별시 동대문구 회기동 347,112303105020,서울특별시 동대문구 회기로,171,1,1123010800103470000010937,,서울특별시 동대문구 회기로 171-1,130881,02452,,2,,127.055243172572,37.590509349741
MA0101202410A0264999,백마독서실,,R1,예술·스포츠,R102,도서관·사적지,R10202,독서실/스터디 카페,R90212,독서실 운영업,11,서울특별시,11230,동대문구,11230710,회기동,1123010800,회기동,1123010800100030274,1,대지,3,274,서울특별시 동대문구 회기동 3-274,112304115023,서울특별시 동대문구 경희대로6길,7,29,1123010800100030274010277,,서울특별시 동대문구 경희대로6길 7-29,130872,02453,,,,127.053535835764,37.5938347966703
MA0101202410A0261262,지해수학교습소,,P1,교육,P105,일반 교육,P10501,입시·교과학원,P85501,일반 교과학원,11,서울특별시,11230,동대문구,11230710,회기동,1123010800,회기동,1123010800103460015,1,대지,346,15,서울특별시 동대문구 회기동 346-15,112304115022,서울특별시 동대문구 경희대로4길,74,,1123010800103460015010759,,서울특별시 동대문구 경희대로4길 74,130881,02452,,3,,127.056364602906,37.5911575338814
MA0101202410A0260724,아람플라워샵,,G2,소매,G219,식물 소매,G21901,꽃집,G47851,화초 및 식물 소매업,11,서울특별시,11230,동대문구,11230710,회기동,1123010800,회기동,1123010800100600125,1,대지,60,125,서울특별시 동대문구 회기동 60-125,112303105020,서울특별시 동대문구 회기로,122,,1123010800100600125010699,,서울특별시 동대문구 회기로 122,130872,02459,,,,127.050035301814,37.5913225651818
MA0101202410A0262623,김나음스튜디오미술교습소,,P1,교육,P106,기타 교육,P10611,미술학원,P85621,음악학원,11,서울특별시,11230,동대문구,11230710,회기동,1123010800,회기동,1123010800100450060,1,대지,45,60,서울특별시 동대문구 회기동 45-60,112303105020,서울특별시 동대문구 회기로,157,,1123010800100450060011348,,서울특별시 동대문구 회기로 157,130872,02453,,3,,127.053726314751,37.5910326253621
MA0101202504A0031331,비비드홀덤,,R1,예술·스포츠,R104,유원지·오락,R10405,기타 오락장,R91229,기타 오락장 운영업,11,서울특별시,11230,동대문구,11230710,회기동,1123010800,회기동,1123010800100420006,1,대지,42,6,서울특별시 동대문구 회기동 42-6,112304115021,서울특별시 동대문구 경희대로3길,6,,1123010800100420006010456,,서울특별시 동대문구 경희대로3길 6,130872,02454,,3,,127.052176335321,37.5927992649576
MA0101202505A0075953,인사이트숲,,M1,과학·기술,M105,광고,M10501,광고 대행업,M71310,광고 대행업,11,서울특별시,11230,동대문구,11230710,회기동,1123010800,회기동,1123010800100010005,1,대지,1,5,서울특별시 동대문구 회기동 1-5,112303105002,서울특별시 동대문구 경희대로,26,,1123010800100010003041260,,서울특별시 동대문구 경희대로 26,130701,02447,,,,127.054883375636,37.593951306684
MA0101202504A0095632,노모어피자경희대점,,I2,음식,I210,기타 간이,I21003,피자,I56192,피자; 햄버거; 샌드위치 및 유사 음식점업,11,서울특별시,11230,동대문구,11230710,회기동,1123010800,회기동,1123010800100450054,1,대지,45,54,서울특별시 동대문구 회기동 45-54,112303105020,서울특별시 동대문구 회기로,148,,1123010800100450054010288,,서울특별시 동대문구 회기로 148,130872,02459,,1,,127.052718840768,37.5913844665499
MA0101202505A0031455,경희탑25중국식품,,G2,소매,G204,종합 소매,G20404,슈퍼마켓,G47129,기타 음ㆍ식료품 위주 종합 소매업,11,서울특별시,11230,동대문구,11230710,회기동,1123010800,회기동,1123010800100130001,1,대지,13,1,서울특별시 동대문구 회기동 13-1,112304115022,서울특별시 동대문구 경희대로4길,18,,1123010800100130001010504,,서울특별시 동대문구 경희대로4길 18,130872,02453,,1,,127.053500763364,37.5922941166155
MA0101202502A0021763,홍,코리아,M1,과학·기술,M115,기타 전문 과학,M11502,번역/통역 서비스업,M73902,번역 및 통역 서비스업,11,서울특별시,11230,동대문구,11230710,회기동,1123010800,회기동,1123010800101030063,1,대지,103,63,서울특별시 동대문구 회기동 103-63,112304115690,서울특별시 동대문구 회기로14길,10,,1123010800101030063010693,,서울특별시 동대문구 회기로14길 10,130873,02459,,,,127.050623823002,37.5909348876358
MA0101202502A0006846,오프유에스테틱,,S2,수리·개인,S207,이용·미용,S20702,피부 관리실,S96113,피부 미용업,11,서울특별시,11230,동대문구,11230710,회기동,1123010800,회기동,1123010800100650072,1,대지,65,72,서울특별시 동대문구 회기동 65-72,112304115342,서울특별시 동대문구 이문로1길,27,,1123010800100650072011225,카이벨로체,서울특별시 동대문구 이문로1길 27,130872,02461,,1,,127.052977853076,37.5893931578192
MA0101202502A0051693,봉구스밥버거경희대점,,I2,음식,I210,기타 간이,I21007,김밥/만두/분식,I56111,한식 일반 음식점업,11,서울특별시,11230,동대문구,11230710,회기동,1123010800,회기동,1123010800100160073,1,대지,16,73,서울특별시 동대문구 회기동 16-73,112303105002,서울특별시 동대문구 경희대로,9,,1123010800100160073010552,,서울특별시 동대문구 경희대로 9,130872,02454,,1,,127.052255312725,37.5923937836802
MA0101202501A0027961,밤길,,I2,음식,I201,한식,I20101,백반/한정식,I56111,한식 일반 음식점업,11,서울특별시,11230,동대문구,11230710,회기동,1123010800,회기동,1123010800100160097,1,대지,16,97,서울특별시 동대문구 회기동 16-97,112304115693,서울특별시 동대문구 회기로19길,10,,1123010800100160097010222,,서울특별시 동대문구 회기로19길 10,130872,02453,,1,,127.05294567915,37.5919249602198
MA0101202502A0023423,핏레이즈,,R1,예술·스포츠,R103,스포츠 서비스,R10307,헬스장,R91132,체력 단련시설 운영업,11,서울특별시,11230,동대문구,11230710,회기동,1123010800,회기동,1123010800100450070,1,대지,45,70,서울특별시 동대문구 회기동 45-70,112303105020,서울특별시 동대문구 회기로,153,,1123010800100450070010776,,서울특별시 동대문구 회기로 153,130872,02453,,1,,127.053477363248,37.5912399665955
MA0101202501A0031051,별밤,,I2,음식,I205,동남아시아,I20501,베트남식 전문,I56129,기타 외국식 음식점업,11,서울특별시,11230,동대문구,11230710,회기동,1123010800,회기동,1123010800100600190,1,대지,60,190,서울특별시 동대문구 회기동 60-190,112303105020,서울특별시 동대문구 회기로,160,2,1123010800100600190010925,,서울특별시 동대문구 회기로 160-2,130872,02460,,1,,127.053816598057,37.5906181278532
MA0101202501A0055095,에이스퀸즈,,P1,교육,P107,교육 지원,P10799,기타 교육지원 서비스업,P85709,기타 교육지원 서비스업,11,서울특별시,11230,동대문구,11230710,회기동,1123010800,회기동,1123010800100360003,1,대지,36,3,서울특별시 동대문구 회기동 36-3,112303105002,서울특별시 동대문구 경희대로,24,,1123010800100360003041252,온어스경희대점경희대학교,서울특별시 동대문구 경희대로 24,130872,02453,,1,,127.052856338918,37.5936819343302
MA0101202502A0015702,김기룽쟝족발덮밥,,I2,음식,I202,중식,I20201,중국집,I56121,중식 음식점업,11,서울특별시,11230,동대문구,11230710,회기동,1123010800,회기동,1123010800100600054,1,대지,60,54,서울특별시 동대문구 회기동 60-54,112303105020,서울특별시 동대문구 회기로,131,,1123010800100600054010740,,서울특별시 동대문구 회기로 131,130872,02454,,1,,127.051156421729,37.5915653524593
MA0101202502A0075272,살롱드리본,,S2,수리·개인,S207,이용·미용,S20701,미용실,S96112,두발 미용업,11,서울특별시,11230,동대문구,11230710,회기동,1123010800,회기동,1123010800100160053,1,대지,16,53,서울특별시 동대문구 회기동 16-53,112303105002,서울특별시 동대문구 경희대로,6,,1123010800100160053010623,,서울특별시 동대문구 경희대로 6,130872,02453,,2,,127.052583455634,37.5920782907775
MA0101202501A0049079,석사부동산공인중개사사무소,,L1,부동산,L102,부동산 서비스,L10203,부동산 중개/대리업,L68221,부동산 중개 및 대리업,11,서울특별시,11230,동대문구,11230710,회기동,1123010800,회기동,1123010800100030037,1,대지,3,37,서울특별시 동대문구 회기동 3-37,112304115022,서울특별시 동대문구 경희대로4길,29,,1123010800100030037011485,,서울특별시 동대문구 경희대로4길 29,130872,02453,,1,,127.054112102557,37.5921586891432
MA0101202501A0043398,제제집경희대점,,I2,음식,I201,한식,I20101,백반/한정식,I56111,한식 일반 음식점업,11,서울특별시,11230,동대문구,11230710,회기동,1123010800,회기동,1123010800100390003,1,대지,39,3,서울특별시 동대문구 회기동 39-3,112303105002,서울특별시 동대문구 경희대로,19,,1123010800100390003010328,,서울특별시 동대문구 경희대로 19,130872,02454,,,,127.052448516941,37.5934118187397
MA0101202501A0014374,텐동토리텐,,I2,음식,I203,일식,I20301,일식 회/초밥,I56122,일식 음식점업,11,서울특별시,11230,동대문구,11230710,회기동,1123010800,회기동,1123010800100570022,1,대지,57,22,서울특별시 동대문구 회기동 57-22,112304115701,서울특별시 동대문구 회기로25길,11,,1123010800100570022010861,,서울특별시 동대문구 회기로25길 11,130872,02452,,1,,127.054983089944,37.5909689771701
MA0101202501A0014359,아이엠피아노음악교습소,,P1,교육,P106,기타 교육,P10609,음악학원,P85621,음악학원,11,서울특별시,11230,동대문구,11230710,회기동,1123010800,회기동,1123010800100650000,1,대지,65,,서울특별시 동대문구 회기동 65,112304115342,서울특별시 동대문구 이문로1길,21,,1123010800100650000010212,청량리신현대아파트,서울특별시 동대문구 이문로1길 21,130792,02461,,2,,127.051563078983,37.5901686377073
MA0101202501A0038143,호운래카오위,,I2,음식,I202,중식,I20201,중국집,I56121,중식 음식점업,11,서울특별시,11230,동대문구,11230710,회기동,1123010800,회기동,1123010800100450091,1,대지,45,91,서울특별시 동대문구 회기동 45-91,112304115697,서울특별시 동대문구 회기로23길,9,,1123010800100450091010709,,서울특별시 동대문구 회기로23길 9,130872,02453,,1,,127.053986932493,37.5913028040702
MA0101202501A0059736,블루스푼요거트경희대점,,I2,음식,I210,기타 간이,I21099,그 외 기타 간이 음식점,I56199,간이 음식 포장 판매 전문점,11,서울특별시,11230,동대문구,11230710,회기동,1123010800,회기동,1123010800100420046,1,대지,42,46,서울특별시 동대문구 회기동 42-46,112304115019,서울특별시 동대문구 경희대로1길,8,11,1123010800100420046011475,,서울특별시 동대문구 경희대로1길 8-11,130872,02454,,6,,127.051734302309,37.592168765213
MA0101202501A0022545,코드사이언스,,P1,교육,P105,일반 교육,P10501,입시·교과학원,P85501,일반 교과학원,11,서울특별시,11230,동대문구,11230710,회기동,1123010800,회기동,1123010800101090088,1,대지,109,88,서울특별시 동대문구 회기동 109-88,112304115021,서울특별시 동대문구 경희대로3길,35,,1123010800101090088011497,,서울특별시 동대문구 경희대로3길 35,130873,02454,,,,127.050376114263,37.5929982652215
MA0101202504A0097277,제이앤케이에프앤씨,,I2,음식,I201,한식,I20101,백반/한정식,I56111,한식 일반 음식점업,11,서울특별시,11230,동대문구,11230710,회기동,1123010800,회기동,1123010800100160069,1,대지,16,69,서울특별시 동대문구 회기동 16-69,112303105002,서울특별시 동대문구 경희대로,5,,1123010800100160069010622,,서울특별시 동대문구 경희대로 5,130872,02454,,2,,127.052153180064,37.5920694717607
MA0101202504A0081835,메가엠지씨커피경희대점,,I2,음식,I212,비알코올 ,I21201,카페,I56221,커피 전문점,11,서울특별시,11230,동대문구,11230710,회기동,1123010800,회기동,1123010800100310001,1,대지,31,1,서울특별시 동대문구 회기동 31-1,112303105002,서울특별시 동대문구 경희대로,18,,1123010800100310001010253,,서울특별시 동대문구 경희대로 18,130872,02453,,1,,127.052855848242,37.5929881709032
MA0101202504A0078925,고양이를따라와,,I2,음식,I210,기타 간이,I21007,김밥/만두/분식,I56194,김밥 및 기타 간이 음식점업,11,서울특별시,11230,동대문구,11230710,회기동,1123010800,회기동,1123010800100600092,1,대지,60,92,서울특별시 동대문구 회기동 60-92,112303105020,서울특별시 동대문구 회기로,127,,1123010800100600092011434,우측호,서울특별시 동대문구 회기로 127,130872,02454,,1,,127.050726185965,37.5916105877432
MA0101202502A0055846,브이씨필라테스,,P1,교육,P106,기타 교육,P10603,요가/필라테스 학원,P85612,기타 스포츠 교육기관,11,서울특별시,11230,동대문구,11230710,회기동,1123010800,회기동,1123010800100160068,1,대지,16,68,서울특별시 동대문구 회기동 16-68,112303105002,서울특별시 동대문구 경희대로,3,1,1123010800100160068010640,,서울특별시 동대문구 경희대로 3-1,130872,02454,,3,,127.052153123477,37.5919883825101
MA0101202502A0058754,호랑이도삭면,,I2,음식,I202,중식,I20201,중국집,I56121,중식 음식점업,11,서울특별시,11230,동대문구,11230710,회기동,1123010800,회기동,1123010800100160013,1,대지,16,13,서울특별시 동대문구 회기동 16-13,112304115022,서울특별시 동대문구 경희대로4길,8,,1123010800100160013010570,,서울특별시 동대문구 경희대로4길 8,130872,02453,,1,,127.053149849317,37.5924294239374
MA0101202502A0059174,힌츠,,M1,과학·기술,M107,본사·경영 컨설팅,M10703,경영 컨설팅업,M71531,경영 컨설팅업,11,서울특별시,11230,동대문구,11230710,회기동,1123010800,회기동,1123010800100600113,1,대지,60,113,서울특별시 동대문구 회기동 60-113,112303105020,서울특별시 동대문구 회기로,111,,1123010800100600113010615,회기동빌딩,서울특별시 동대문구 회기로 111,130872,02455,,,,127.048846641468,37.591674449975
MA0101202502A0097301,새마당회,,I2,음식,I203,일식,I20301,일식 회/초밥,I56122,일식 음식점업,11,서울특별시,11230,동대문구,11230710,회기동,1123010800,회기동,1123010800100160085,1,대지,16,85,서울특별시 동대문구 회기동 16-85,112304115695,서울특별시 동대문구 회기로21길,8,5,1123010800100160085010238,,서울특별시 동대문구 회기로21길 8-5,130872,02453,,1,,127.053353179631,37.59175358825
MA0101202502A0040397,예술의악당음악학원,,P1,교육,P106,기타 교육,P10609,음악학원,P85501,일반 교과학원,11,서울특별시,11230,동대문구,11230710,회기동,1123010800,회기동,1123010800100650091,1,대지,65,91,서울특별시 동대문구 회기동 65-91,112304115342,서울특별시 동대문구 이문로1길,16,3,1123010800100650091011298,,서울특별시 동대문구 이문로1길 16-3,130872,02461,,2,,127.053124833844,37.5890957642751
MA0103202502C0055288,미드썸머,,I2,음식,I201,한식,I20101,백반/한정식,I56111,한식 일반 음식점업,11,서울특별시,11230,동대문구,11230710,회기동,1123010800,회기동,1123010800100600097,1,대지,60,97,서울특별시 동대문구 회기동 60-97,112303105020,서울특별시 동대문구 회기로,123,,1123010800100600097010577,,서울특별시 동대문구 회기로 123,130872,02454,,1,,127.050352545529,37.5916287675683
MA0101202502A0062698,인피니티크루,,R1,예술·스포츠,R102,도서관·사적지,R10202,독서실/스터디 카페,R90212,독서실 운영업,11,서울특별시,11230,동대문구,11230710,회기동,1123010800,회기동,1123010800100250000,1,대지,25,,서울특별시 동대문구 회기동 25,112304115695,서울특별시 동대문구 회기로21길,34,,1123010800100250000010426,,서울특별시 동대문구 회기로21길 34,130872,02453,,지,,127.053127536518,37.5928979497451
MA0101202502A0071655,완밍테크놀리지유한책임회사,코리아,P1,교육,P107,교육 지원,P10799,기타 교육지원 서비스업,P85709,기타 교육지원 서비스업,11,서울특별시,11230,동대문구,11230710,회기동,1123010800,회기동,1123010800100600143,1,대지,60,143,서울특별시 동대문구 회기동 60-143,112303105020,서울특별시 동대문구 회기로,114,,1123010800100600143010777,건일오피스텔,서울특별시 동대문구 회기로 114,130872,02457,,1,,127.049140845093,37.5913860104035
MA0101202502A0003314,조씨야보마라탕경희대점,,I2,음식,I202,중식,I20202,마라탕/훠궈,I56121,중식 음식점업,11,서울특별시,11230,동대문구,11230710,회기동,1123010800,회기동,1123010800100160068,1,대지,16,68,서울특별시 동대문구 회기동 16-68,112303105002,서울특별시 동대문구 경희대로,3,1,1123010800100160068010640,,서울특별시 동대문구 경희대로 3-1,130872,02454,,2,,127.052153123477,37.5919883825101
MA0101202502A0034644,88경희대점,,I2,음식,I201,한식,I20101,백반/한정식,I56111,한식 일반 음식점업,11,서울특별시,11230,동대문구,11230710,회기동,1123010800,회기동,1123010800100190000,1,대지,19,,서울특별시 동대문구 회기동 19,112304115022,서울특별시 동대문구 경희대로4길,15,,1123010800100190000041173,경희대점,서울특별시 동대문구 경희대로4길 15,130872,02453,,1,,127.053512228201,37.5924923296342
MA0101202502A0102398,반디인하우스네일앤큐릭스회기점,,S2,수리·개인,S207,이용·미용,S20703,네일숍,S96113,피부 미용업,11,서울특별시,11230,동대문구,11230710,회기동,1123010800,회기동,1123010800100010000,1,대지,1,,서울특별시 동대문구 회기동 1,112303105002,서울특별시 동대문구 경희대로,23,,1123010800100010005041218,경희의료원,서울특별시 동대문구 경희대로 23,130702,02447,,1,,127.050738976836,37.593772962698
MA0101202502A0118752,봄의정원회기점,,I2,음식,I204,서양식,I20401,경양식,I56123,서양식 음식점업,11,서울특별시,11230,동대문구,11230710,회기동,1123010800,회기동,1123010800100600099,1,대지,60,99,서울특별시 동대문구 회기동 60-99,112304115019,서울특별시 동대문구 경희대로1길,35,,1123010800100600099010234,,서울특별시 동대문구 경희대로1길 35,130872,02454,,1,,127.050273388903,37.5917819699509
MA0101202412A0043116,에이바우트경희대점,,I2,음식,I212,비알코올 ,I21201,카페,I56221,커피 전문점,11,서울특별시,11230,동대문구,11230710,회기동,1123010800,회기동,1123010800100420021,1,대지,42,21,서울특별시 동대문구 회기동 42-21,112304115021,서울특별시 동대문구 경희대로3길,28,,1123010800100420021011489,,서울특별시 동대문구 경희대로3길 28,130872,02454,,1,,127.050987557102,37.5929980026736
MA0101202412A0057877,한잔카페,,I2,음식,I212,비알코올 ,I21201,카페,I56221,커피 전문점,11,서울특별시,11230,동대문구,11230710,회기동,1123010800,회기동,1123010800100760001,1,대지,76,1,서울특별시 동대문구 회기동 76-1,112303105020,서울특별시 동대문구 회기로,172,,1123010800100760001011098,,서울특별시 동대문구 회기로 172,130872,02460,,지,,127.055073133836,37.5902391315429
MA0101202412A0059238,정성국제,,I2,음식,I202,중식,I20201,중국집,I56121,중식 음식점업,11,서울특별시,11230,동대문구,11230710,회기동,1123010800,회기동,1123010800100160001,1,대지,16,1,서울특별시 동대문구 회기동 16-1,112304115695,서울특별시 동대문구 회기로21길,29,,1123010800100160001010229,,서울특별시 동대문구 회기로21길 29,130872,02453,,지,,127.053150047955,37.5927087313262
MA0106202506A2164850,노모어피자 경희대점,,I2,음식,I210,기타 간이,I21003,피자,I56192,피자; 햄버거; 샌드위치 및 유사 음식점업,11,서울특별시,11230,동대문구,11230710,회기동,1123010800,회기동,1123010800100450054,1,대지,45,54,서울특별시 동대문구 회기동 45-54,112303105020,서울특별시 동대문구 회기로,148,,1123010800100450054010288,,서울특별시 동대문구 회기로 148,130872,02459,,,,127.052718840768,37.5913844665499
MA0106202205A0546956,이마트24경희대도서관점,,G2,소매,G204,종합 소매,G20405,편의점,G47121,슈퍼마켓,11,서울특별시,11230,동대문구,11230710,회기동,1123010800,회기동,1123010800100010005,1,대지,1,5,서울특별시 동대문구 회기동 1-5,112303105002,서울특별시 동대문구 경희대로,26,6,1123010800100010005041290,,서울특별시 동대문구 경희대로 26-6,130701,02453,,,,127.053218717214,37.5937358309964
MA0106202205A0546957,이마트24경희대의과대점,,G2,소매,G204,종합 소매,G20405,편의점,G47121,슈퍼마켓,11,서울특별시,11230,동대문구,11230710,회기동,1123010800,회기동,1123010800100010005,1,대지,1,5,서울특별시 동대문구 회기동 1-5,112303105002,서울특별시 동대문구 경희대로,26,6,1123010800100010005041290,,서울특별시 동대문구 경희대로 26-6,130701,02453,,,,127.053218717214,37.5937358309964
MA0106202404A1084855,냠냠중국요리,,I2,음식,I202,중식,I20201,중국집,I56121,중식 음식점업,11,서울특별시,11230,동대문구,11230710,회기동,1123010800,회기동,1123010800100420098,1,대지,42,98,서울특별시 동대문구 회기동 42-98,112304115019,서울특별시 동대문구 경희대로1길,3,,1123010800100420098010733,,서울특별시 동대문구 경희대로1길 3,130872,02454,,,,127.051926390791,37.5915920459995
MA0106202205A0546965,이마트24경희대한의대점,,G2,소매,G204,종합 소매,G20405,편의점,G47121,슈퍼마켓,11,서울특별시,11230,동대문구,11230710,회기동,1123010800,회기동,1123010800100010005,1,대지,1,5,서울특별시 동대문구 회기동 1-5,112303105002,서울특별시 동대문구 경희대로,26,6,1123010800100010005041290,,서울특별시 동대문구 경희대로 26-6,130701,02453,,,,127.053218717214,37.5937358309964
MA0106202208A0543301,경희대학교소비자생화협동조합,,G2,소매,G204,종합 소매,G20404,슈퍼마켓,G47121,슈퍼마켓,11,서울특별시,11230,동대문구,11230710,회기동,1123010800,회기동,1123010800100010005,1,대지,1,5,서울특별시 동대문구 회기동 1-5,112303105002,서울특별시 동대문구 경희대로,26,6,1123010800100010005041290,,서울특별시 동대문구 경희대로 26-6,130701,02453,,,,127.053218717214,37.5937358309964
MA0106202205A0546958,이마트24경희대경,영대점,G2,소매,G204,종합 소매,G20405,편의점,G47121,슈퍼마켓,11,서울특별시,11230,동대문구,11230710,회기동,1123010800,회기동,1123010800100010005,1,대지,1,5,서울특별시 동대문구 회기동 1-5,112303105002,서울특별시 동대문구 경희대로,26,6,1123010800100010005041290,,서울특별시 동대문구 경희대로 26-6,130701,02453,,,,127.053218717214,37.5937358309964
MA0106202506A1081877,식객도시락,,I2,음식,I201,한식,I20101,백반/한정식,I56111,한식 일반 음식점업,11,서울특별시,11230,동대문구,11230710,회기동,1123010800,회기동,1123010800100420070,1,대지,42,70,서울특별시 동대문구 회기동 42-70,112304115021,서울특별시 동대문구 경희대로3길,17,,1123010800100420070010482,,서울특별시 동대문구 경희대로3길 17,130872,02454,,,,127.051440266863,37.5926914690215
MA0106202205A0546961,이마트24경희대의과대위성점,,G2,소매,G204,종합 소매,G20405,편의점,G47121,슈퍼마켓,11,서울특별시,11230,동대문구,11230710,회기동,1123010800,회기동,1123010800100010005,1,대지,1,5,서울특별시 동대문구 회기동 1-5,112303105002,서울특별시 동대문구 경희대로,26,6,1123010800100010005041290,,서울특별시 동대문구 경희대로 26-6,130701,02453,,,,127.053218717214,37.5937358309964
MA0106202201A0153204,커피빈경희대점,코리아,I2,음식,I212,비알코올 ,I21201,카페,I56221,커피 전문점,11,서울특별시,11230,동대문구,11230710,회기동,1123010800,회기동,1123010800100160049,1,대지,16,49,서울특별시 동대문구 회기동 16-49,112303105002,서울특별시 동대문구 경희대로,10,,1123010800100160049010549,,서울특별시 동대문구 경희대로 10,130872,02453,,,,127.052662944324,37.5924026124288
MA0106202201A2215487,씨제이올리브영경희대점,,G2,소매,G204,종합 소매,G20404,슈퍼마켓,G47121,슈퍼마켓,11,서울특별시,11230,동대문구,11230710,회기동,1123010800,회기동,1123010800100160056,1,대지,16,56,서울특별시 동대문구 회기동 16-56,112303105002,서울특별시 동대문구 경희대로,2,,1123010800100160056010659,,서울특별시 동대문구 경희대로 2,130872,02453,,,,127.052560626125,37.5918170132766
MA0106202201A0422225,달콤커피경희의료원본관점,,I2,음식,I212,비알코올 ,I21201,카페,I56221,커피 전문점,11,서울특별시,11230,동대문구,11230710,회기동,1123010800,회기동,1123010800100010005,1,대지,1,5,서울특별시 동대문구 회기동 1-5,112303105002,서울특별시 동대문구 경희대로,23,,1123010800100010005041218,,서울특별시 동대문구 경희대로 23,130701,02447,,,,127.050738976836,37.593772962698
MA0106202201A2364656,경희대삼거리,,I2,음식,I212,비알코올 ,I21201,카페,I56221,커피 전문점,11,서울특별시,11230,동대문구,11230710,회기동,1123010800,회기동,1123010800100600040,1,대지,60,40,서울특별시 동대문구 회기동 60-40,112303105020,서울특별시 동대문구 회기로,141,,1123010800100600040010737,,서울특별시 동대문구 회기로 141,130872,02454,,,,127.052028277195,37.591564971372
MA0106202201A0624517,아트박스경희대점,,G2,소매,G213,오락용품 소매,G21302,문구/회화용품 소매업,G47612,문구용품 및 회화용품 소매업,11,서울특별시,11230,동대문구,11230710,회기동,1123010800,회기동,1123010800100160046,1,대지,16,46,서울특별시 동대문구 회기동 16-46,112303105002,서울특별시 동대문구 경희대로,12,1,1123010800100160046010481,,서울특별시 동대문구 경희대로 12-1,130872,02453,,,,127.052719762334,37.592690904463
MA0106202410A1403687,한아름송이,,G2,소매,G219,식물 소매,G21901,꽃집,G47851,화초 및 식물 소매업,11,서울특별시,11230,동대문구,11230710,회기동,1123010800,회기동,1123010800100600092,1,대지,60,92,서울특별시 동대문구 회기동 60-92,112303105020,서울특별시 동대문구 회기로,127,,1123010800100600092011434,,서울특별시 동대문구 회기로 127,130872,02454,,,,127.050726185965,37.5916105877432
MA0106202506A0424452,먹깨비,,I2,음식,I201,한식,I20101,백반/한정식,I56111,한식 일반 음식점업,11,서울특별시,11230,동대문구,11230710,회기동,1123010800,회기동,1123010800100420055,1,대지,42,55,서울특별시 동대문구 회기동 42-55,112304115018,서울특별시 동대문구 경희대로1가길,16,1,1123010800100420055010384,,서울특별시 동대문구 경희대로1가길 16-1,130872,02454,,,,127.051655272495,37.592502166831
MA0106202411A0700876,위드썸경희대점,,G2,소매,G209,섬유·의복·신발 소매,G20908,가발 소매업,G47422,의복 액세서리 및 모조 장신구 소매업,11,서울특별시,11230,동대문구,11230710,회기동,1123010800,회기동,1123010800100160092,1,대지,16,92,서울특별시 동대문구 회기동 16-92,112303105020,서울특별시 동대문구 회기로,147,,1123010800100160092010677,,서울특별시 동대문구 회기로 147,130872,02453,,,,127.052888848103,37.5916186484227
MA0106202309A0536213,이마트24스마트경희대음악대점,,G2,소매,G204,종합 소매,G20405,편의점,G47121,슈퍼마켓,11,서울특별시,11230,동대문구,11230710,회기동,1123010800,회기동,1123010800100010005,1,대지,1,5,서울특별시 동대문구 회기동 1-5,112303105002,서울특별시 동대문구 경희대로,26,6,1123010800100010005041290,,서울특별시 동대문구 경희대로 26-6,130701,02453,,,,127.053218717214,37.5937358309964
MA0101202505A0018694,대빵인형뽑기경희대점,,R1,예술·스포츠,R104,유원지·오락,R10404,전자 게임장,R91221,전자 게임장 운영업,11,서울특별시,11230,동대문구,11230710,회기동,1123010800,회기동,1123010800100420084,1,대지,42,84,서울특별시 동대문구 회기동 42-84,112303105002,서울특별시 동대문구 경희대로,9,1,1123010800100420002010529,,서울특별시 동대문구 경희대로 9-1,130872,02454,,1,,127.052232786522,37.5925649821084
MA0101202505A0072736,무지개맥주,,I2,음식,I211,주점,I21103,생맥주 전문,I56111,한식 일반 음식점업,11,서울특별시,11230,동대문구,11230710,회기동,1123010800,회기동,1123010800100600047,1,대지,60,47,서울특별시 동대문구 회기동 60-47,112304115019,서울특별시 동대문구 경희대로1길,9,,1123010800100600047010571,,서울특별시 동대문구 경희대로1길 9,130872,02454,,1,,127.051598060626,37.5916372395857
MA0101202505A0050927,경희빌리지,,I1,숙박,I102,기타 숙박,I10201,기숙사/고시원,I55901,기숙사 및 고시원 운영업,11,서울특별시,11230,동대문구,11230710,회기동,1123010800,회기동,1123010800101030105,1,대지,103,105,서울특별시 동대문구 회기동 103-105,112304115366,서울특별시 동대문구 이문로3길,70,1,1123010800101030105011519,,서울특별시 동대문구 이문로3길 70-1,130873,02459,,,,127.051167368255,37.591015742553
MA0106202205A0546959,이마트24경희대푸른솔문화관,,G2,소매,G204,종합 소매,G20405,편의점,G47121,슈퍼마켓,11,서울특별시,11230,동대문구,11230710,회기동,1123010800,회기동,1123010800100010005,1,대지,1,5,서울특별시 동대문구 회기동 1-5,112303105002,서울특별시 동대문구 경희대로,26,6,1123010800100010005041290,,서울특별시 동대문구 경희대로 26-6,130701,02453,,,,127.053218717214,37.5937358309964
MA0106202201A0604043,클럽클리오경희대클럽,,G2,소매,G215,의약·화장품 소매,G21503,화장품 소매업,G47813,화장품; 비누 및 방향제 소매업,11,서울특별시,11230,동대문구,11230710,회기동,1123010800,회기동,1123010800100600027,1,대지,60,27,서울특별시 동대문구 회기동 60-27,112303105020,서울특별시 동대문구 회기로,142,,1123010800100600027010767,,서울특별시 동대문구 회기로 142,130872,02459,,,,127.052356562599,37.5914567071662
MA0106202201A0117350,DV카페,,I2,음식,I201,한식,I20101,백반/한정식,I56111,한식 일반 음식점업,11,서울특별시,11230,동대문구,11230710,회기동,1123010800,회기동,1123010800100010005,1,대지,1,5,서울특별시 동대문구 회기동 1-5,112303105002,서울특별시 동대문구 경희대로,23,,1123010800100010005041218,,서울특별시 동대문구 경희대로 23,130701,02447,,,,127.050738976836,37.593772962698
MA0106202201A0153380,커피빈경희대점상,,I2,음식,I212,비알코올 ,I21201,카페,I56221,커피 전문점,11,서울특별시,11230,동대문구,11230710,회기동,1123010800,회기동,1123010800100160049,1,대지,16,49,서울특별시 동대문구 회기동 16-49,112303105002,서울특별시 동대문구 경희대로,10,,1123010800100160049010549,,서울특별시 동대문구 경희대로 10,130872,02453,,,,127.052662944324,37.5924026124288
MA0106202201A0422205,달콤커피경희의료원점,,I2,음식,I212,비알코올 ,I21201,카페,I56221,커피 전문점,11,서울특별시,11230,동대문구,11230710,회기동,1123010800,회기동,1123010800100010005,1,대지,1,5,서울특별시 동대문구 회기동 1-5,112303105002,서울특별시 동대문구 경희대로,23,,1123010800100010005041218,,서울특별시 동대문구 경희대로 23,130701,02447,,,,127.050738976836,37.593772962698
MA0106202205A0546960,이마트24경희대정경대점,,G2,소매,G204,종합 소매,G20405,편의점,G47121,슈퍼마켓,11,서울특별시,11230,동대문구,11230710,회기동,1123010800,회기동,1123010800100010005,1,대지,1,5,서울특별시 동대문구 회기동 1-5,112303105002,서울특별시 동대문구 경희대로,26,6,1123010800100010005041290,,서울특별시 동대문구 경희대로 26-6,130701,02453,,,,127.053218717214,37.5937358309964
MA0106202205A0546966,이마트24경희대간호이과대점,,G2,소매,G204,종합 소매,G20405,편의점,G47121,슈퍼마켓,11,서울특별시,11230,동대문구,11230710,회기동,1123010800,회기동,1123010800100010005,1,대지,1,5,서울특별시 동대문구 회기동 1-5,112303105002,서울특별시 동대문구 경희대로,26,6,1123010800100010005041290,,서울특별시 동대문구 경희대로 26-6,130701,02453,,,,127.053218717214,37.5937358309964
MA0101202505A0078125,이프,,I2,음식,I210,기타 간이,I21003,피자,I56192,피자; 햄버거; 샌드위치 및 유사 음식점업,11,서울특별시,11230,동대문구,11230710,회기동,1123010800,회기동,1123010800100160057,1,대지,16,57,서울특별시 동대문구 회기동 16-57,112303105020,서울특별시 동대문구 회기로,143,,1123010800100160057010670,,서울특별시 동대문구 회기로 143,130872,02453,,1,,127.052469980179,37.5917269544078
MA0106202205A0546963,이마트24경희대도서관위성점,,G2,소매,G204,종합 소매,G20405,편의점,G47121,슈퍼마켓,11,서울특별시,11230,동대문구,11230710,회기동,1123010800,회기동,1123010800100010005,1,대지,1,5,서울특별시 동대문구 회기동 1-5,112303105002,서울특별시 동대문구 경희대로,26,6,1123010800100010005041290,,서울특별시 동대문구 경희대로 26-6,130701,02453,,,,127.053218717214,37.5937358309964
MA0106202205A0546954,이마트24경희대문과대점,,G2,소매,G204,종합 소매,G20405,편의점,G47121,슈퍼마켓,11,서울특별시,11230,동대문구,11230710,회기동,1123010800,회기동,1123010800100010005,1,대지,1,5,서울특별시 동대문구 회기동 1-5,112303105002,서울특별시 동대문구 경희대로,26,6,1123010800100010005041290,,서울특별시 동대문구 경희대로 26-6,130701,02453,,,,127.053218717214,37.5937358309964
MA0106202205A0546962,이마트24경희대청운관점,,G2,소매,G204,종합 소매,G20405,편의점,G47121,슈퍼마켓,11,서울특별시,11230,동대문구,11230710,회기동,1123010800,회기동,1123010800100010005,1,대지,1,5,서울특별시 동대문구 회기동 1-5,112303105002,서울특별시 동대문구 경희대로,26,6,1123010800100010005041290,,서울특별시 동대문구 경희대로 26-6,130701,02453,,,,127.053218717214,37.5937358309964
MA0106202208A0543291,이마트24경희대생활과학대점,,G2,소매,G204,종합 소매,G20405,편의점,G47121,슈퍼마켓,11,서울특별시,11230,동대문구,11230710,회기동,1123010800,회기동,1123010800100010005,1,대지,1,5,서울특별시 동대문구 회기동 1-5,112303105002,서울특별시 동대문구 경희대로,26,6,1123010800100010005041290,,서울특별시 동대문구 경희대로 26-6,130701,02453,,,,127.053218717214,37.5937358309964
MA0106202205A0546964,이마트24경희대청운관위성점,,G2,소매,G204,종합 소매,G20405,편의점,G47121,슈퍼마켓,11,서울특별시,11230,동대문구,11230710,회기동,1123010800,회기동,1123010800100010005,1,대지,1,5,서울특별시 동대문구 회기동 1-5,112303105002,서울특별시 동대문구 경희대로,26,6,1123010800100010005041290,,서울특별시 동대문구 경희대로 26-6,130701,02453,,,,127.053218717214,37.5937358309964
MA0106202201A1869774,다이스라떼,,G2,소매,G213,오락용품 소매,G21301,서점,G47611,서적; 신문 및 잡지류 소매업,11,서울특별시,11230,동대문구,11230710,회기동,1123010800,회기동,1123010800103460007,1,대지,346,7,서울특별시 동대문구 회기동 346-7,112303105010,서울특별시 동대문구 이문로,29,,1123010800103460007011069,,서울특별시 동대문구 이문로 29,130881,02452,,,,127.055933711864,37.5903198161727
MA0101202503A0011809,골목1997,,I2,음식,I201,한식,I20101,백반/한정식,I56111,한식 일반 음식점업,11,서울특별시,11230,동대문구,11230710,회기동,1123010800,회기동,1123010800100030185,1,대지,3,185,서울특별시 동대문구 회기동 3-185,112304115023,서울특별시 동대문구 경희대로6길,8,,1123010800100030185010379,,서울특별시 동대문구 경희대로6길 8,130872,02453,,1,,127.053173072119,37.5932403061199
MA0101202504A0055541,카페사이공,,I2,음식,I204,서양식,I20401,경양식,I56123,서양식 음식점업,11,서울특별시,11230,동대문구,11230710,회기동,1123010800,회기동,1123010800101030003,1,대지,103,3,서울특별시 동대문구 회기동 103-3,112303105020,서울특별시 동대문구 회기로,126,,1123010800101030003010708,,서울특별시 동대문구 회기로 126,130873,02459,,1,,127.050476895607,37.5913313870819
MA0106202502A0498586,경희의료원,,I2,음식,I212,비알코올 ,I21201,카페,I56221,커피 전문점,11,서울특별시,11230,동대문구,11230710,회기동,1123010800,회기동,1123010800100010005,1,대지,1,5,서울특별시 동대문구 회기동 1-5,112303105002,서울특별시 동대문구 경희대로,23,,1123010800100010005041218,,서울특별시 동대문구 경희대로 23,130701,02447,,,,127.050738976836,37.593772962698
MA0101202504A0002794,닝구스스테이,,I1,숙박,I101,일반 숙박,I10103,펜션,I55104,민박업,11,서울특별시,11230,동대문구,11230710,회기동,1123010800,회기동,1123010800101030113,1,대지,103,113,서울특별시 동대문구 회기동 103-113,112304115690,서울특별시 동대문구 회기로14길,7,,1123010800101030113010825,,서울특별시 동대문구 회기로14길 7,130873,02459,,,,127.050816413094,37.5910879735375
MA0101202503A0075700,희작,,I2,음식,I210,기타 간이,I21007,김밥/만두/분식,I56194,김밥 및 기타 간이 음식점업,11,서울특별시,11230,동대문구,11230710,회기동,1123010800,회기동,1123010800100450076,1,대지,45,76,서울특별시 동대문구 회기동 45-76,112304115695,서울특별시 동대문구 회기로21길,4,,1123010800100450076010682,,서울특별시 동대문구 회기로21길 4,130872,02453,,1,,127.053103962213,37.5915915220772
MA0101202503A0013866,모코지헤어샵,,S2,수리·개인,S207,이용·미용,S20701,미용실,S96112,두발 미용업,11,서울특별시,11230,동대문구,11230710,회기동,1123010800,회기동,1123010800100160006,1,대지,16,6,서울특별시 동대문구 회기동 16-6,112304115695,서울특별시 동대문구 회기로21길,9,,1123010800100160006010648,,서울특별시 동대문구 회기로21길 9,130872,02453,,1,,127.053058894882,37.5919068895414
MA0101202504A0017180,척추도인안교학회,,P1,교육,P106,기타 교육,P10629,그 외 기타 교육기관,S94120,전문가 단체,11,서울특별시,11230,동대문구,11230710,회기동,1123010800,회기동,1123010800100010005,1,대지,1,5,서울특별시 동대문구 회기동 1-5,112303105002,서울특별시 동대문구 경희대로,26,,1123010800100010003041260,한의과대학,서울특별시 동대문구 경희대로 26,130701,02447,,,,127.054883375636,37.593951306684
MA0101202504A0003820,두나,,S2,수리·개인,S207,이용·미용,S20701,미용실,S96112,두발 미용업,11,서울특별시,11230,동대문구,11230710,회기동,1123010800,회기동,1123010800100600108,1,대지,60,108,서울특별시 동대문구 회기동 60-108,112303105020,서울특별시 동대문구 회기로,117,,1123010800100600108010613,,서울특별시 동대문구 회기로 117,130872,02455,,1,,127.049627897769,37.5916470943158
MA0101202504A0041768,육연가경희대,직영점,I2,음식,I201,한식,I20101,백반/한정식,I56111,한식 일반 음식점업,11,서울특별시,11230,동대문구,11230710,회기동,1123010800,회기동,1123010800100420008,1,대지,42,8,서울특별시 동대문구 회기동 42-8,112304115021,서울특별시 동대문구 경희대로3길,10,,1123010800100420008010450,,서울특별시 동대문구 경희대로3길 10,130872,02454,,1,,127.051836658265,37.5928174344603
MA0101202504A0093693,그레이스,,I2,음식,I204,서양식,I20401,경양식,I56123,서양식 음식점업,11,서울특별시,11230,동대문구,11230710,회기동,1123010800,회기동,1123010800100600060,1,대지,60,60,서울특별시 동대문구 회기동 60-60,112304115019,서울특별시 동대문구 경희대로1길,18,,1123010800100600060000002,,서울특별시 동대문구 경희대로1길 18,130872,02454,,2,,127.05121325181,37.5918806750158
MA0101202504A0066533,중경골목훠궈양꼬치무한리필,,I2,음식,I202,중식,I20201,중국집,I56121,중식 음식점업,11,서울특별시,11230,동대문구,11230710,회기동,1123010800,회기동,1123010800100420071,1,대지,42,71,서울특별시 동대문구 회기동 42-71,112304115021,서울특별시 동대문구 경희대로3길,21,,1123010800100420071010478,,서울특별시 동대문구 경희대로3길 21,130872,02454,,1,,127.051247770212,37.592682542839
MA0101202504A0054003,무감,,I2,음식,I212,비알코올 ,I21201,카페,I56221,커피 전문점,11,서울특별시,11230,동대문구,11230710,회기동,1123010800,회기동,1123010800100160016,1,대지,16,16,서울특별시 동대문구 회기동 16-16,112304115695,서울특별시 동대문구 회기로21길,19,,1123010800100160016010563,,서울특별시 동대문구 회기로21길 19,130872,02453,,1,,127.053183741164,37.5923212896438
MA0106202511A1280785,버거리버거경희대점,,I2,음식,I210,기타 간이,I21004,버거,I56192,피자; 햄버거; 샌드위치 및 유사 음식점업,11,서울특별시,11230,동대문구,11230710,회기동,1123010800,회기동,1123010800100600026,1,대지,60,26,서울특별시 동대문구 회기동 60-26,112303105020,서울특별시 동대문구 회기로,144,,1123010800100600026010363,,서울특별시 동대문구 회기로 144,130872,02459,,,,127.052435815749,37.5914476620646
MA0106202512A2351358,용우동경희의료원점,,I2,음식,I210,기타 간이,I21007,김밥/만두/분식,I56111,한식 일반 음식점업,11,서울특별시,11230,동대문구,11230710,회기동,1123010800,회기동,1123010800100010005,1,대지,1,5,서울특별시 동대문구 회기동 1-5,112303105002,서울특별시 동대문구 경희대로,23,,1123010800100010005041218,,서울특별시 동대문구 경희대로 23,130701,02447,,,,127.050738976836,37.593772962698
MA0106202511A1096602,에비뉴필라테스,,P1,교육,P106,기타 교육,P10603,요가/필라테스 학원,R91132,체력 단련시설 운영업,11,서울특별시,11230,동대문구,11230710,회기동,1123010800,회기동,1123010800103460001,1,대지,346,1,서울특별시 동대문구 회기동 346-1,112303105020,서울특별시 동대문구 회기로,173,,1123010800103460001010200,,서울특별시 동대문구 회기로 173,130881,02452,,,,127.055503599927,37.5905182374889
MA0106202511A2415161,포니당,,G2,소매,G221,기타 상품 소매,G22199,그 외 기타 상품 전문 소매업,G47859,그 외 기타 분류 안된 상품 전문 소매업,11,서울특별시,11230,동대문구,11230710,회기동,1123010800,회기동,1123010800103480003,1,대지,348,3,서울특별시 동대문구 회기동 348-3,112304115701,서울특별시 동대문구 회기로25길,18,,1123010800103480003010864,,서울특별시 동대문구 회기로25길 18,130881,02452,,,,127.055458650334,37.5909777646059
MA0106202511A0400265,통툰만화카페,,G2,소매,G213,오락용품 소매,G21301,서점,G47611,서적; 신문 및 잡지류 소매업,11,서울특별시,11230,동대문구,11230710,회기동,1123010800,회기동,1123010800100160071,1,대지,16,71,서울특별시 동대문구 회기동 16-71,112303105002,서울특별시 동대문구 경희대로,7,,1123010800100160071010597,,서울특별시 동대문구 경희대로 7,130872,02454,,,,127.052209914027,37.5922406351461
MA0106202506A1363047,카페 사이공,,I2,음식,I201,한식,I20101,백반/한정식,I56111,한식 일반 음식점업,11,서울특별시,11230,동대문구,11230710,회기동,1123010800,회기동,1123010800101030003,1,대지,103,3,서울특별시 동대문구 회기동 103-3,112303105020,서울특별시 동대문구 회기로,126,,1123010800101030003010708,,서울특별시 동대문구 회기로 126,130873,02459,,,,127.050476895607,37.5913313870819
MA0106202507A1899016,회기족발,,I2,음식,I201,한식,I20103,족발/보쌈,I56111,한식 일반 음식점업,11,서울특별시,11230,동대문구,11230710,회기동,1123010800,회기동,1123010800100450052,1,대지,45,52,서울특별시 동대문구 회기동 45-52,112303105020,서울특별시 동대문구 회기로,158,,1123010800100450052010913,,서울특별시 동대문구 회기로 158,130872,02460,,,,127.053499731417,37.5908525298574
MA0106202507A0792971,달려라 생고기,,I2,음식,I201,한식,I20107,돼지고기 구이/찜,I56111,한식 일반 음식점업,11,서울특별시,11230,동대문구,11230710,회기동,1123010800,회기동,1123010800100600031,1,대지,60,31,서울특별시 동대문구 회기동 60-31,112303105020,서울특별시 동대문구 회기로,148,8,1123010800100600031010818,,서울특별시 동대문구 회기로 148-8,130872,02459,,,,127.052560144563,37.5911322595446
MA0106202507A1634913,꽃게집,,I2,음식,I201,한식,I20112,해산물 구이/찜,I56111,한식 일반 음식점업,11,서울특별시,11230,동대문구,11230710,회기동,1123010800,회기동,1123010800100570022,1,대지,57,22,서울특별시 동대문구 회기동 57-22,112304115701,서울특별시 동대문구 회기로25길,11,,1123010800100570022010861,,서울특별시 동대문구 회기로25길 11,130872,02452,,,,127.054983089944,37.5909689771701
MA0106202506A0857230,비비드 홀덤,,I2,음식,I201,한식,I20101,백반/한정식,I56111,한식 일반 음식점업,11,서울특별시,11230,동대문구,11230710,회기동,1123010800,회기동,1123010800100420006,1,대지,42,6,서울특별시 동대문구 회기동 42-6,112304115021,서울특별시 동대문구 경희대로3길,6,,1123010800100420006010456,,서울특별시 동대문구 경희대로3길 6,130872,02454,,,,127.052176335321,37.5927992649576
MA0106202507A0433954,콩케밥,,I2,음식,I204,서양식,I20499,기타 서양식 음식점,I56123,서양식 음식점업,11,서울특별시,11230,동대문구,11230710,회기동,1123010800,회기동,1123010800100760001,1,대지,76,1,서울특별시 동대문구 회기동 76-1,112303105020,서울특별시 동대문구 회기로,172,,1123010800100760001011098,,서울특별시 동대문구 회기로 172,130872,02460,,,,127.055073133836,37.5902391315429
MA0106202506A2189184,주식회사 제이앤케이에프앤씨,,I2,음식,I201,한식,I20101,백반/한정식,I56111,한식 일반 음식점업,11,서울특별시,11230,동대문구,11230710,회기동,1123010800,회기동,1123010800100160069,1,대지,16,69,서울특별시 동대문구 회기동 16-69,112303105002,서울특별시 동대문구 경희대로,5,,1123010800100160069010622,,서울특별시 동대문구 경희대로 5,130872,02454,,,,127.052153180064,37.5920694717607
MA0106202506A1079268,육연가 경희대직영점,,I2,음식,I201,한식,I20101,백반/한정식,I56111,한식 일반 음식점업,11,서울특별시,11230,동대문구,11230710,회기동,1123010800,회기동,1123010800100420008,1,대지,42,8,서울특별시 동대문구 회기동 42-8,112304115021,서울특별시 동대문구 경희대로3길,10,,1123010800100420008010450,,서울특별시 동대문구 경희대로3길 10,130872,02454,,,,127.051836658265,37.5928174344603
MA0106202507A0996286,차백도 경희대점,,I2,음식,I201,한식,I20101,백반/한정식,I56111,한식 일반 음식점업,11,서울특별시,11230,동대문구,11230710,회기동,1123010800,회기동,1123010800100160050,1,대지,16,50,서울특별시 동대문구 회기동 16-50,112303105002,서울특별시 동대문구 경희대로,8,1,1123010800100160050010566,,서울특별시 동대문구 경희대로 8-1,130872,02453,,,,127.052640241359,37.5923215332852
MA0101202505A0075755,요나선생님의피아노교실,,P1,교육,P106,기타 교육,P10609,음악학원,P85501,일반 교과학원,11,서울특별시,11230,동대문구,11230710,회기동,1123010800,회기동,1123010800100010005,1,대지,1,5,서울특별시 동대문구 회기동 1-5,112303105002,서울특별시 동대문구 경희대로,26,,1123010800100010003041260,,서울특별시 동대문구 경희대로 26,130701,02447,,,,127.054883375636,37.593951306684
MA0106202506A1340958,무감,,I2,음식,I201,한식,I20101,백반/한정식,I56111,한식 일반 음식점업,11,서울특별시,11230,동대문구,11230710,회기동,1123010800,회기동,1123010800100160016,1,대지,16,16,서울특별시 동대문구 회기동 16-16,112304115695,서울특별시 동대문구 회기로21길,19,,1123010800100160016010563,,서울특별시 동대문구 회기로21길 19,130872,02453,,,,127.053183741164,37.5923212896438
MA0101202505A0063248,노워리즈,코리아,M1,과학·기술,M115,기타 전문 과학,M11502,번역/통역 서비스업,M73902,번역 및 통역 서비스업,11,서울특별시,11230,동대문구,11230710,회기동,1123010800,회기동,1123010800100010005,1,대지,1,5,서울특별시 동대문구 회기동 1-5,112303105002,서울특별시 동대문구 경희대로,26,,1123010800100010003041260,삼의원창업센터,서울특별시 동대문구 경희대로 26,130701,02447,,2,,127.054883375636,37.593951306684
MA0106202506A1679690,스매싱무인탁구장 경희대점,,G2,소매,G213,오락용품 소매,G21304,운동용품 소매업,G47631,운동 및 경기용품 소매업,11,서울특별시,11230,동대문구,11230710,회기동,1123010800,회기동,1123010800100420008,1,대지,42,8,서울특별시 동대문구 회기동 42-8,112304115021,서울특별시 동대문구 경희대로3길,10,,1123010800100420008010450,,서울특별시 동대문구 경희대로3길 10,130872,02454,,,,127.051836658265,37.5928174344603
MA0106202508A1675537,불닭발땡초엽기떡볶이경희대점,동대문,I2,음식,I210,기타 간이,I21007,김밥/만두/분식,I56111,한식 일반 음식점업,11,서울특별시,11230,동대문구,11230710,회기동,1123010800,회기동,1123010800100600057,1,대지,60,57,서울특별시 동대문구 회기동 60-57,112303105020,서울특별시 동대문구 회기로,129,1,1123010800100600057011479,,서울특별시 동대문구 회기로 129-1,130872,02454,,,,127.051065845498,37.5915744016011
MA0106202508A1830809,봉평면 감자골,,I2,음식,I201,한식,I20101,백반/한정식,I56111,한식 일반 음식점업,11,서울특별시,11230,동대문구,11230710,회기동,1123010800,회기동,1123010800100600109,1,대지,60,109,서울특별시 동대문구 회기동 60-109,112303105020,서울특별시 동대문구 회기로,115,,1123010800100600109010574,,서울특별시 동대문구 회기로 115,130872,02455,,,,127.049514693536,37.5916831815396
MA0106202510A2221117,맨조이헤어,,S2,수리·개인,S207,이용·미용,S20701,미용실,S96111,이용업,11,서울특별시,11230,동대문구,11230710,회기동,1123010800,회기동,1123010800100770013,1,대지,77,13,서울특별시 동대문구 회기동 77-13,112303105020,서울특별시 동대문구 회기로,174,11,1123010800100770013010985,,서울특별시 동대문구 회기로 174-11,130872,02460,,,,127.054857700302,37.5898247754304
MA0106202509A1355370,에크미,,G2,소매,G209,섬유·의복·신발 소매,G20905,기타 의류 소매업,G47419,기타 의복 소매업,11,서울특별시,11230,동대문구,11230710,회기동,1123010800,회기동,1123010800100610003,1,대지,61,3,서울특별시 동대문구 회기동 61-3,112303105020,서울특별시 동대문구 회기로,162,,1123010800100610003010979,,서울특별시 동대문구 회기로 162,130872,02460,,,,127.053895830649,37.5905820520148
MA0106202512A0708401,뜯갈비회기역점,,I2,음식,I201,한식,I20107,돼지고기 구이/찜,I56111,한식 일반 음식점업,11,서울특별시,11230,동대문구,11230710,회기동,1123010800,회기동,1123010800100610005,1,대지,61,5,서울특별시 동대문구 회기동 61-5,112303105020,서울특별시 동대문구 회기로,162,1,1123010800100610005010943,,서울특별시 동대문구 회기로 162-1,130872,02460,,,,127.054099586155,37.5905098794283
MA0106202512A1176410,플린하우스회기점,,S2,수리·개인,S207,이용·미용,S20701,미용실,S96111,이용업,11,서울특별시,11230,동대문구,11230710,회기동,1123010800,회기동,1123010800100760001,1,대지,76,1,서울특별시 동대문구 회기동 76-1,112303105020,서울특별시 동대문구 회기로,172,,1123010800100760001011098,,서울특별시 동대문구 회기로 172,130872,02460,,,,127.055073133836,37.5902391315429
MA0106202512A2215409,메가엠지씨커피서울바이오,허브점,I2,음식,I212,비알코올 ,I21201,카페,I56221,커피 전문점,11,서울특별시,11230,동대문구,11230710,회기동,1123010800,회기동,1123010800100600129,1,대지,60,129,서울특별시 동대문구 회기동 60-129,112303105020,서울특별시 동대문구 회기로,120,,1123010800100600129010700,,서울특별시 동대문구 회기로 120,130872,02459,,,,127.049831504116,37.5913406712384
MA0106202512A2156920,닥터비랩,,G2,소매,G205,식료품 소매,G20508,건강보조식품 소매업,G47217,건강 보조식품 소매업,11,서울특별시,11230,동대문구,11230710,회기동,1123010800,회기동,1123010800100010005,1,대지,1,5,서울특별시 동대문구 회기동 1-5,112303105002,서울특별시 동대문구 경희대로,26,,1123010800100010003041260,,서울특별시 동대문구 경희대로 26,130701,02447,,,,127.054883375636,37.593951306684
MA0106202512A0127047,바이브,,I2,음식,I201,한식,I20101,백반/한정식,I56111,한식 일반 음식점업,11,서울특별시,11230,동대문구,11230710,회기동,1123010800,회기동,1123010800100600093,1,대지,60,93,서울특별시 동대문구 회기동 60-93,112303105020,서울특별시 동대문구 회기로,125,,1123010800100600093011418,,서울특별시 동대문구 회기로 125,130872,02454,,,,127.050533704366,37.5916196802275
MA0106202512A0986237,포케츠,,G2,소매,G212,기타 생활용품 소매,G21201,전기용품/조명장치 소매업,G47591,전기용품 및 조명장치 소매업,11,서울특별시,11230,동대문구,11230710,회기동,1123010800,회기동,1123010800100600110,1,대지,60,110,서울특별시 동대문구 회기동 60-110,112303105020,서울특별시 동대문구 회기로,113,,1123010800100600110010573,,서울특별시 동대문구 회기로 113,130872,02455,,,,127.04931085906,37.5916472271909
MA0106202512A0986749,주하,,I2,음식,I201,한식,I20101,백반/한정식,I56111,한식 일반 음식점업,11,서울특별시,11230,동대문구,11230710,회기동,1123010800,회기동,1123010800100420052,1,대지,42,52,서울특별시 동대문구 회기동 42-52,112304115021,서울특별시 동대문구 경희대로3길,11,,1123010800100420052010497,,서울특별시 동대문구 경희대로3길 11,130872,02454,,,,127.051870489653,37.5926192013913
MA0106202506A2137152,그레이스(Grace),,I2,음식,I201,한식,I20101,백반/한정식,I56111,한식 일반 음식점업,11,서울특별시,11230,동대문구,11230710,회기동,1123010800,회기동,1123010800100600060,1,대지,60,60,서울특별시 동대문구 회기동 60-60,112304115019,서울특별시 동대문구 경희대로1길,18,,1123010800100600060000002,,서울특별시 동대문구 경희대로1길 18,130872,02454,,,,127.05121325181,37.5918806750158
MA0106202508A0691268,경희중.고매점,,G2,소매,G221,기타 상품 소매,G22199,그 외 기타 상품 전문 소매업,G47859,그 외 기타 분류 안된 상품 전문 소매업,11,서울특별시,11230,동대문구,11230710,회기동,1123010800,회기동,1123010800100010005,1,대지,1,5,서울특별시 동대문구 회기동 1-5,112303105002,서울특별시 동대문구 경희대로,26,,1123010800100010003041260,,서울특별시 동대문구 경희대로 26,130701,02447,,,,127.054883375636,37.593951306684
MA0106202508A1108675,88 맵도리 분식포차,,I2,음식,I210,기타 간이,I21007,김밥/만두/분식,I56111,한식 일반 음식점업,11,서울특별시,11230,동대문구,11230710,회기동,1123010800,회기동,1123010800100420075,1,대지,42,75,서울특별시 동대문구 회기동 42-75,112304115689,서울특별시 동대문구 회기로13길,20,,1123010800100420075010551,,서울특별시 동대문구 회기로13길 20,130872,02454,,,,127.051190964057,37.5924032600079
MA0106202508A1048729,르티안,,I2,음식,I201,한식,I20101,백반/한정식,I56111,한식 일반 음식점업,11,서울특별시,11230,동대문구,11230710,회기동,1123010800,회기동,1123010800100600022,1,대지,60,22,서울특별시 동대문구 회기동 60-22,112303105020,서울특별시 동대문구 회기로,148,5,1123010800100600022011337,,서울특별시 동대문구 회기로 148-5,130872,02460,,,,127.052797934675,37.5911501732596
MA0106202506A0127976,두나(Dooona),,S2,수리·개인,S207,이용·미용,S20701,미용실,S96111,이용업,11,서울특별시,11230,동대문구,11230710,회기동,1123010800,회기동,1123010800100600108,1,대지,60,108,서울특별시 동대문구 회기동 60-108,112303105020,서울특별시 동대문구 회기로,117,,1123010800100600108010613,,서울특별시 동대문구 회기로 117,130872,02455,,,,127.049627897769,37.5916470943158
MA0106202201A2364827,경희대,,I2,음식,I212,비알코올 ,I21201,카페,I56221,커피 전문점,11,서울특별시,11230,동대문구,11230710,회기동,1123010800,회기동,1123010800100160041,1,대지,16,41,서울특별시 동대문구 회기동 16-41,112303105002,서울특별시 동대문구 경희대로,16,1,1123010800100160041010442,,서울특별시 동대문구 경희대로 16-1,130872,02453,,,,127.052867107519,37.5928980666798
MA0106202508A2024948,육회바른연어 경희대점,,I2,음식,I201,한식,I20108,소고기 구이/찜,I56111,한식 일반 음식점업,11,서울특별시,11230,동대문구,11230710,회기동,1123010800,회기동,1123010800100420081,1,대지,42,81,서울특별시 동대문구 회기동 42-81,112304115021,서울특별시 동대문구 경희대로3길,5,,1123010800100420081010518,,서울특별시 동대문구 경희대로3길 5,130872,02454,,,,127.052108240358,37.5925740470767
MA0106202201A2363617,회기역사거리,,I2,음식,I212,비알코올 ,I21201,카페,I56221,커피 전문점,11,서울특별시,11230,동대문구,11230710,회기동,1123010800,회기동,1123010800103460018,1,대지,346,18,서울특별시 동대문구 회기동 346-18,112303105010,서울특별시 동대문구 이문로,37,,1123010800103460018000124,베라체캠퍼스,서울특별시 동대문구 이문로 37,130881,02452,,,,127.056036013894,37.590851353023
MA0106202201A0422219,달콤커피경희의료원암병동점,,I2,음식,I212,비알코올 ,I21201,카페,I56221,커피 전문점,11,서울특별시,11230,동대문구,11230710,회기동,1123010800,회기동,1123010800100010005,1,대지,1,5,서울특별시 동대문구 회기동 1-5,112303105002,서울특별시 동대문구 경희대로,23,,1123010800100010005041218,,서울특별시 동대문구 경희대로 23,130701,02447,,,,127.050738976836,37.593772962698
MA0106202201A1869775,다이스라떼,,I2,음식,I201,한식,I20101,백반/한정식,I56111,한식 일반 음식점업,11,서울특별시,11230,동대문구,11230710,회기동,1123010800,회기동,1123010800103460007,1,대지,346,7,서울특별시 동대문구 회기동 346-7,112303105010,서울특별시 동대문구 이문로,29,,1123010800103460007011069,,서울특별시 동대문구 이문로 29,130881,02452,,,,127.055933711864,37.5903198161727
MA0106202508A0764955,(주)엠제이더마스터즈 빵쌤플러스 경희대점,,I2,음식,I210,기타 간이,I21001,빵/도넛,I56191,제과점업,11,서울특별시,11230,동대문구,11230710,회기동,1123010800,회기동,1123010800100160054,1,대지,16,54,서울특별시 동대문구 회기동 16-54,112303105002,서울특별시 동대문구 경희대로,4,1,1123010800100160054011422,,서울특별시 동대문구 경희대로 4-1,130872,02453,,,,127.052560752854,37.5919972116139
MA0106202201A0056390,이디야경희대캠퍼스점,,I2,음식,I212,비알코올 ,I21201,카페,I56221,커피 전문점,11,서울특별시,11230,동대문구,11230710,회기동,1123010800,회기동,1123010800100010005,1,대지,1,5,서울특별시 동대문구 회기동 1-5,112303105002,서울특별시 동대문구 경희대로,26,,1123010800100010003041260,,서울특별시 동대문구 경희대로 26,130701,02447,,,,127.054883375636,37.593951306684
MA0106202506A1082583,소울,,I2,음식,I201,한식,I20101,백반/한정식,I56111,한식 일반 음식점업,11,서울특별시,11230,동대문구,11230710,회기동,1123010800,회기동,1123010800100450105,1,대지,45,105,서울특별시 동대문구 회기동 45-105,112303105020,서울특별시 동대문구 회기로,156,,1123010800100450105010895,,서울특별시 동대문구 회기로 156,130872,02460,,,,127.053375239737,37.5909336755092
MA0106202201A1064365,바나프레소경희대점,,I2,음식,I201,한식,I20101,백반/한정식,I56111,한식 일반 음식점업,11,서울특별시,11230,동대문구,11230710,회기동,1123010800,회기동,1123010800100160047,1,대지,16,47,서울특별시 동대문구 회기동 16-47,112304115022,서울특별시 동대문구 경희대로4길,1,,1123010800100160047011389,,서울특별시 동대문구 경희대로4길 1,130872,02453,,,,127.052708382176,37.5926098202785
MA0106202201A1064355,바나프레소회기역,사거리점,I2,음식,I201,한식,I20101,백반/한정식,I56111,한식 일반 음식점업,11,서울특별시,11230,동대문구,11230710,회기동,1123010800,회기동,1123010800100810000,1,대지,81,,서울특별시 동대문구 회기동 81,112303105020,서울특별시 동대문구 회기로,176,,1123010800100810000041190,,서울특별시 동대문구 회기로 176,130872,02460,,,,127.05537874381,37.5901038397212
MA0106202201A0010654,버거킹경희대점,,I2,음식,I210,기타 간이,I21004,버거,I56192,피자; 햄버거; 샌드위치 및 유사 음식점업,11,서울특별시,11230,동대문구,11230710,회기동,1123010800,회기동,1123010800100160064,1,대지,16,64,서울특별시 동대문구 회기동 16-64,112303105002,서울특별시 동대문구 경희대로,1,1,1123010800100160064010657,,서울특별시 동대문구 경희대로 1-1,130872,02454,,,,127.052107725236,37.5918352339258
MA0106202506A1605013,중경골목 훠궈양꼬치 무한리필,,I2,음식,I202,중식,I20201,중국집,I56121,중식 음식점업,11,서울특별시,11230,동대문구,11230710,회기동,1123010800,회기동,1123010800100420071,1,대지,42,71,서울특별시 동대문구 회기동 42-71,112304115021,서울특별시 동대문구 경희대로3길,21,,1123010800100420071010478,,서울특별시 동대문구 경희대로3길 21,130872,02454,,,,127.051247770212,37.592682542839
MA0106202201A1444673,엘에스스토어경희점,,G2,소매,G221,기타 상품 소매,G22199,그 외 기타 상품 전문 소매업,G47859,그 외 기타 분류 안된 상품 전문 소매업,11,서울특별시,11230,동대문구,11230710,회기동,1123010800,회기동,1123010800100450054,1,대지,45,54,서울특별시 동대문구 회기동 45-54,112303105020,서울특별시 동대문구 회기로,148,,1123010800100450054010288,,서울특별시 동대문구 회기로 148,130872,02459,,,,127.052718840768,37.5913844665499
MA0106202506A1964233,메가엠지씨커피 경희대점,,I2,음식,I212,비알코올 ,I21201,카페,I56221,커피 전문점,11,서울특별시,11230,동대문구,11230710,회기동,1123010800,회기동,1123010800100310001,1,대지,31,1,서울특별시 동대문구 회기동 31-1,112303105002,서울특별시 동대문구 경희대로,18,,1123010800100310001010253,,서울특별시 동대문구 경희대로 18,130872,02453,,,,127.052855848242,37.5929881709032
MA0106202601A0700085,샤브보트R 경희대점,,I2,음식,I201,한식,I20101,백반/한정식,I56111,한식 일반 음식점업,11,서울특별시,11230,동대문구,11230710,회기동,1123010800,회기동,1123010800100160068,1,대지,16,68,서울특별시 동대문구 회기동 16-68,112303105002,서울특별시 동대문구 경희대로,3,1,1123010800100160068010640,,서울특별시 동대문구 경희대로 3-1,130872,02454,,,,127.052153123477,37.5919883825101
MA0106202601A1969158,초선마라 마라탕&마라상궈 회기점,,I2,음식,I202,중식,I20202,마라탕/훠궈,I56121,중식 음식점업,11,서울특별시,11230,동대문구,11230710,회기동,1123010800,회기동,1123010800100600067,1,대지,60,67,서울특별시 동대문구 회기동 60-67,112304115689,서울특별시 동대문구 회기로13길,9,,1123010800100600067011401,,서울특별시 동대문구 회기로13길 9,130872,02454,,,,127.050794349366,37.5919439254676
MA0106202601A2126389,주식회사 꽁시발재,,I2,음식,I202,중식,I20201,중국집,I56121,중식 음식점업,11,서울특별시,11230,동대문구,11230710,회기동,1123010800,회기동,1123010800100540037,1,대지,54,37,서울특별시 동대문구 회기동 54-37,112304115701,서울특별시 동대문구 회기로25길,23,7,1123010800100540037010796,,서울특별시 동대문구 회기로25길 23-7,130872,02452,,,,127.055300279078,37.5911760571695
MA0106202601A0989435,주식회사 라백미,,I2,음식,I202,중식,I20201,중국집,I56121,중식 음식점업,11,서울특별시,11230,동대문구,11230710,회기동,1123010800,회기동,1123010800100160051,1,대지,16,51,서울특별시 동대문구 회기동 16-51,112303105002,서울특별시 동대문구 경희대로,8,,1123010800100160051010594,,서울특별시 동대문구 경희대로 8,130872,02453,,,,127.052617538443,37.5922404541361
MA0106202601A0741026,반 클래식 음악연습실,,P1,교육,P105,일반 교육,P10501,입시·교과학원,P85501,일반 교과학원,11,서울특별시,11230,동대문구,11230710,회기동,1123010800,회기동,1123010800100160020,1,대지,16,20,서울특별시 동대문구 회기동 16-20,112304115695,서울특별시 동대문구 회기로21길,13,,1123010800100160020041167,,서울특별시 동대문구 회기로21길 13,130872,02453,,,,127.05314960583,37.5920870471203
MA0106202510A1499789,준식당,,I2,음식,I201,한식,I20101,백반/한정식,I56111,한식 일반 음식점업,11,서울특별시,11230,동대문구,11230710,회기동,1123010800,회기동,1123010800100080004,1,대지,8,4,서울특별시 동대문구 회기동 8-4,112304115022,서울특별시 동대문구 경희대로4길,26,,1123010800100080004010183,,서울특별시 동대문구 경희대로4길 26,130872,02453,,,,127.053851663154,37.5921407884156
MA0106202512A1584917,온정손칼국수,,I2,음식,I201,한식,I20105,국수/칼국수,I56111,한식 일반 음식점업,11,서울특별시,11230,동대문구,11230710,회기동,1123010800,회기동,1123010800100600083,1,대지,60,83,서울특별시 동대문구 회기동 60-83,112304115019,서울특별시 동대문구 경희대로1길,30,,1123010800100600083010646,,서울특별시 동대문구 경희대로1길 30,130872,02454,,,,127.050613195876,37.5919620231256
MA0106202510A0455929,몰리에프앤비,,G2,소매,G221,기타 상품 소매,G22199,그 외 기타 상품 전문 소매업,G47859,그 외 기타 분류 안된 상품 전문 소매업,11,서울특별시,11230,동대문구,11230710,회기동,1123010800,회기동,1123010800100010005,1,대지,1,5,서울특별시 동대문구 회기동 1-5,112303105002,서울특별시 동대문구 경희대로,26,,1123010800100010003041260,,서울특별시 동대문구 경희대로 26,130701,02447,,,,127.054883375636,37.593951306684
MA0106202510A0243451,리라운더,,I2,음식,I212,비알코올 ,I21201,카페,I56221,커피 전문점,11,서울특별시,11230,동대문구,11230710,회기동,1123010800,회기동,1123010800100010005,1,대지,1,5,서울특별시 동대문구 회기동 1-5,112303105002,서울특별시 동대문구 경희대로,26,,1123010800100010003041260,,서울특별시 동대문구 경희대로 26,130701,02447,,,,127.054883375636,37.593951306684
MA0106202511A0982400,고고훠궈닭,,I2,음식,I202,중식,I20202,마라탕/훠궈,I56121,중식 음식점업,11,서울특별시,11230,동대문구,11230710,회기동,1123010800,회기동,1123010800100160010,1,대지,16,10,서울특별시 동대문구 회기동 16-10,112304115695,서울특별시 동대문구 회기로21길,25,,1123010800100160010010493,,서울특별시 동대문구 회기로21길 25,130872,02453,,,,127.053149983878,37.59261863217
MA0106202511A2447249,오겹촌회기,,I2,음식,I201,한식,I20101,백반/한정식,I56111,한식 일반 음식점업,11,서울특별시,11230,동대문구,11230710,회기동,1123010800,회기동,1123010800100420078,1,대지,42,78,서울특별시 동대문구 회기동 42-78,112304115689,서울특별시 동대문구 회기로13길,23,,1123010800100420078010502,,서울특별시 동대문구 회기로13길 23,130872,02454,,,,127.050953311625,37.5925925711347
MA0106202510A0375305,에이치디에프앤비,,I2,음식,I201,한식,I20101,백반/한정식,I56111,한식 일반 음식점업,11,서울특별시,11230,동대문구,11230710,회기동,1123010800,회기동,1123010800100010005,1,대지,1,5,서울특별시 동대문구 회기동 1-5,112303105002,서울특별시 동대문구 경희대로,23,,1123010800100010005041218,,서울특별시 동대문구 경희대로 23,130701,02447,,,,127.050738976836,37.593772962698
MA0106202511A0372663,스페이스우라라경희대점,,G2,소매,G213,오락용품 소매,G21306,장난감 소매업,G47640,게임용구; 인형 및 장난감 소매업,11,서울특별시,11230,동대문구,11230710,회기동,1123010800,회기동,1123010800100450115,1,대지,45,115,서울특별시 동대문구 회기동 45-115,112304115697,서울특별시 동대문구 회기로23길,8,,1123010800100450115010757,,서울특별시 동대문구 회기로23길 8,130872,02452,,,,127.054122662048,37.591104523656
MA0106202510A2083436,제로스토어경희대점,,G2,소매,G204,종합 소매,G20404,슈퍼마켓,G47121,슈퍼마켓,11,서울특별시,11230,동대문구,11230710,회기동,1123010800,회기동,1123010800100450054,1,대지,45,54,서울특별시 동대문구 회기동 45-54,112303105020,서울특별시 동대문구 회기로,148,,1123010800100450054010288,,서울특별시 동대문구 회기로 148,130872,02459,,,,127.052718840768,37.5913844665499
MA0106202510A1292239,왕가토요닭경희대점,,I2,음식,I202,중식,I20201,중국집,I56121,중식 음식점업,11,서울특별시,11230,동대문구,11230710,회기동,1123010800,회기동,1123010800101050033,1,대지,105,33,서울특별시 동대문구 회기동 105-33,112303105020,서울특별시 동대문구 회기로,134,1,1123010800101050033011332,,서울특별시 동대문구 회기로 134-1,130873,02459,,,,127.051416622946,37.5912408822618
MA0106202511A1227146,17당구장,,R1,예술·스포츠,R103,스포츠 서비스,R10310,당구장,R91135,당구장 운영업,11,서울특별시,11230,동대문구,11230710,회기동,1123010800,회기동,1123010800101070016,1,대지,107,16,서울특별시 동대문구 회기동 107-16,112304115689,서울특별시 동대문구 회기로13길,18,,1123010800101070016011471,,서울특별시 동대문구 회기로13길 18,130873,02454,,,,127.051145579866,37.5922681308962
MA0106202510A0520983,마마오리,,I2,음식,I202,중식,I20201,중국집,I56121,중식 음식점업,11,서울특별시,11230,동대문구,11230710,회기동,1123010800,회기동,1123010800100160033,1,대지,16,33,서울특별시 동대문구 회기동 16-33,112304115022,서울특별시 동대문구 경희대로4길,6,,1123010800100160033010177,,서울특별시 동대문구 경희대로4길 6,130872,02453,,,,127.052855478653,37.5924655958003
MA0106202511A2453158,홍콩반점0410경희대점,,I2,음식,I202,중식,I20201,중국집,I56121,중식 음식점업,11,서울특별시,11230,동대문구,11230710,회기동,1123010800,회기동,1123010800100160046,1,대지,16,46,서울특별시 동대문구 회기동 16-46,112303105002,서울특별시 동대문구 경희대로,12,1,1123010800100160046010481,,서울특별시 동대문구 경희대로 12-1,130872,02453,,,,127.052719762334,37.592690904463
MA0106202601A2311022,나은이네,,I2,음식,I201,한식,I20101,백반/한정식,I56111,한식 일반 음식점업,11,서울특별시,11230,동대문구,11230710,회기동,1123010800,회기동,1123010800100160077,1,대지,16,77,서울특별시 동대문구 회기동 16-77,112304115694,서울특별시 동대문구 회기로21가길,22,,1123010800100160077011438,,서울특별시 동대문구 회기로21가길 22,130872,02453,,,,127.053851202218,37.5915010843223
MA0106202601A2263932,경희대박,,G2,소매,G221,기타 상품 소매,G22199,그 외 기타 상품 전문 소매업,G47859,그 외 기타 분류 안된 상품 전문 소매업,11,서울특별시,11230,동대문구,11230710,회기동,1123010800,회기동,1123010800100420021,1,대지,42,21,서울특별시 동대문구 회기동 42-21,112304115021,서울특별시 동대문구 경희대로3길,28,,1123010800100420021011489,,서울특별시 동대문구 경희대로3길 28,130872,02454,,,,127.050987557102,37.5929980026736
MA0106202601A2179656,경희맥주,,I2,음식,I211,주점,I21103,생맥주 전문,I56111,한식 일반 음식점업,11,서울특별시,11230,동대문구,11230710,회기동,1123010800,회기동,1123010800100600055,1,대지,60,55,서울특별시 동대문구 회기동 60-55,112304115019,서울특별시 동대문구 경희대로1길,15,,1123010800100600055010674,,서울특별시 동대문구 경희대로1길 15,130872,02454,,,,127.051247102964,37.5917094718451
MA0106202601A1041415,스모커스 전자담배24경희대점 경희캐치로또,,G2,소매,G221,기타 상품 소매,G22199,그 외 기타 상품 전문 소매업,G47859,그 외 기타 분류 안된 상품 전문 소매업,11,서울특별시,11230,동대문구,11230710,회기동,1123010800,회기동,1123010800100160095,1,대지,16,95,서울특별시 동대문구 회기동 16-95,112303105020,서울특별시 동대문구 회기로,145,,1123010800100160106010163,,서울특별시 동대문구 회기로 145,130872,02453,,,,127.052775651853,37.5916637486902
MA0106202509A1970673,빅문,,I2,음식,I204,서양식,I20401,경양식,I56123,서양식 음식점업,11,서울특별시,11230,동대문구,11230710,회기동,1123010800,회기동,1123010800100540062,1,대지,54,62,서울특별시 동대문구 회기동 54-62,112304115697,서울특별시 동대문구 회기로23길,61,,1123010800100540062010495,,서울특별시 동대문구 회기로23길 61,130872,02453,,,,127.055878823309,37.5926263817473
MA0106202508A1929120,1986시부야버거,,I2,음식,I210,기타 간이,I21004,버거,I56192,피자; 햄버거; 샌드위치 및 유사 음식점업,11,서울특별시,11230,동대문구,11230710,회기동,1123010800,회기동,1123010800101070013,1,대지,107,13,서울특별시 동대문구 회기동 107-13,112304115018,서울특별시 동대문구 경희대로1가길,5,,1123010800101070013010162,,서울특별시 동대문구 경희대로1가길 5,130873,02454,,,,127.051281355807,37.5921239132754
MA0106202508A2290526,크레용카페경희대점,,I2,음식,I201,한식,I20101,백반/한정식,I56111,한식 일반 음식점업,11,서울특별시,11230,동대문구,11230710,회기동,1123010800,회기동,1123010800100010005,1,대지,1,5,서울특별시 동대문구 회기동 1-5,112303105002,서울특별시 동대문구 경희대로,23,,1123010800100010005041218,,서울특별시 동대문구 경희대로 23,130701,02447,,,,127.050738976836,37.593772962698
MA0106202508A1102925,지지게임존,,G2,소매,G213,오락용품 소매,G21304,운동용품 소매업,G47631,운동 및 경기용품 소매업,11,서울특별시,11230,동대문구,11230710,회기동,1123010800,회기동,1123010800100600027,1,대지,60,27,서울특별시 동대문구 회기동 60-27,112303105020,서울특별시 동대문구 회기로,142,,1123010800100600027010767,,서울특별시 동대문구 회기로 142,130872,02459,,,,127.052367885381,37.5914567021431
MA0106202511A1336262,멘지경희대점,,I2,음식,I203,일식,I20301,일식 회/초밥,I56122,일식 음식점업,11,서울특별시,11230,동대문구,11230710,회기동,1123010800,회기동,1123010800100160052,1,대지,16,52,서울특별시 동대문구 회기동 16-52,112303105002,서울특별시 동대문구 경희대로,6,1,1123010800100160052010611,,서울특별시 동대문구 경희대로 6-1,130872,02453,,,,127.052606158464,37.5921593699355
MA0106202509A0524093,이로리야,,I2,음식,I203,일식,I20301,일식 회/초밥,I56122,일식 음식점업,11,서울특별시,11230,동대문구,11230710,회기동,1123010800,회기동,1123010800100600046,1,대지,60,46,서울특별시 동대문구 회기동 60-46,112304115019,서울특별시 동대문구 경희대로1길,7,,1123010800100600046010679,,서울특별시 동대문구 경희대로1길 7,130872,02454,,,,127.05169994721,37.5916101652418
MA0106202509A2215382,아이스크림스토리경희대점,,G2,소매,G221,기타 상품 소매,G22199,그 외 기타 상품 전문 소매업,G47859,그 외 기타 분류 안된 상품 전문 소매업,11,서울특별시,11230,동대문구,11230710,회기동,1123010800,회기동,1123010800100420054,1,대지,42,54,서울특별시 동대문구 회기동 42-54,112304115018,서울특별시 동대문구 경희대로1가길,18,,1123010800100420054010524,,서울특별시 동대문구 경희대로1가길 18,130872,02454,,,,127.051666645266,37.5925742412034
MA0106202509A1159634,네모,,R1,예술·스포츠,R102,도서관·사적지,R10202,독서실/스터디 카페,R90212,독서실 운영업,11,서울특별시,11230,동대문구,11230710,회기동,1123010800,회기동,1123010800100160070,1,대지,16,70,서울특별시 동대문구 회기동 16-70,112303105002,서울특별시 동대문구 경희대로,5,1,1123010800100160070010609,,서울특별시 동대문구 경희대로 5-1,130872,02454,,,,127.052187205311,37.5921505459962
MA0106202509A0606583,삼일만두,,I2,음식,I210,기타 간이,I21007,김밥/만두/분식,I56121,중식 음식점업,11,서울특별시,11230,동대문구,11230710,회기동,1123010800,회기동,1123010800100420007,1,대지,42,7,서울특별시 동대문구 회기동 42-7,112304115018,서울특별시 동대문구 경희대로1가길,34,,1123010800100420007010400,,서울특별시 동대문구 경희대로1가길 34,130872,02454,,,,127.05189339833,37.5929976078915
MA0106202509A2168083,등촌칼국수,,I2,음식,I201,한식,I20105,국수/칼국수,I56111,한식 일반 음식점업,11,서울특별시,11230,동대문구,11230710,회기동,1123010800,회기동,1123010800100290002,1,대지,29,2,서울특별시 동대문구 회기동 29-2,112304115695,서울특별시 동대문구 회기로21길,38,,1123010800100290002010382,,서울특별시 동대문구 회기로21길 38,130872,02453,,,,127.052946413201,37.5929611005585
MA0106202511A1630370,오토김밥회기점,,I2,음식,I210,기타 간이,I21007,김밥/만두/분식,I56111,한식 일반 음식점업,11,서울특별시,11230,동대문구,11230710,회기동,1123010800,회기동,1123010800103460015,1,대지,346,15,서울특별시 동대문구 회기동 346-15,112304115022,서울특별시 동대문구 경희대로4길,74,,1123010800103460015010759,,서울특별시 동대문구 경희대로4길 74,130881,02452,,,,127.056364602906,37.5911575338814
MA0106202511A1642283,하루이,,R1,예술·스포츠,R103,스포츠 서비스,R10310,당구장,R91135,당구장 운영업,11,서울특별시,11230,동대문구,11230710,회기동,1123010800,회기동,1123010800100330001,1,대지,33,1,서울특별시 동대문구 회기동 33-1,112304115695,서울특별시 동대문구 회기로21길,44,,1123010800100300000010318,,서울특별시 동대문구 회기로21길 44,130872,02453,,,,127.052969244414,37.5932223779326
MA0106202510A1332406,브레댄코경희의료원점,,I2,음식,I210,기타 간이,I21001,빵/도넛,I56191,제과점업,11,서울특별시,11230,동대문구,11230710,회기동,1123010800,회기동,1123010800100010005,1,대지,1,5,서울특별시 동대문구 회기동 1-5,112303105002,서울특별시 동대문구 경희대로,23,,1123010800100010005041218,,서울특별시 동대문구 경희대로 23,130701,02447,,,,127.050738976836,37.593772962698
MA0106202509A2003458,서울글로벌마트,,G2,소매,G221,기타 상품 소매,G22199,그 외 기타 상품 전문 소매업,G47859,그 외 기타 분류 안된 상품 전문 소매업,11,서울특별시,11230,동대문구,11230710,회기동,1123010800,회기동,1123010800100600133,1,대지,60,133,서울특별시 동대문구 회기동 60-133,112304115686,서울특별시 동대문구 회기로12길,7,,1123010800100600133010824,,서울특별시 동대문구 회기로12길 7,130872,02459,,,,127.049831335912,37.5910883935257
MA0106202511A1113671,라피네일,,S2,수리·개인,S207,이용·미용,S20701,미용실,S96111,이용업,11,서울특별시,11230,동대문구,11230710,회기동,1123010800,회기동,1123010800101050009,1,대지,105,9,서울특별시 동대문구 회기동 105-9,112303105020,서울특별시 동대문구 회기로,130,,1123010800101050009010710,,서울특별시 동대문구 회기로 130,130873,02459,,,,127.050952414798,37.5912771232452
MA0106202602A2150434,닭치고 한잔해,,I2,음식,I201,한식,I20101,백반/한정식,I56111,한식 일반 음식점업,11,서울특별시,11230,동대문구,11230710,회기동,1123010800,회기동,1123010800100420035,1,대지,42,35,서울특별시 동대문구 회기동 42-35,112304115019,서울특별시 동대문구 경희대로1길,8,12,1123010800100420035010608,,서울특별시 동대문구 경희대로1길 8-12,130872,02454,,,,127.051994728771,37.5921686507797
MA0106202602A0599050,과일향기,,G2,소매,G205,식료품 소매,G20502,가축 사료 소매업,G47211,곡물; 곡분 및 가축 사료 소매업,11,서울특별시,11230,동대문구,11230710,회기동,1123010800,회기동,1123010800100450111,1,대지,45,111,서울특별시 동대문구 회기동 45-111,112303105020,서울특별시 동대문구 회기로,146,,1123010800100450111010772,,서울특별시 동대문구 회기로 146,130872,02459,,,,127.05251506255,37.5914296069922
MA0106202602A0502126,디디카페,,I2,음식,I201,한식,I20101,백반/한정식,I56111,한식 일반 음식점업,11,서울특별시,11230,동대문구,11230710,회기동,1123010800,회기동,1123010800100070001,1,대지,7,1,서울특별시 동대문구 회기동 7-1,112304115694,서울특별시 동대문구 회기로21가길,10,,1123010800100070001010635,,서울특별시 동대문구 회기로21가길 10,130872,02453,,,,127.053613766225,37.5919787181652
MA0106202602A2046650,헤비베어(Heavy Bear),,I2,음식,I210,기타 간이,I21001,빵/도넛,I56191,제과점업,11,서울특별시,11230,동대문구,11230710,회기동,1123010800,회기동,1123010800100030075,1,대지,3,75,서울특별시 동대문구 회기동 3-75,112304115023,서울특별시 동대문구 경희대로6길,11,1,1123010800100030075010353,,서울특별시 동대문구 경희대로6길 11-1,130872,02453,,,,127.053354273109,37.593285273938
MA0106202602A1719680,온복국수 경희대점,,I2,음식,I201,한식,I20105,국수/칼국수,I56111,한식 일반 음식점업,11,서울특별시,11230,동대문구,11230710,회기동,1123010800,회기동,1123010800100420058,1,대지,42,58,서울특별시 동대문구 회기동 42-58,112304115018,서울특별시 동대문구 경희대로1가길,10,,1123010800100420058010596,,서울특별시 동대문구 경희대로1가길 10,130872,02454,,,,127.051587154496,37.5922409089709
MA0106202602A1979481,우지커피 경희대점,,I2,음식,I212,비알코올 ,I21201,카페,I56221,커피 전문점,11,서울특별시,11230,동대문구,11230710,회기동,1123010800,회기동,1123010800100420084,1,대지,42,84,서울특별시 동대문구 회기동 42-84,112303105002,서울특별시 동대문구 경희대로,9,1,1123010800100420002010529,,서울특별시 동대문구 경희대로 9-1,130872,02454,,,,127.052232786522,37.5925649821084
MA0106202601A1031473,루헤 아지트,,I2,음식,I201,한식,I20101,백반/한정식,I56111,한식 일반 음식점업,11,서울특별시,11230,동대문구,11230710,회기동,1123010800,회기동,1123010800100130001,1,대지,13,1,서울특별시 동대문구 회기동 13-1,112304115022,서울특별시 동대문구 경희대로4길,18,,1123010800100130001010504,,서울특별시 동대문구 경희대로4길 18,130872,02453,,,,127.053500763364,37.5922941166155
